Id,MSSubClass,MSZoning,LotFrontage,LotArea,Street,Alley,LotShape,LandContour,Utilities,LotConfig,LandSlope,Neighborhood,Condition1,Condition2,BldgType,HouseStyle,OverallQual,OverallCond,YearBuilt,YearRemodAdd,RoofStyle,RoofMatl,Exterior1st,Exterior2nd,MasVnrType,MasVnrArea,ExterQual,ExterCond,Foundation,BsmtQual,BsmtCond,BsmtExposure,BsmtFinType1,BsmtFinSF1,BsmtFinType2,BsmtFinSF2,BsmtUnfSF,TotalBsmtSF,Heating,HeatingQC,CentralAir,Electrical,1stFlrSF,2ndFlrSF,LowQualFinSF,GrLivArea,BsmtFullBath,BsmtHalfBath,FullBath,HalfBath,BedroomAbvGr,KitchenAbvGr,KitchenQual,TotRmsAbvGrd,Functional,Fireplaces,FireplaceQu,GarageType,GarageYrBlt,GarageFinish,GarageCars,GarageArea,GarageQual,GarageCond,PavedDrive,WoodDeckSF,OpenPorchSF,EnclosedPorch,3SsnPorch,ScreenPorch,PoolArea,PoolQC,Fence,MiscFeature,MiscVal,MoSold,YrSold,SaleType,SaleCondition,SalePrice,SalePrice_scaled,SalePrice_binned,SalePrice_category
1.0,60.0,RL,65.0,8450.0,Pave,Grvl,Reg,Lvl,AllPub,Inside,Gtl,CollgCr,Norm,Norm,1Fam,2Story,7.0,5.0,2003.0,2003.0,Gable,CompShg,VinylSd,VinylSd,BrkFace,196.0,Gd,TA,PConc,Gd,TA,No,GLQ,706.0,Unf,0.0,150.0,856.0,GasA,Ex,Y,SBrkr,856.0,854.0,0.0,1710.0,1.0,0.0,2.0,1.0,3.0,1.0,Gd,8.0,Typ,0.0,Gd,Attchd,2003.0,RFn,2.0,548.0,TA,TA,Y,0.0,61.0,0.0,0.0,0.0,0.0,Gd,MnPrv,Shed,0.0,2.0,2008.0,WD,Normal,208500.0,0.522772755201427,3.0,高
2.0,20.0,RL,80.0,9600.0,Pave,Grvl,Reg,Lvl,AllPub,FR2,Gtl,Veenker,Feedr,Norm,1Fam,1Story,6.0,8.0,1976.0,1976.0,Gable,CompShg,MetalSd,MetalSd,BrkFace,0.0,TA,TA,CBlock,Gd,TA,Gd,ALQ,978.0,Unf,0.0,284.0,1262.0,GasA,Ex,Y,SBrkr,1262.0,0.0,0.0,1262.0,0.0,1.0,2.0,0.0,3.0,1.0,TA,6.0,Typ,1.0,TA,Attchd,1976.0,RFn,2.0,460.0,TA,TA,Y,298.0,0.0,0.0,0.0,0.0,0.0,Gd,MnPrv,Shed,0.0,5.0,2007.0,WD,Normal,181500.0,0.10951676791051079,3.0,高
3.0,60.0,RL,68.0,11250.0,Pave,Grvl,IR1,Lvl,AllPub,Inside,Gtl,CollgCr,Norm,Norm,1Fam,2Story,7.0,5.0,2001.0,2002.0,Gable,CompShg,VinylSd,VinylSd,BrkFace,162.0,Gd,TA,PConc,Gd,TA,Mn,GLQ,486.0,Unf,0.0,434.0,920.0,GasA,Ex,Y,SBrkr,920.0,866.0,0.0,1786.0,1.0,0.0,2.0,1.0,3.0,1.0,Gd,6.0,Typ,1.0,TA,Attchd,2001.0,RFn,2.0,608.0,TA,TA,Y,0.0,42.0,0.0,0.0,0.0,0.0,Gd,MnPrv,Shed,0.0,9.0,2008.0,WD,Normal,223500.0,0.7523594148074915,4.0,极高
4.0,70.0,RL,60.0,9550.0,Pave,Grvl,IR1,Lvl,AllPub,Corner,Gtl,Crawfor,Norm,Norm,1Fam,2Story,7.0,5.0,1915.0,1970.0,Gable,CompShg,Wd Sdng,Wd Shng,BrkFace,0.0,TA,TA,BrkTil,TA,Gd,No,ALQ,216.0,Unf,0.0,540.0,756.0,GasA,Gd,Y,SBrkr,961.0,756.0,0.0,1717.0,1.0,0.0,1.0,0.0,3.0,1.0,Gd,7.0,Typ,1.0,Gd,Detchd,1998.0,Unf,3.0,642.0,TA,TA,Y,0.0,35.0,272.0,0.0,0.0,0.0,Gd,MnPrv,Shed,0.0,2.0,2006.0,WD,Abnorml,140000.0,-0.5256729903329344,1.0,低
5.0,60.0,RL,84.0,14260.0,Pave,Grvl,IR1,Lvl,AllPub,FR2,Gtl,NoRidge,Norm,Norm,1Fam,2Story,8.0,5.0,2000.0,2000.0,Gable,CompShg,VinylSd,VinylSd,BrkFace,350.0,Gd,TA,PConc,Gd,TA,Av,GLQ,655.0,Unf,0.0,490.0,1145.0,GasA,Ex,Y,SBrkr,1145.0,1053.0,0.0,2198.0,1.0,0.0,2.0,1.0,4.0,1.0,Gd,9.0,Typ,1.0,TA,Attchd,2000.0,RFn,3.0,836.0,TA,TA,Y,192.0,84.0,0.0,0.0,0.0,0.0,Gd,MnPrv,Shed,0.0,12.0,2008.0,WD,Normal,250000.0,1.157962513444872,4.0,极高
6.0,50.0,RL,85.0,14115.0,Pave,Grvl,IR1,Lvl,AllPub,Inside,Gtl,Mitchel,Norm,Norm,1Fam,1.5Fin,5.0,5.0,1993.0,1995.0,Gable,CompShg,VinylSd,VinylSd,BrkFace,0.0,TA,TA,Wood,Gd,TA,No,GLQ,732.0,Unf,0.0,64.0,796.0,GasA,Ex,Y,SBrkr,796.0,566.0,0.0,1362.0,1.0,0.0,1.0,1.0,1.0,1.0,TA,5.0,Typ,0.0,Gd,Attchd,1993.0,Unf,2.0,480.0,TA,TA,Y,40.0,30.0,0.0,320.0,0.0,0.0,Gd,MnPrv,Shed,700.0,10.0,2009.0,WD,Normal,143000.0,-0.47975565841172146,1.0,低
7.0,20.0,RL,75.0,10084.0,Pave,Grvl,Reg,Lvl,AllPub,Inside,Gtl,Somerst,Norm,Norm,1Fam,1Story,8.0,5.0,2004.0,2005.0,Gable,CompShg,VinylSd,VinylSd,Stone,186.0,Gd,TA,PConc,Ex,TA,Av,GLQ,1369.0,Unf,0.0,317.0,1686.0,GasA,Ex,Y,SBrkr,1694.0,0.0,0.0,1694.0,1.0,0.0,2.0,0.0,3.0,1.0,Gd,7.0,Typ,1.0,Gd,Attchd,2004.0,RFn,2.0,636.0,TA,TA,Y,255.0,57.0,0.0,0.0,0.0,0.0,Gd,MnPrv,Shed,0.0,8.0,2007.0,WD,Normal,307000.0,2.0303918199479174,4.0,极高
8.0,60.0,RL,75.6,10382.0,Pave,Grvl,IR1,Lvl,AllPub,Corner,Gtl,NWAmes,PosN,Norm,1Fam,2Story,7.0,6.0,1973.0,1973.0,Gable,CompShg,HdBoard,HdBoard,Stone,240.0,TA,TA,CBlock,Gd,TA,Mn,ALQ,859.0,BLQ,32.0,216.0,1107.0,GasA,Ex,Y,SBrkr,1107.0,983.0,0.0,2090.0,1.0,0.0,2.0,1.0,3.0,1.0,TA,7.0,Typ,2.0,TA,Attchd,1973.0,RFn,2.0,484.0,TA,TA,Y,235.0,204.0,228.0,0.0,0.0,0.0,Gd,MnPrv,Shed,350.0,11.0,2009.0,WD,Normal,200000.0,0.3926736480913237,3.0,高
9.0,50.0,RM,51.0,6120.0,Pave,Grvl,Reg,Lvl,AllPub,Inside,Gtl,OldTown,Artery,Norm,1Fam,1.5Fin,7.0,5.0,1931.0,1950.0,Gable,CompShg,BrkFace,Wd Shng,BrkFace,0.0,TA,TA,BrkTil,TA,TA,No,Unf,0.0,Unf,0.0,952.0,952.0,GasA,Gd,Y,FuseF,1022.0,752.0,0.0,1774.0,0.0,0.0,2.0,0.0,2.0,2.0,TA,8.0,Min1,2.0,TA,Detchd,1931.0,Unf,2.0,468.0,Fa,TA,Y,90.0,0.0,205.0,0.0,0.0,0.0,Gd,MnPrv,Shed,0.0,4.0,2008.0,WD,Abnorml,129900.0,-0.6802613411343511,1.0,低
730.5,50.0,RL,70.0,9478.5,Pave,Grvl,Reg,Lvl,AllPub,Corner,Gtl,BrkSide,Artery,Artery,2fmCon,1.5Unf,6.0,5.0,1973.0,1994.0,Gable,CompShg,MetalSd,MetalSd,BrkFace,0.0,TA,TA,BrkTil,TA,TA,No,GLQ,383.5,Unf,0.0,477.5,991.5,GasA,Ex,Y,SBrkr,1087.0,0.0,0.0,1464.0,0.0,0.0,2.0,0.0,3.0,1.0,TA,6.0,Typ,1.0,TA,Attchd,1978.0,RFn,2.0,480.0,Gd,TA,Y,0.0,25.0,0.0,0.0,0.0,0.0,Gd,MnPrv,Shed,0.0,6.0,2008.0,WD,Normal,163000.0,-0.1736401122703021,2.0,中
11.0,20.0,RL,70.0,11200.0,Pave,Grvl,Reg,Lvl,AllPub,Inside,Gtl,Sawyer,Norm,Norm,1Fam,1Story,5.0,5.0,1965.0,1965.0,Hip,CompShg,HdBoard,HdBoard,BrkFace,0.0,TA,TA,CBlock,TA,TA,No,Rec,906.0,Unf,0.0,134.0,1040.0,GasA,Ex,Y,SBrkr,1040.0,0.0,0.0,1040.0,1.0,0.0,1.0,0.0,3.0,1.0,TA,5.0,Typ,0.0,Gd,Detchd,1965.0,Unf,1.0,384.0,TA,TA,Y,0.0,0.0,0.0,0.0,0.0,0.0,Gd,MnPrv,Shed,0.0,2.0,2008.0,WD,Normal,129500.0,-0.6863836520571795,1.0,低
12.0,60.0,RL,85.0,11924.0,Pave,Grvl,IR1,Lvl,AllPub,Inside,Gtl,NridgHt,Norm,Norm,1Fam,2Story,9.0,5.0,2005.0,2006.0,Hip,CompShg,WdShing,Wd Shng,Stone,286.0,Ex,TA,PConc,Ex,TA,No,GLQ,998.0,Unf,0.0,177.0,1175.0,GasA,Ex,Y,SBrkr,1182.0,1142.0,0.0,2324.0,1.0,0.0,3.0,0.0,4.0,1.0,Ex,11.0,Typ,2.0,Gd,BuiltIn,2005.0,Fin,3.0,736.0,TA,TA,Y,147.0,21.0,0.0,0.0,0.0,0.0,Gd,MnPrv,Shed,0.0,7.0,2006.0,New,Partial,345000.0,2.612011357616614,4.0,极高
13.0,20.0,RL,76.6,12968.0,Pave,Grvl,IR2,Lvl,AllPub,Inside,Gtl,Sawyer,Norm,Norm,1Fam,1Story,5.0,6.0,1962.0,1962.0,Hip,CompShg,HdBoard,Plywood,BrkFace,0.0,TA,TA,CBlock,TA,TA,No,ALQ,737.0,Unf,0.0,175.0,912.0,GasA,TA,Y,SBrkr,912.0,0.0,0.0,912.0,1.0,0.0,1.0,0.0,2.0,1.0,TA,4.0,Typ,0.0,Gd,Detchd,1962.0,Unf,1.0,352.0,TA,TA,Y,140.0,0.0,0.0,0.0,176.0,0.0,Gd,MnPrv,Shed,0.0,9.0,2008.0,WD,Normal,144000.0,-0.46444988110465046,1.0,低
14.0,20.0,RL,91.0,10652.0,Pave,Grvl,IR1,Lvl,AllPub,Inside,Gtl,CollgCr,Norm,Norm,1Fam,1Story,7.0,5.0,2006.0,2007.0,Gable,CompShg,VinylSd,VinylSd,Stone,306.0,Gd,TA,PConc,Gd,TA,Av,Unf,0.0,Unf,0.0,1494.0,1494.0,GasA,Ex,Y,SBrkr,1494.0,0.0,0.0,1494.0,0.0,0.0,2.0,0.0,3.0,1.0,Gd,7.0,Typ,1.0,Gd,Attchd,2006.0,RFn,3.0,840.0,TA,TA,Y,160.0,33.0,0.0,0.0,0.0,0.0,Gd,MnPrv,Shed,0.0,8.0,2007.0,New,Partial,279500.0,1.6094829440034657,4.0,极高
15.0,20.0,RL,75.2,10920.0,Pave,Grvl,IR1,Lvl,AllPub,Corner,Gtl,NAmes,Norm,Norm,1Fam,1Story,6.0,5.0,1960.0,1960.0,Hip,CompShg,MetalSd,MetalSd,BrkFace,212.0,TA,TA,CBlock,TA,TA,No,BLQ,733.0,Unf,0.0,520.0,1253.0,GasA,TA,Y,SBrkr,1253.0,0.0,0.0,1253.0,1.0,0.0,1.0,1.0,2.0,1.0,TA,5.0,Typ,1.0,Fa,Attchd,1960.0,RFn,1.0,352.0,TA,TA,Y,0.0,213.0,176.0,0.0,0.0,0.0,Gd,GdWo,Shed,0.0,5.0,2008.0,WD,Normal,157000.0,-0.2654747761127279,2.0,中
16.0,45.0,RM,51.0,6120.0,Pave,Grvl,Reg,Lvl,AllPub,Corner,Gtl,BrkSide,Norm,Norm,1Fam,1.5Unf,7.0,8.0,1929.0,2001.0,Gable,CompShg,Wd Sdng,Wd Sdng,BrkFace,0.0,TA,TA,BrkTil,TA,TA,No,Unf,0.0,Unf,0.0,832.0,832.0,GasA,Ex,Y,FuseA,854.0,0.0,0.0,854.0,0.0,0.0,1.0,0.0,2.0,1.0,TA,5.0,Typ,0.0,Gd,Detchd,1991.0,Unf,2.0,576.0,TA,TA,Y,48.0,112.0,0.0,0.0,0.0,0.0,Gd,GdPrv,Shed,0.0,7.0,2007.0,WD,Normal,132000.0,-0.6481192087895021,1.0,低
17.0,20.0,RL,90.2,11241.0,Pave,Grvl,IR1,Lvl,AllPub,CulDSac,Gtl,NAmes,Norm,Norm,1Fam,1Story,6.0,7.0,1970.0,1970.0,Gable,CompShg,Wd Sdng,Wd Sdng,BrkFace,180.0,TA,TA,CBlock,TA,TA,No,ALQ,578.0,Unf,0.0,426.0,1004.0,GasA,Ex,Y,SBrkr,1004.0,0.0,0.0,1004.0,1.0,0.0,1.0,0.0,2.0,1.0,TA,5.0,Typ,1.0,TA,Attchd,1970.0,Fin,2.0,480.0,TA,TA,Y,0.0,0.0,0.0,0.0,0.0,0.0,Gd,MnPrv,Shed,700.0,3.0,2010.0,WD,Normal,149000.0,-0.38792099456929563,1.0,低
18.0,90.0,RL,72.0,10791.0,Pave,Grvl,Reg,Lvl,AllPub,Inside,Gtl,Sawyer,Norm,Norm,Duplex,1Story,4.0,5.0,1967.0,1967.0,Gable,CompShg,MetalSd,MetalSd,BrkFace,0.0,TA,TA,Slab,TA,TA,No,Unf,0.0,Unf,0.0,0.0,0.0,GasA,TA,Y,SBrkr,1296.0,0.0,0.0,1296.0,0.0,0.0,2.0,0.0,2.0,2.0,TA,6.0,Typ,0.0,Gd,CarPort,1967.0,Unf,2.0,516.0,TA,TA,Y,0.0,0.0,0.0,0.0,0.0,0.0,Gd,MnPrv,Shed,500.0,10.0,2006.0,WD,Normal,90000.0,-1.2909618556864828,0.0,极低
19.0,20.0,RL,66.0,13695.0,Pave,Grvl,Reg,Lvl,AllPub,Inside,Gtl,SawyerW,RRAe,Norm,1Fam,1Story,5.0,5.0,2004.0,2004.0,Gable,CompShg,VinylSd,VinylSd,BrkFace,0.0,TA,TA,PConc,TA,TA,No,GLQ,646.0,Unf,0.0,468.0,1114.0,GasA,Ex,Y,SBrkr,1114.0,0.0,0.0,1114.0,1.0,0.0,1.0,1.0,3.0,1.0,Gd,6.0,Typ,0.0,Gd,Detchd,2004.0,Unf,2.0,576.0,TA,TA,Y,0.0,102.0,0.0,0.0,0.0,0.0,Gd,MnPrv,Shed,0.0,6.0,2008.0,WD,Normal,159000.0,-0.23486322149858596,2.0,中
20.0,20.0,RL,70.0,7560.0,Pave,Grvl,Reg,Lvl,AllPub,Inside,Gtl,NAmes,Norm,Norm,1Fam,1Story,5.0,6.0,1958.0,1965.0,Hip,CompShg,BrkFace,Plywood,BrkFace,0.0,TA,TA,CBlock,TA,TA,No,LwQ,504.0,Unf,0.0,525.0,1029.0,GasA,TA,Y,SBrkr,1339.0,0.0,0.0,1339.0,0.0,0.0,1.0,0.0,3.0,1.0,TA,6.0,Min1,0.0,Gd,Attchd,1958.0,Unf,1.0,294.0,TA,TA,Y,0.0,0.0,0.0,0.0,0.0,0.0,Gd,MnPrv,Shed,0.0,5.0,2009.0,COD,Abnorml,139000.0,-0.5409787676400053,1.0,低
21.0,60.0,RL,101.0,14215.0,Pave,Grvl,IR1,Lvl,AllPub,Corner,Gtl,NridgHt,Norm,Norm,1Fam,2Story,8.0,5.0,2005.0,2006.0,Gable,CompShg,VinylSd,VinylSd,BrkFace,380.0,Gd,TA,PConc,Ex,TA,Av,Unf,0.0,Unf,0.0,1158.0,1158.0,GasA,Ex,Y,SBrkr,1158.0,1218.0,0.0,2376.0,0.0,0.0,3.0,1.0,4.0,1.0,Gd,9.0,Typ,1.0,Gd,BuiltIn,2005.0,RFn,3.0,853.0,TA,TA,Y,240.0,154.0,0.0,0.0,0.0,0.0,Gd,MnPrv,Shed,0.0,11.0,2006.0,New,Partial,325300.0,2.310487544667316,4.0,极高
22.0,45.0,RM,57.0,7449.0,Pave,Grvl,Reg,Bnk,AllPub,Inside,Gtl,IDOTRR,Norm,Norm,1Fam,1.5Unf,7.0,7.0,1930.0,1950.0,Gable,CompShg,Wd Sdng,Wd Sdng,BrkFace,0.0,TA,TA,PConc,TA,TA,No,Unf,0.0,Unf,0.0,637.0,637.0,GasA,Ex,Y,FuseF,1108.0,0.0,0.0,1108.0,0.0,0.0,1.0,0.0,3.0,1.0,Gd,6.0,Typ,1.0,Gd,Attchd,1930.0,Unf,1.0,280.0,TA,TA,N,0.0,0.0,205.0,0.0,0.0,0.0,Gd,GdPrv,Shed,0.0,6.0,2007.0,WD,Normal,139400.0,-0.534856456717177,1.0,低
23.0,20.0,RL,75.0,9742.0,Pave,Grvl,Reg,Lvl,AllPub,Inside,Gtl,CollgCr,Norm,Norm,1Fam,1Story,8.0,5.0,2002.0,2002.0,Hip,CompShg,VinylSd,VinylSd,BrkFace,281.0,Gd,TA,PConc,Gd,TA,No,Unf,0.0,Unf,0.0,1777.0,1777.0,GasA,Ex,Y,SBrkr,1795.0,0.0,0.0,1795.0,0.0,0.0,2.0,0.0,3.0,1.0,Gd,7.0,Typ,1.0,Gd,Attchd,2002.0,RFn,2.0,534.0,TA,TA,Y,171.0,159.0,0.0,0.0,0.0,0.0,Gd,MnPrv,Shed,0.0,9.0,2008.0,WD,Normal,230000.0,0.8518469673034527,4.0,极高
24.0,120.0,RM,44.0,4224.0,Pave,Grvl,Reg,Lvl,AllPub,Inside,Gtl,MeadowV,Norm,Norm,TwnhsE,1Story,5.0,7.0,1976.0,1976.0,Gable,CompShg,CemntBd,CmentBd,BrkFace,0.0,TA,TA,PConc,Gd,TA,No,GLQ,840.0,Unf,0.0,200.0,1040.0,GasA,TA,Y,SBrkr,1060.0,0.0,0.0,1060.0,1.0,0.0,1.0,0.0,3.0,1.0,TA,6.0,Typ,1.0,TA,Attchd,1976.0,Unf,2.0,572.0,TA,TA,Y,100.0,110.0,0.0,0.0,0.0,0.0,Gd,MnPrv,Shed,0.0,6.0,2007.0,WD,Normal,129900.0,-0.6802613411343511,1.0,低
25.0,20.0,RL,66.0,8246.0,Pave,Grvl,IR1,Lvl,AllPub,Inside,Gtl,Sawyer,Norm,Norm,1Fam,1Story,5.0,8.0,1968.0,2001.0,Gable,CompShg,Plywood,Plywood,BrkFace,0.0,TA,Gd,CBlock,TA,TA,Mn,Rec,188.0,ALQ,668.0,204.0,1060.0,GasA,Ex,Y,SBrkr,1060.0,0.0,0.0,1060.0,1.0,0.0,1.0,0.0,3.0,1.0,Gd,6.0,Typ,1.0,TA,Attchd,1968.0,Unf,1.0,270.0,TA,TA,Y,406.0,90.0,0.0,0.0,0.0,0.0,Gd,MnPrv,Shed,0.0,5.0,2010.0,WD,Normal,154000.0,-0.3113921080339408,2.0,中
26.0,20.0,RL,110.0,14230.0,Pave,Grvl,Reg,Lvl,AllPub,Corner,Gtl,NridgHt,Norm,Norm,1Fam,1Story,8.0,5.0,2007.0,2007.0,Gable,CompShg,VinylSd,VinylSd,Stone,640.0,Gd,TA,PConc,Gd,TA,No,Unf,0.0,Unf,0.0,1566.0,1566.0,GasA,Ex,Y,SBrkr,1600.0,0.0,0.0,1600.0,0.0,0.0,2.0,0.0,3.0,1.0,Gd,7.0,Typ,1.0,Gd,Attchd,2007.0,RFn,3.0,890.0,TA,TA,Y,0.0,56.0,0.0,0.0,0.0,0.0,Gd,MnPrv,Shed,0.0,7.0,2009.0,WD,Normal,256300.0,1.2543889104794193,4.0,极高
27.0,20.0,RL,60.0,7200.0,Pave,Grvl,Reg,Lvl,AllPub,Corner,Gtl,NAmes,Norm,Norm,1Fam,1Story,5.0,7.0,1951.0,2000.0,Gable,CompShg,Wd Sdng,Wd Sdng,BrkFace,0.0,TA,TA,CBlock,TA,TA,Mn,BLQ,234.0,Rec,486.0,180.0,900.0,GasA,TA,Y,SBrkr,900.0,0.0,0.0,900.0,0.0,1.0,1.0,0.0,3.0,1.0,Gd,5.0,Typ,0.0,Gd,Detchd,2005.0,Unf,2.0,576.0,TA,TA,Y,222.0,32.0,0.0,0.0,0.0,0.0,Gd,MnPrv,Shed,0.0,5.0,2010.0,WD,Normal,134800.0,-0.6052630323297034,1.0,低
28.0,20.0,RL,98.0,11478.0,Pave,Grvl,Reg,Lvl,AllPub,Inside,Gtl,NridgHt,Norm,Norm,1Fam,1Story,8.0,5.0,2007.0,2008.0,Gable,CompShg,VinylSd,VinylSd,Stone,200.0,Gd,TA,PConc,Ex,TA,No,GLQ,1218.0,Unf,0.0,486.0,1704.0,GasA,Ex,Y,SBrkr,1704.0,0.0,0.0,1704.0,1.0,0.0,2.0,0.0,3.0,1.0,Gd,7.0,Typ,1.0,Gd,Attchd,2008.0,RFn,3.0,772.0,TA,TA,Y,0.0,50.0,0.0,0.0,0.0,0.0,Gd,MnPrv,Shed,0.0,5.0,2010.0,WD,Normal,306000.0,2.015086042640846,4.0,极高
29.0,20.0,RL,47.0,16321.0,Pave,Grvl,IR1,Lvl,AllPub,CulDSac,Gtl,NAmes,Norm,Norm,1Fam,1Story,5.0,6.0,1957.0,1997.0,Gable,CompShg,MetalSd,MetalSd,BrkFace,0.0,TA,TA,CBlock,TA,TA,Gd,BLQ,1277.0,Unf,0.0,207.0,1484.0,GasA,TA,Y,SBrkr,1600.0,0.0,0.0,1600.0,1.0,0.0,1.0,0.0,2.0,1.0,TA,6.0,Typ,2.0,Gd,Attchd,1957.0,RFn,1.0,319.0,TA,TA,Y,288.0,258.0,0.0,0.0,0.0,0.0,Gd,MnPrv,Shed,0.0,12.0,2006.0,WD,Normal,207500.0,0.5074669778943559,3.0,高
30.0,30.0,RM,60.0,6324.0,Pave,Grvl,IR1,Lvl,AllPub,Inside,Gtl,BrkSide,Feedr,RRNn,1Fam,1Story,4.0,6.0,1927.0,1950.0,Gable,CompShg,MetalSd,MetalSd,BrkFace,0.0,TA,TA,BrkTil,TA,TA,No,Unf,0.0,Unf,0.0,520.0,520.0,GasA,Fa,N,SBrkr,520.0,0.0,0.0,520.0,0.0,0.0,1.0,0.0,1.0,1.0,Fa,4.0,Typ,0.0,Gd,Detchd,1920.0,Unf,1.0,240.0,Fa,TA,Y,49.0,0.0,87.0,0.0,0.0,0.0,Gd,MnPrv,Shed,0.0,5.0,2008.0,WD,Normal,68500.0,-1.6200360677885086,0.0,极低
31.0,70.0,C (all),50.0,8500.0,Pave,Pave,Reg,Lvl,AllPub,Inside,Gtl,IDOTRR,Feedr,Norm,1Fam,2Story,4.0,4.0,1920.0,1950.0,Gambrel,CompShg,BrkFace,BrkFace,BrkFace,0.0,TA,Fa,BrkTil,TA,TA,No,Unf,0.0,Unf,0.0,649.0,649.0,GasA,TA,N,SBrkr,649.0,668.0,0.0,1317.0,0.0,0.0,1.0,0.0,3.0,1.0,TA,6.0,Typ,0.0,Gd,Detchd,1920.0,Unf,1.0,250.0,TA,Fa,N,0.0,54.0,172.0,0.0,0.0,0.0,Gd,MnPrv,Shed,0.0,7.0,2008.0,WD,Normal,40000.0,-2.056250721040031,0.0,极低
32.0,20.0,RL,67.6,8544.0,Pave,Grvl,IR1,Lvl,AllPub,CulDSac,Gtl,Sawyer,Norm,Norm,1Fam,1Story,5.0,6.0,1966.0,2006.0,Gable,CompShg,HdBoard,HdBoard,BrkFace,0.0,TA,TA,CBlock,TA,TA,No,Unf,0.0,Unf,0.0,1228.0,1228.0,GasA,Gd,Y,SBrkr,1228.0,0.0,0.0,1228.0,0.0,0.0,1.0,1.0,3.0,1.0,Gd,6.0,Typ,0.0,Gd,Attchd,1966.0,Unf,1.0,271.0,TA,TA,Y,0.0,65.0,0.0,0.0,0.0,0.0,Gd,MnPrv,Shed,0.0,6.0,2008.0,WD,Normal,149350.0,-0.3825639725118208,1.0,低
33.0,20.0,RL,85.0,11049.0,Pave,Grvl,Reg,Lvl,AllPub,Corner,Gtl,CollgCr,Norm,Norm,1Fam,1Story,8.0,5.0,2007.0,2007.0,Gable,CompShg,VinylSd,VinylSd,BrkFace,0.0,Gd,TA,PConc,Ex,TA,Av,Unf,0.0,Unf,0.0,1234.0,1234.0,GasA,Ex,Y,SBrkr,1234.0,0.0,0.0,1234.0,0.0,0.0,2.0,0.0,3.0,1.0,Gd,7.0,Typ,0.0,Gd,Attchd,2007.0,RFn,2.0,484.0,TA,TA,Y,0.0,30.0,0.0,0.0,0.0,0.0,Gd,MnPrv,Shed,0.0,1.0,2008.0,WD,Normal,179900.0,0.08502752421919725,3.0,高
34.0,20.0,RL,70.0,10552.0,Pave,Grvl,IR1,Lvl,AllPub,Inside,Gtl,NAmes,Norm,Norm,1Fam,1Story,5.0,5.0,1959.0,1959.0,Hip,CompShg,BrkFace,BrkFace,BrkFace,0.0,TA,TA,CBlock,TA,TA,No,Rec,1018.0,Unf,0.0,380.0,1398.0,GasA,Gd,Y,SBrkr,1700.0,0.0,0.0,1700.0,0.0,1.0,1.0,1.0,4.0,1.0,Gd,6.0,Typ,1.0,Gd,Attchd,1959.0,RFn,2.0,447.0,TA,TA,Y,0.0,38.0,0.0,0.0,0.0,0.0,Gd,MnPrv,Shed,0.0,4.0,2010.0,WD,Normal,165500.0,-0.13537566900262468,2.0,中
35.0,120.0,RL,60.0,7313.0,Pave,Grvl,Reg,Lvl,AllPub,Inside,Gtl,NridgHt,Norm,Norm,TwnhsE,1Story,9.0,5.0,2005.0,2005.0,Hip,CompShg,MetalSd,MetalSd,BrkFace,246.0,Ex,TA,PConc,Ex,TA,No,GLQ,1153.0,Unf,0.0,408.0,1561.0,GasA,Ex,Y,SBrkr,1561.0,0.0,0.0,1561.0,1.0,0.0,2.0,0.0,2.0,1.0,Ex,6.0,Typ,1.0,Gd,Attchd,2005.0,Fin,2.0,556.0,TA,TA,Y,203.0,47.0,0.0,0.0,0.0,0.0,Gd,MnPrv,Shed,0.0,8.0,2007.0,WD,Normal,277500.0,1.5788713893893236,4.0,极高
36.0,60.0,RL,108.0,13418.0,Pave,Grvl,Reg,Lvl,AllPub,Inside,Gtl,NridgHt,Norm,Norm,1Fam,2Story,8.0,5.0,2004.0,2005.0,Gable,CompShg,VinylSd,VinylSd,Stone,132.0,Gd,TA,PConc,Ex,TA,Av,Unf,0.0,Unf,0.0,1117.0,1117.0,GasA,Ex,Y,SBrkr,1132.0,1320.0,0.0,2452.0,0.0,0.0,3.0,1.0,4.0,1.0,Gd,9.0,Typ,1.0,Gd,BuiltIn,2004.0,Fin,3.0,691.0,TA,TA,Y,113.0,32.0,0.0,0.0,0.0,0.0,Gd,MnPrv,Shed,0.0,9.0,2006.0,WD,Normal,309000.0,2.061003374562059,4.0,极高
37.0,20.0,RL,112.0,10859.0,Pave,Grvl,Reg,Lvl,AllPub,Corner,Gtl,CollgCr,Norm,Norm,1Fam,1Story,5.0,5.0,1994.0,1995.0,Gable,CompShg,VinylSd,VinylSd,BrkFace,0.0,TA,TA,PConc,Gd,TA,No,Unf,0.0,Unf,0.0,1097.0,1097.0,GasA,Ex,Y,SBrkr,1097.0,0.0,0.0,1097.0,0.0,0.0,1.0,1.0,3.0,1.0,TA,6.0,Typ,0.0,Gd,Attchd,1995.0,Unf,2.0,672.0,TA,TA,Y,392.0,64.0,0.0,0.0,0.0,0.0,Gd,MnPrv,Shed,0.0,6.0,2009.0,WD,Normal,145000.0,-0.4491441037975795,1.0,低
730.5,50.0,RL,70.0,9478.5,Pave,Grvl,Reg,Lvl,AllPub,Inside,Gtl,NAmes,Norm,Norm,1Fam,1Story,6.0,5.0,1973.0,1994.0,Hip,CompShg,Wd Sdng,Wd Sdng,BrkFace,0.0,TA,TA,CBlock,TA,TA,No,Rec,383.5,Unf,0.0,477.5,991.5,GasA,Gd,Y,SBrkr,1087.0,0.0,0.0,1464.0,0.0,0.0,2.0,0.0,3.0,1.0,TA,6.0,Typ,1.0,TA,Attchd,1978.0,Fin,2.0,480.0,TA,TA,Y,0.0,25.0,0.0,0.0,0.0,0.0,Gd,MnPrv,Shed,0.0,6.0,2008.0,WD,Normal,163000.0,-0.1736401122703021,2.0,中
39.0,20.0,RL,68.0,7922.0,Pave,Grvl,Reg,Lvl,AllPub,Inside,Gtl,NAmes,Norm,Norm,1Fam,1Story,5.0,7.0,1953.0,2007.0,Gable,CompShg,VinylSd,VinylSd,BrkFace,0.0,TA,Gd,CBlock,TA,TA,No,GLQ,731.0,Unf,0.0,326.0,1057.0,GasA,TA,Y,SBrkr,1057.0,0.0,0.0,1057.0,1.0,0.0,1.0,0.0,3.0,1.0,Gd,5.0,Typ,0.0,Gd,Detchd,1953.0,Unf,1.0,246.0,TA,TA,Y,0.0,52.0,0.0,0.0,0.0,0.0,Gd,MnPrv,Shed,0.0,1.0,2010.0,WD,Abnorml,109000.0,-1.0001520868521343,0.0,极低
40.0,90.0,RL,65.0,6040.0,Pave,Grvl,Reg,Lvl,AllPub,Inside,Gtl,Edwards,Norm,Norm,Duplex,1Story,4.0,5.0,1955.0,1955.0,Gable,CompShg,AsbShng,Plywood,BrkFace,0.0,TA,TA,PConc,TA,TA,No,Unf,0.0,Unf,0.0,0.0,0.0,GasA,TA,N,FuseP,1152.0,0.0,0.0,1152.0,0.0,0.0,2.0,0.0,2.0,2.0,Fa,6.0,Typ,0.0,Gd,Attchd,1948.8,Unf,0.0,0.0,TA,TA,N,0.0,0.0,0.0,0.0,0.0,0.0,Gd,MnPrv,Shed,0.0,6.0,2008.0,WD,AdjLand,82000.0,-1.4134080741430504,0.0,极低
41.0,20.0,RL,84.0,8658.0,Pave,Grvl,Reg,Lvl,AllPub,Inside,Gtl,NAmes,Norm,Norm,1Fam,1Story,6.0,5.0,1965.0,1965.0,Gable,CompShg,Wd Sdng,Wd Sdng,BrkFace,101.0,TA,TA,CBlock,TA,TA,No,Rec,643.0,Unf,0.0,445.0,1088.0,GasA,Ex,Y,SBrkr,1324.0,0.0,0.0,1324.0,0.0,0.0,2.0,0.0,3.0,1.0,TA,6.0,Typ,1.0,TA,Attchd,1965.0,RFn,2.0,440.0,TA,TA,Y,0.0,138.0,0.0,0.0,0.0,0.0,Gd,GdWo,Shed,0.0,12.0,2006.0,WD,Abnorml,160000.0,-0.21955744419151502,2.0,中
42.0,20.0,RL,115.0,16905.0,Pave,Grvl,Reg,Lvl,AllPub,Inside,Gtl,Timber,Norm,Norm,1Fam,1Story,5.0,6.0,1959.0,1959.0,Gable,CompShg,VinylSd,VinylSd,BrkFace,0.0,TA,Gd,CBlock,TA,TA,Gd,BLQ,967.0,Unf,0.0,383.0,1350.0,GasA,Gd,Y,SBrkr,1328.0,0.0,0.0,1328.0,0.0,1.0,1.0,1.0,2.0,1.0,TA,5.0,Typ,2.0,Gd,Attchd,1959.0,RFn,1.0,308.0,TA,TA,P,0.0,104.0,0.0,0.0,0.0,0.0,Gd,MnPrv,Shed,0.0,7.0,2007.0,WD,Normal,170000.0,-0.06649967112080533,2.0,中
43.0,85.0,RL,77.0,9180.0,Pave,Grvl,IR1,Lvl,AllPub,CulDSac,Gtl,SawyerW,Norm,Norm,1Fam,SFoyer,5.0,7.0,1983.0,1983.0,Gable,CompShg,HdBoard,HdBoard,BrkFace,0.0,TA,TA,CBlock,Gd,TA,Av,ALQ,747.0,LwQ,93.0,0.0,840.0,GasA,Gd,Y,SBrkr,884.0,0.0,0.0,884.0,1.0,0.0,1.0,0.0,2.0,1.0,Gd,5.0,Typ,0.0,Gd,Attchd,1983.0,RFn,2.0,504.0,TA,Gd,Y,240.0,0.0,0.0,0.0,0.0,0.0,Gd,MnPrv,Shed,0.0,12.0,2007.0,WD,Normal,144000.0,-0.46444988110465046,1.0,低
44.0,20.0,RL,63.0,9200.0,Pave,Grvl,IR1,Lvl,AllPub,CulDSac,Gtl,CollgCr,Norm,Norm,1Fam,1Story,5.0,6.0,1975.0,1980.0,Hip,CompShg,VinylSd,VinylSd,BrkFace,0.0,TA,TA,CBlock,Gd,TA,Av,LwQ,280.0,BLQ,491.0,167.0,938.0,GasA,TA,Y,SBrkr,938.0,0.0,0.0,938.0,1.0,0.0,1.0,0.0,3.0,1.0,TA,5.0,Typ,0.0,Gd,Detchd,1977.0,Unf,1.0,308.0,TA,TA,Y,145.0,0.0,0.0,0.0,0.0,0.0,Gd,MnPrv,Shed,0.0,7.0,2008.0,WD,Normal,130250.0,-0.6749043190768763,1.0,低
45.0,20.0,RL,70.0,7945.0,Pave,Grvl,Reg,Lvl,AllPub,Inside,Gtl,NAmes,Norm,Norm,1Fam,1Story,5.0,6.0,1959.0,1959.0,Gable,CompShg,BrkFace,Wd Sdng,BrkFace,0.0,TA,TA,CBlock,TA,TA,No,ALQ,179.0,BLQ,506.0,465.0,1150.0,GasA,Ex,Y,FuseA,1150.0,0.0,0.0,1150.0,1.0,0.0,1.0,0.0,3.0,1.0,TA,6.0,Typ,0.0,Gd,Attchd,1959.0,RFn,1.0,300.0,TA,TA,Y,0.0,0.0,0.0,0.0,0.0,0.0,Gd,MnPrv,Shed,0.0,5.0,2006.0,WD,Normal,141000.0,-0.5103672130258634,1.0,低
46.0,120.0,RL,61.0,7658.0,Pave,Grvl,Reg,Lvl,AllPub,Inside,Gtl,NridgHt,Norm,Norm,TwnhsE,1Story,9.0,5.0,2005.0,2005.0,Hip,CompShg,MetalSd,MetalSd,BrkFace,412.0,Ex,TA,PConc,Ex,TA,No,GLQ,456.0,Unf,0.0,1296.0,1752.0,GasA,Ex,Y,SBrkr,1752.0,0.0,0.0,1752.0,1.0,0.0,2.0,0.0,2.0,1.0,Ex,6.0,Typ,1.0,Gd,Attchd,2005.0,RFn,2.0,576.0,TA,TA,Y,196.0,82.0,0.0,0.0,0.0,0.0,Gd,MnPrv,Shed,0.0,2.0,2010.0,WD,Normal,319900.0,2.2278363472091325,4.0,极高
47.0,50.0,RL,48.0,12822.0,Pave,Grvl,IR1,Lvl,AllPub,CulDSac,Gtl,Mitchel,Norm,Norm,1Fam,1.5Fin,7.0,5.0,2003.0,2003.0,Gable,CompShg,VinylSd,VinylSd,BrkFace,0.0,Gd,TA,PConc,Ex,TA,No,GLQ,1351.0,Unf,0.0,83.0,1434.0,GasA,Ex,Y,SBrkr,1518.0,631.0,0.0,2149.0,1.0,0.0,1.0,1.0,1.0,1.0,Gd,6.0,Typ,1.0,Ex,Attchd,2003.0,RFn,2.0,670.0,TA,TA,Y,168.0,43.0,0.0,0.0,198.0,0.0,Gd,MnPrv,Shed,0.0,8.0,2009.0,WD,Abnorml,239686.0,1.000098726299742,4.0,极高
48.0,20.0,FV,84.0,11096.0,Pave,Grvl,Reg,Lvl,AllPub,Inside,Gtl,Somerst,Norm,Norm,1Fam,1Story,8.0,5.0,2006.0,2006.0,Gable,CompShg,VinylSd,VinylSd,BrkFace,0.0,Gd,TA,PConc,Gd,TA,Av,GLQ,24.0,Unf,0.0,1632.0,1656.0,GasA,Ex,Y,SBrkr,1656.0,0.0,0.0,1656.0,0.0,0.0,2.0,0.0,3.0,1.0,Gd,7.0,Typ,0.0,Gd,Attchd,2006.0,RFn,3.0,826.0,TA,TA,Y,0.0,146.0,0.0,0.0,0.0,0.0,Gd,MnPrv,Shed,0.0,7.0,2007.0,WD,Normal,249700.0,1.1533707802527509,4.0,极高
730.5,50.0,RM,70.0,9478.5,Pave,Grvl,Reg,Lvl,AllPub,Inside,Gtl,OldTown,Norm,Norm,2fmCon,2Story,6.0,5.0,1973.0,1994.0,Gable,CompShg,MetalSd,MetalSd,BrkFace,0.0,TA,TA,BrkTil,TA,TA,No,Unf,383.5,Unf,0.0,477.5,991.5,GasA,Gd,Y,SBrkr,1087.0,0.0,0.0,1464.0,0.0,0.0,2.0,0.0,3.0,1.0,TA,6.0,Typ,1.0,Gd,Attchd,1978.0,Unf,2.0,480.0,TA,TA,N,0.0,25.0,0.0,0.0,0.0,0.0,Gd,MnPrv,Shed,0.0,6.0,2008.0,New,Partial,163000.0,-0.1736401122703021,2.0,中
50.0,20.0,RL,66.0,7742.0,Pave,Grvl,Reg,Lvl,AllPub,Inside,Gtl,Sawyer,Norm,Norm,1Fam,1Story,5.0,7.0,1966.0,1966.0,Gable,CompShg,HdBoard,HdBoard,BrkFace,0.0,TA,TA,CBlock,TA,TA,No,BLQ,763.0,Unf,0.0,192.0,955.0,GasA,Ex,Y,SBrkr,955.0,0.0,0.0,955.0,1.0,0.0,1.0,0.0,3.0,1.0,TA,6.0,Typ,0.0,Gd,Attchd,1966.0,Unf,1.0,386.0,TA,TA,Y,0.0,0.0,0.0,0.0,0.0,0.0,Gd,MnPrv,Shed,0.0,1.0,2007.0,WD,Normal,127000.0,-0.724648095324857,1.0,低
51.0,60.0,RL,68.6,13869.0,Pave,Grvl,IR2,Lvl,AllPub,Corner,Gtl,Gilbert,Norm,Norm,1Fam,2Story,6.0,6.0,1997.0,1997.0,Gable,CompShg,VinylSd,VinylSd,BrkFace,0.0,TA,TA,PConc,Gd,TA,Av,GLQ,182.0,Unf,0.0,612.0,794.0,GasA,Gd,Y,SBrkr,794.0,676.0,0.0,1470.0,0.0,1.0,2.0,0.0,3.0,1.0,TA,6.0,Typ,0.0,Gd,Attchd,1997.0,Fin,2.0,388.0,TA,TA,Y,0.0,75.0,0.0,0.0,0.0,0.0,Gd,MnPrv,Shed,0.0,7.0,2007.0,WD,Normal,177000.0,0.04064077002869144,3.0,高
52.0,50.0,RM,52.0,6240.0,Pave,Grvl,Reg,Lvl,AllPub,Inside,Gtl,BrkSide,Norm,Norm,1Fam,1.5Fin,6.0,6.0,1934.0,1950.0,Gable,CompShg,Wd Sdng,Wd Sdng,BrkFace,0.0,TA,TA,PConc,TA,TA,No,Unf,0.0,Unf,0.0,816.0,816.0,GasA,TA,Y,SBrkr,816.0,0.0,360.0,1176.0,0.0,0.0,1.0,0.0,3.0,1.0,TA,6.0,Typ,1.0,Gd,Detchd,1985.0,Unf,2.0,528.0,TA,TA,Y,112.0,0.0,0.0,0.0,0.0,0.0,Gd,MnPrv,Shed,400.0,9.0,2006.0,WD,Normal,114500.0,-0.915970311663244,0.0,极低
53.0,90.0,RM,110.0,8472.0,Grvl,Grvl,IR2,Bnk,AllPub,Corner,Mod,IDOTRR,RRNn,Norm,Duplex,1Story,5.0,5.0,1963.0,1963.0,Gable,CompShg,Wd Sdng,Wd Sdng,BrkFace,0.0,Fa,TA,CBlock,Gd,TA,Gd,LwQ,104.0,GLQ,712.0,0.0,816.0,GasA,TA,N,SBrkr,816.0,0.0,0.0,816.0,1.0,0.0,1.0,0.0,2.0,1.0,TA,5.0,Typ,0.0,Gd,CarPort,1963.0,Unf,2.0,516.0,TA,TA,Y,106.0,0.0,0.0,0.0,0.0,0.0,Gd,MnPrv,Shed,0.0,5.0,2010.0,WD,Normal,110000.0,-0.9848463095450634,0.0,极低
730.5,50.0,RL,70.0,9478.5,Pave,Grvl,IR1,Low,AllPub,Inside,Gtl,Veenker,Norm,Norm,1Fam,1Story,6.0,5.0,1973.0,1994.0,Gable,WdShngl,WdShing,Wd Shng,BrkFace,0.0,Gd,TA,CBlock,Ex,TA,Gd,GLQ,383.5,Unf,0.0,477.5,991.5,GasA,Gd,Y,SBrkr,1087.0,0.0,0.0,1464.0,0.0,0.0,2.0,0.0,3.0,1.0,Gd,6.0,Typ,1.0,Gd,Attchd,1978.0,Fin,2.0,480.0,TA,TA,Y,0.0,25.0,0.0,0.0,0.0,0.0,Gd,MnPrv,Shed,0.0,6.0,2008.0,WD,Normal,163000.0,-0.1736401122703021,2.0,中
55.0,80.0,RL,60.0,7134.0,Pave,Grvl,Reg,Bnk,AllPub,Inside,Mod,NAmes,Norm,Norm,1Fam,SLvl,5.0,5.0,1955.0,1955.0,Gable,CompShg,MetalSd,MetalSd,BrkFace,0.0,TA,TA,CBlock,TA,TA,No,ALQ,384.0,Unf,0.0,0.0,384.0,GasA,TA,Y,SBrkr,1360.0,0.0,0.0,1360.0,0.0,0.0,1.0,0.0,3.0,1.0,TA,6.0,Min1,1.0,TA,Detchd,1962.0,Unf,2.0,572.0,TA,TA,Y,0.0,50.0,0.0,0.0,0.0,0.0,Gd,MnPrv,Shed,0.0,2.0,2007.0,WD,Normal,130000.0,-0.678730763403644,1.0,低
56.0,20.0,RL,100.0,10175.0,Pave,Grvl,IR1,Lvl,AllPub,Inside,Gtl,NAmes,Norm,Norm,1Fam,1Story,6.0,5.0,1964.0,1964.0,Gable,CompShg,HdBoard,Plywood,BrkFace,272.0,TA,TA,CBlock,TA,TA,No,BLQ,490.0,Unf,0.0,935.0,1425.0,GasA,Gd,Y,SBrkr,1425.0,0.0,0.0,1425.0,0.0,0.0,2.0,0.0,3.0,1.0,TA,7.0,Typ,1.0,Gd,Attchd,1964.0,RFn,2.0,576.0,TA,TA,Y,0.0,0.0,0.0,407.0,0.0,0.0,Gd,MnPrv,Shed,0.0,7.0,2008.0,WD,Normal,180500.0,0.09421099060343982,3.0,高
57.0,160.0,FV,24.0,2645.0,Pave,Pave,Reg,Lvl,AllPub,Inside,Gtl,Somerst,Norm,Norm,Twnhs,2Story,8.0,5.0,1999.0,2000.0,Gable,CompShg,MetalSd,MetalSd,BrkFace,456.0,Gd,TA,PConc,Gd,TA,No,GLQ,649.0,Unf,0.0,321.0,970.0,GasA,Ex,Y,SBrkr,983.0,756.0,0.0,1739.0,1.0,0.0,2.0,1.0,3.0,1.0,Gd,7.0,Typ,0.0,Gd,Attchd,1999.0,Fin,2.0,480.0,TA,TA,Y,115.0,0.0,0.0,0.0,0.0,0.0,Gd,MnPrv,Shed,0.0,8.0,2009.0,WD,Abnorml,172500.0,-0.028235227853127914,3.0,高
58.0,60.0,RL,89.0,11645.0,Pave,Grvl,IR1,Lvl,AllPub,Corner,Gtl,CollgCr,Norm,Norm,1Fam,2Story,7.0,5.0,2004.0,2004.0,Gable,CompShg,VinylSd,VinylSd,BrkFace,0.0,Gd,TA,PConc,Gd,TA,No,Unf,0.0,Unf,0.0,860.0,860.0,GasA,Ex,Y,SBrkr,860.0,860.0,0.0,1720.0,0.0,0.0,2.0,1.0,3.0,1.0,Gd,7.0,Typ,0.0,Gd,Attchd,2004.0,RFn,2.0,565.0,TA,TA,Y,0.0,70.0,0.0,0.0,0.0,0.0,Gd,MnPrv,Shed,0.0,8.0,2006.0,WD,Normal,196500.0,0.3391034275165753,3.0,高
730.5,50.0,RL,70.0,9478.5,Pave,Grvl,IR2,HLS,AllPub,CulDSac,Gtl,StoneBr,Norm,Norm,1Fam,2Story,6.0,5.0,1973.0,1994.0,Hip,CompShg,VinylSd,VinylSd,BrkFace,0.0,Ex,TA,PConc,Ex,TA,Gd,Unf,383.5,Unf,0.0,477.5,991.5,GasA,Ex,Y,SBrkr,1087.0,0.0,0.0,1464.0,0.0,0.0,2.0,0.0,3.0,1.0,Gd,6.0,Typ,1.0,Gd,BuiltIn,1978.0,Fin,2.0,480.0,TA,TA,Y,0.0,25.0,0.0,0.0,0.0,0.0,Gd,MnPrv,Shed,0.0,6.0,2008.0,New,Partial,163000.0,-0.1736401122703021,2.0,中
60.0,20.0,RL,60.0,7200.0,Pave,Grvl,Reg,Bnk,AllPub,Inside,Gtl,CollgCr,Norm,Norm,1Fam,1Story,5.0,7.0,1972.0,1972.0,Gable,CompShg,HdBoard,HdBoard,BrkFace,0.0,TA,TA,CBlock,TA,TA,Av,ALQ,632.0,Unf,0.0,148.0,780.0,GasA,Ex,Y,SBrkr,780.0,0.0,0.0,780.0,0.0,0.0,1.0,0.0,2.0,1.0,TA,4.0,Typ,0.0,Gd,Detchd,1973.0,Unf,1.0,352.0,TA,TA,Y,196.0,0.0,0.0,0.0,0.0,0.0,Gd,MnPrv,Shed,0.0,1.0,2008.0,WD,Normal,124900.0,-0.7567902276697059,0.0,极低
61.0,20.0,RL,63.0,13072.0,Pave,Grvl,Reg,Lvl,AllPub,Inside,Gtl,SawyerW,RRAe,Norm,1Fam,1Story,6.0,5.0,2004.0,2004.0,Gable,CompShg,VinylSd,VinylSd,BrkFace,0.0,TA,TA,PConc,Gd,TA,No,ALQ,941.0,Unf,0.0,217.0,1158.0,GasA,Ex,Y,SBrkr,1158.0,0.0,0.0,1158.0,1.0,0.0,1.0,1.0,3.0,1.0,Gd,5.0,Typ,0.0,Gd,Detchd,2006.0,Unf,2.0,576.0,TA,TA,Y,0.0,50.0,0.0,0.0,0.0,0.0,Gd,MnPrv,Shed,0.0,5.0,2006.0,New,Partial,158000.0,-0.25016899880565696,2.0,中
62.0,75.0,RM,60.0,7200.0,Pave,Grvl,Reg,Lvl,AllPub,Inside,Gtl,IDOTRR,Norm,Norm,1Fam,2.5Unf,5.0,7.0,1920.0,1996.0,Gable,CompShg,MetalSd,MetalSd,BrkFace,0.0,TA,TA,BrkTil,TA,Fa,No,Unf,0.0,Unf,0.0,530.0,530.0,GasA,TA,N,SBrkr,581.0,530.0,0.0,1111.0,0.0,0.0,1.0,0.0,3.0,1.0,Fa,6.0,Typ,0.0,Gd,Detchd,1935.0,Unf,1.0,288.0,TA,TA,N,0.0,0.0,144.0,0.0,0.0,0.0,Gd,MnPrv,Shed,0.0,3.0,2007.0,WD,Normal,101000.0,-1.122598305308702,0.0,极低
63.0,120.0,RL,44.0,6442.0,Pave,Grvl,IR1,Lvl,AllPub,Inside,Gtl,NridgHt,Norm,Norm,TwnhsE,1Story,8.0,5.0,2006.0,2006.0,Gable,CompShg,VinylSd,VinylSd,Stone,178.0,Gd,TA,PConc,Gd,Gd,Mn,GLQ,24.0,Unf,0.0,1346.0,1370.0,GasA,Ex,Y,SBrkr,1370.0,0.0,0.0,1370.0,0.0,0.0,2.0,0.0,2.0,1.0,Gd,6.0,Typ,1.0,Gd,Attchd,2006.0,RFn,2.0,484.0,TA,TA,Y,120.0,49.0,0.0,0.0,0.0,0.0,Gd,MnPrv,Shed,0.0,10.0,2007.0,WD,Normal,202500.0,0.43093809135900113,3.0,高
64.0,70.0,RM,50.0,10300.0,Pave,Grvl,IR1,Bnk,AllPub,Inside,Gtl,OldTown,RRAn,Feedr,1Fam,2Story,7.0,6.0,1921.0,1950.0,Gable,CompShg,Stucco,Stucco,BrkFace,0.0,TA,TA,BrkTil,TA,TA,No,Unf,0.0,Unf,0.0,576.0,576.0,GasA,Gd,Y,SBrkr,902.0,808.0,0.0,1710.0,0.0,0.0,2.0,0.0,3.0,1.0,TA,9.0,Typ,0.0,Gd,Detchd,1990.0,Unf,2.0,480.0,TA,TA,Y,12.0,11.0,64.0,0.0,0.0,0.0,Gd,GdPrv,Shed,0.0,4.0,2010.0,WD,Normal,140000.0,-0.5256729903329344,1.0,低
65.0,60.0,RL,76.4,9375.0,Pave,Grvl,Reg,Lvl,AllPub,Inside,Gtl,CollgCr,Norm,Norm,1Fam,2Story,7.0,5.0,1997.0,1998.0,Gable,CompShg,VinylSd,VinylSd,BrkFace,573.0,TA,TA,PConc,Gd,TA,No,GLQ,739.0,Unf,0.0,318.0,1057.0,GasA,Ex,Y,SBrkr,1057.0,977.0,0.0,2034.0,1.0,0.0,2.0,1.0,3.0,1.0,Gd,8.0,Typ,0.0,Gd,Attchd,1998.0,RFn,2.0,645.0,TA,TA,Y,576.0,36.0,0.0,0.0,0.0,0.0,Gd,GdPrv,Shed,0.0,2.0,2009.0,WD,Normal,219500.0,0.6911363055792076,4.0,极高
66.0,60.0,RL,76.0,9591.0,Pave,Grvl,Reg,Lvl,AllPub,Inside,Gtl,NridgHt,Norm,Norm,1Fam,2Story,8.0,5.0,2004.0,2005.0,Gable,CompShg,VinylSd,VinylSd,BrkFace,344.0,Gd,TA,PConc,Ex,TA,Av,Unf,0.0,Unf,0.0,1143.0,1143.0,GasA,Ex,Y,SBrkr,1143.0,1330.0,0.0,2473.0,0.0,0.0,2.0,1.0,4.0,1.0,Gd,9.0,Typ,1.0,Gd,BuiltIn,2004.0,RFn,3.0,852.0,TA,TA,Y,192.0,151.0,0.0,0.0,0.0,0.0,Gd,MnPrv,Shed,0.0,10.0,2007.0,WD,Normal,317000.0,2.183449593018627,4.0,极高
67.0,20.0,RL,71.0,19900.0,Pave,Grvl,Reg,Lvl,AllPub,Inside,Gtl,NAmes,PosA,Norm,1Fam,1Story,7.0,5.0,1970.0,1989.0,Gable,CompShg,Plywood,Plywood,BrkFace,287.0,TA,TA,CBlock,Gd,TA,Gd,GLQ,912.0,Unf,0.0,1035.0,1947.0,GasA,TA,Y,SBrkr,2207.0,0.0,0.0,2207.0,1.0,0.0,2.0,0.0,3.0,1.0,TA,7.0,Min1,1.0,Gd,Attchd,1970.0,RFn,2.0,576.0,TA,TA,Y,301.0,0.0,0.0,0.0,0.0,0.0,Gd,MnPrv,Shed,0.0,7.0,2010.0,WD,Normal,180000.0,0.08655810194990435,3.0,高
68.0,20.0,RL,72.0,10665.0,Pave,Grvl,IR1,Lvl,AllPub,Inside,Gtl,CollgCr,Norm,Norm,1Fam,1Story,7.0,5.0,2003.0,2003.0,Gable,CompShg,VinylSd,VinylSd,BrkFace,167.0,Gd,TA,PConc,Gd,TA,Av,GLQ,1013.0,Unf,0.0,440.0,1453.0,GasA,Ex,Y,SBrkr,1479.0,0.0,0.0,1479.0,1.0,0.0,2.0,0.0,3.0,1.0,Gd,7.0,Typ,0.0,Gd,Attchd,2003.0,RFn,2.0,558.0,TA,TA,Y,144.0,29.0,0.0,0.0,0.0,0.0,Gd,MnPrv,Shed,0.0,6.0,2007.0,WD,Normal,226000.0,0.7906238580751689,4.0,极高
69.0,30.0,RM,47.0,4608.0,Pave,Grvl,Reg,Lvl,AllPub,Corner,Gtl,OldTown,Artery,Norm,1Fam,1Story,4.0,6.0,1945.0,1950.0,Gable,CompShg,MetalSd,MetalSd,BrkFace,0.0,TA,Gd,CBlock,TA,TA,No,Unf,0.0,Unf,0.0,747.0,747.0,GasA,TA,Y,SBrkr,747.0,0.0,0.0,747.0,0.0,0.0,1.0,0.0,2.0,1.0,TA,4.0,Typ,0.0,Gd,Attchd,1945.0,Unf,1.0,220.0,TA,TA,Y,0.0,0.0,0.0,0.0,0.0,0.0,Gd,MnPrv,Shed,0.0,6.0,2010.0,WD,Normal,80000.0,-1.4440196287571925,0.0,极低
70.0,50.0,RL,81.0,15593.0,Pave,Grvl,Reg,Lvl,AllPub,Corner,Gtl,ClearCr,Norm,Norm,1Fam,1.5Fin,7.0,4.0,1953.0,1953.0,Gable,CompShg,BrkFace,AsbShng,BrkFace,0.0,Gd,TA,CBlock,TA,TA,No,BLQ,603.0,Unf,0.0,701.0,1304.0,GasW,TA,Y,SBrkr,1304.0,983.0,0.0,2287.0,0.0,0.0,2.0,0.0,3.0,1.0,TA,7.0,Typ,1.0,TA,Attchd,1953.0,Fin,2.0,667.0,TA,TA,Y,0.0,21.0,114.0,0.0,0.0,0.0,Gd,MnPrv,Shed,0.0,7.0,2006.0,WD,Normal,225000.0,0.7753180807680978,4.0,极高
730.5,50.0,RL,70.0,9478.5,Pave,Grvl,IR1,Lvl,AllPub,Inside,Gtl,NAmes,Norm,Norm,1Fam,1Story,6.0,5.0,1973.0,1994.0,Gable,CompShg,Plywood,Plywood,BrkFace,0.0,TA,Gd,CBlock,Gd,TA,Gd,ALQ,383.5,Unf,0.0,477.5,991.5,GasA,Ex,Y,SBrkr,1087.0,0.0,0.0,1464.0,0.0,0.0,2.0,0.0,3.0,1.0,TA,6.0,Typ,1.0,Gd,Attchd,1978.0,Fin,2.0,480.0,TA,TA,Y,0.0,25.0,0.0,0.0,0.0,0.0,Gd,MnPrv,Shed,0.0,6.0,2008.0,WD,Normal,163000.0,-0.1736401122703021,2.0,中
72.0,20.0,RL,69.0,7599.0,Pave,Grvl,Reg,Lvl,AllPub,Corner,Gtl,Mitchel,Norm,Norm,1Fam,1Story,4.0,6.0,1982.0,2006.0,Gable,CompShg,HdBoard,Plywood,BrkFace,0.0,TA,TA,CBlock,TA,TA,No,ALQ,565.0,Unf,0.0,280.0,845.0,GasA,TA,Y,SBrkr,845.0,0.0,0.0,845.0,1.0,0.0,1.0,0.0,2.0,1.0,TA,4.0,Typ,0.0,Gd,Detchd,1987.0,Unf,2.0,360.0,TA,TA,Y,0.0,0.0,0.0,0.0,0.0,0.0,Gd,MnPrv,Shed,0.0,6.0,2007.0,WD,Normal,129500.0,-0.6863836520571795,1.0,低
73.0,60.0,RL,74.0,10141.0,Pave,Grvl,IR1,Lvl,AllPub,Corner,Gtl,Gilbert,Norm,Norm,1Fam,2Story,7.0,5.0,1998.0,1998.0,Gable,CompShg,VinylSd,VinylSd,BrkFace,40.0,TA,TA,PConc,Gd,TA,No,Unf,0.0,Unf,0.0,832.0,832.0,GasA,Gd,Y,SBrkr,885.0,833.0,0.0,1718.0,0.0,0.0,2.0,1.0,3.0,1.0,TA,7.0,Typ,1.0,TA,Attchd,1998.0,Fin,2.0,427.0,TA,TA,Y,0.0,94.0,0.0,0.0,291.0,0.0,Gd,MnPrv,Shed,0.0,12.0,2009.0,WD,Normal,185000.0,0.16308698848525918,3.0,高
74.0,20.0,RL,85.0,10200.0,Pave,Grvl,Reg,Lvl,AllPub,Inside,Gtl,NAmes,Norm,Norm,1Fam,1Story,5.0,7.0,1954.0,2003.0,Gable,CompShg,Wd Sdng,Wd Sdng,BrkFace,104.0,TA,TA,CBlock,TA,TA,No,ALQ,320.0,BLQ,362.0,404.0,1086.0,GasA,Gd,Y,SBrkr,1086.0,0.0,0.0,1086.0,1.0,0.0,1.0,0.0,3.0,1.0,TA,6.0,Typ,0.0,Gd,Attchd,1989.0,Unf,2.0,490.0,TA,TA,Y,0.0,0.0,0.0,0.0,0.0,0.0,Gd,GdWo,Shed,0.0,5.0,2010.0,WD,Normal,144900.0,-0.4506746815282866,1.0,低
75.0,50.0,RM,60.0,5790.0,Pave,Grvl,Reg,Lvl,AllPub,Corner,Gtl,OldTown,Norm,Norm,1Fam,2Story,3.0,6.0,1915.0,1950.0,Gambrel,CompShg,VinylSd,VinylSd,BrkFace,0.0,Gd,Gd,CBlock,Fa,TA,No,Unf,0.0,Unf,0.0,840.0,840.0,GasA,Gd,N,SBrkr,840.0,765.0,0.0,1605.0,0.0,0.0,2.0,0.0,3.0,2.0,TA,8.0,Typ,0.0,Gd,Detchd,1915.0,Unf,1.0,379.0,TA,TA,Y,0.0,0.0,202.0,0.0,0.0,0.0,Gd,MnPrv,Shed,0.0,5.0,2010.0,WD,Normal,107400.0,-1.0246413305434479,0.0,极低
76.0,180.0,RM,21.0,1596.0,Pave,Grvl,Reg,Lvl,AllPub,Inside,Gtl,MeadowV,Norm,Norm,Twnhs,SLvl,4.0,5.0,1973.0,1973.0,Gable,CompShg,CemntBd,CmentBd,BrkFace,0.0,TA,TA,CBlock,Gd,TA,Gd,GLQ,462.0,Unf,0.0,0.0,462.0,GasA,TA,Y,SBrkr,526.0,462.0,0.0,988.0,1.0,0.0,1.0,0.0,2.0,1.0,TA,5.0,Typ,0.0,Gd,BuiltIn,1973.0,Unf,1.0,297.0,TA,TA,Y,120.0,101.0,0.0,0.0,0.0,0.0,Gd,GdWo,Shed,0.0,11.0,2009.0,WD,Normal,91000.0,-1.2756560783794118,0.0,极低
77.0,20.0,RL,68.8,8475.0,Pave,Grvl,IR1,Lvl,AllPub,Inside,Gtl,NAmes,Norm,Norm,1Fam,1Story,4.0,7.0,1956.0,1956.0,Gable,CompShg,VinylSd,VinylSd,BrkFace,0.0,TA,TA,CBlock,TA,TA,No,ALQ,228.0,Unf,0.0,724.0,952.0,GasA,Ex,Y,FuseA,952.0,0.0,0.0,952.0,0.0,0.0,1.0,0.0,2.0,1.0,TA,4.0,Typ,0.0,Gd,Detchd,1956.0,Unf,1.0,283.0,TA,TA,Y,0.0,0.0,0.0,0.0,0.0,0.0,Gd,MnPrv,Shed,0.0,4.0,2008.0,WD,Normal,135750.0,-0.590722543887986,1.0,低
78.0,50.0,RM,50.0,8635.0,Pave,Grvl,Reg,Lvl,AllPub,Inside,Gtl,BrkSide,Norm,Norm,1Fam,1.5Fin,5.0,5.0,1948.0,2001.0,Gable,CompShg,Wd Sdng,Wd Sdng,BrkFace,0.0,TA,TA,CBlock,TA,TA,No,BLQ,336.0,GLQ,41.0,295.0,672.0,GasA,TA,Y,SBrkr,1072.0,213.0,0.0,1285.0,1.0,0.0,1.0,0.0,2.0,1.0,TA,6.0,Min1,0.0,Gd,Detchd,1948.0,Unf,1.0,240.0,TA,TA,Y,0.0,0.0,0.0,0.0,0.0,0.0,Gd,MnPrv,Shed,0.0,1.0,2008.0,WD,Normal,127000.0,-0.724648095324857,1.0,低
79.0,90.0,RL,72.0,10778.0,Pave,Grvl,Reg,Lvl,AllPub,Inside,Gtl,Sawyer,Norm,Norm,Duplex,1Story,4.0,5.0,1968.0,1968.0,Hip,CompShg,HdBoard,HdBoard,BrkFace,0.0,TA,TA,CBlock,TA,TA,No,Unf,0.0,Unf,0.0,1768.0,1768.0,GasA,TA,N,SBrkr,1768.0,0.0,0.0,1768.0,0.0,0.0,2.0,0.0,4.0,2.0,TA,8.0,Typ,0.0,Gd,Attchd,1951.4,Unf,0.0,0.0,TA,TA,Y,0.0,0.0,0.0,0.0,0.0,0.0,Gd,MnPrv,Shed,0.0,4.0,2010.0,WD,Normal,136500.0,-0.5792432109076827,1.0,低
80.0,50.0,RM,60.0,10440.0,Pave,Grvl,Reg,Lvl,AllPub,Corner,Gtl,OldTown,Norm,Norm,1Fam,2Story,5.0,6.0,1910.0,1981.0,Gable,CompShg,Wd Sdng,Wd Sdng,BrkFace,0.0,TA,TA,PConc,TA,TA,No,Unf,0.0,Unf,0.0,440.0,440.0,GasA,Gd,Y,SBrkr,682.0,548.0,0.0,1230.0,0.0,0.0,1.0,1.0,2.0,1.0,TA,5.0,Typ,0.0,Gd,Detchd,1966.0,Unf,2.0,440.0,TA,TA,Y,74.0,0.0,128.0,0.0,0.0,0.0,Gd,MnPrv,Shed,0.0,5.0,2009.0,WD,Normal,110000.0,-0.9848463095450634,0.0,极低
81.0,60.0,RL,100.0,13000.0,Pave,Grvl,Reg,Lvl,AllPub,Corner,Gtl,NAmes,Norm,Norm,1Fam,2Story,6.0,6.0,1968.0,1968.0,Gable,CompShg,VinylSd,VinylSd,BrkFace,576.0,TA,Gd,CBlock,Gd,TA,No,Rec,448.0,Unf,0.0,448.0,896.0,GasA,TA,Y,SBrkr,1182.0,960.0,0.0,2142.0,0.0,0.0,2.0,1.0,4.0,1.0,Gd,8.0,Typ,1.0,Gd,Attchd,1968.0,Fin,1.0,509.0,TA,TA,Y,0.0,72.0,0.0,0.0,252.0,0.0,Gd,MnPrv,Shed,0.0,6.0,2009.0,WD,Normal,193500.0,0.2931860955953624,3.0,高
82.0,120.0,RM,32.0,4500.0,Pave,Grvl,Reg,Lvl,AllPub,FR2,Gtl,Mitchel,Norm,Norm,TwnhsE,1Story,6.0,5.0,1998.0,1998.0,Hip,CompShg,VinylSd,VinylSd,BrkFace,443.0,TA,Gd,PConc,Ex,Gd,No,GLQ,1201.0,Unf,0.0,36.0,1237.0,GasA,Ex,Y,SBrkr,1337.0,0.0,0.0,1337.0,1.0,0.0,2.0,0.0,2.0,1.0,TA,5.0,Typ,0.0,Gd,Attchd,1998.0,Fin,2.0,405.0,TA,TA,Y,0.0,199.0,0.0,0.0,0.0,0.0,Gd,MnPrv,Shed,0.0,3.0,2006.0,WD,Normal,153500.0,-0.31904499668747627,2.0,中
83.0,20.0,RL,78.0,10206.0,Pave,Grvl,Reg,Lvl,AllPub,Inside,Gtl,Somerst,Norm,Norm,1Fam,1Story,8.0,5.0,2007.0,2007.0,Gable,CompShg,VinylSd,VinylSd,Stone,468.0,TA,TA,PConc,Gd,TA,No,GLQ,33.0,Unf,0.0,1530.0,1563.0,GasA,Ex,Y,SBrkr,1563.0,0.0,0.0,1563.0,0.0,0.0,2.0,0.0,3.0,1.0,Gd,6.0,Typ,1.0,Gd,Attchd,2007.0,RFn,3.0,758.0,TA,TA,Y,144.0,99.0,0.0,0.0,0.0,0.0,Gd,MnPrv,Shed,0.0,10.0,2008.0,WD,Normal,245000.0,1.0814336269095173,4.0,极高
84.0,20.0,RL,80.0,8892.0,Pave,Grvl,IR1,Lvl,AllPub,Inside,Gtl,NAmes,Norm,Norm,1Fam,1Story,5.0,5.0,1960.0,1960.0,Gable,CompShg,MetalSd,MetalSd,BrkCmn,66.0,TA,TA,CBlock,TA,TA,No,Unf,0.0,Unf,0.0,1065.0,1065.0,GasA,Gd,Y,SBrkr,1065.0,0.0,0.0,1065.0,0.0,0.0,1.0,1.0,3.0,1.0,TA,6.0,Typ,0.0,Gd,Detchd,1974.0,Unf,2.0,461.0,TA,TA,Y,74.0,0.0,0.0,0.0,0.0,0.0,Gd,MnPrv,Shed,0.0,7.0,2007.0,COD,Normal,126500.0,-0.7323009839783924,1.0,低
85.0,80.0,RL,72.2,8530.0,Pave,Grvl,IR1,Lvl,AllPub,Inside,Gtl,Gilbert,Norm,Norm,1Fam,SLvl,7.0,5.0,1995.0,1996.0,Gable,CompShg,HdBoard,HdBoard,BrkFace,22.0,TA,TA,PConc,Gd,TA,No,Unf,0.0,Unf,0.0,384.0,384.0,GasA,Gd,Y,SBrkr,804.0,670.0,0.0,1474.0,0.0,0.0,2.0,1.0,3.0,1.0,TA,7.0,Typ,1.0,TA,BuiltIn,1995.0,Fin,2.0,400.0,TA,TA,Y,120.0,72.0,0.0,0.0,0.0,0.0,Gd,MnPrv,Shed,700.0,5.0,2009.0,WD,Normal,168500.0,-0.08945833708141178,2.0,中
86.0,60.0,RL,121.0,16059.0,Pave,Grvl,Reg,Lvl,AllPub,Corner,Gtl,NoRidge,Norm,Norm,1Fam,2Story,8.0,5.0,1991.0,1992.0,Hip,CompShg,HdBoard,HdBoard,BrkFace,284.0,Gd,TA,CBlock,Gd,TA,No,Unf,0.0,Unf,0.0,1288.0,1288.0,GasA,Ex,Y,SBrkr,1301.0,1116.0,0.0,2417.0,0.0,0.0,2.0,1.0,4.0,1.0,Gd,9.0,Typ,1.0,TA,Attchd,1991.0,Unf,2.0,462.0,TA,TA,Y,127.0,82.0,0.0,0.0,0.0,0.0,Gd,MnPrv,Shed,0.0,4.0,2006.0,WD,Normal,260000.0,1.3110202865155818,4.0,极高
87.0,60.0,RL,122.0,11911.0,Pave,Grvl,IR2,Lvl,AllPub,Inside,Gtl,Gilbert,Norm,Norm,1Fam,2Story,6.0,5.0,2005.0,2005.0,Gable,CompShg,VinylSd,VinylSd,BrkFace,0.0,Gd,TA,PConc,Gd,TA,Av,Unf,0.0,Unf,0.0,684.0,684.0,GasA,Ex,Y,SBrkr,684.0,876.0,0.0,1560.0,0.0,0.0,2.0,1.0,3.0,1.0,Gd,6.0,Typ,1.0,Gd,BuiltIn,2005.0,Fin,2.0,400.0,TA,TA,Y,100.0,38.0,0.0,0.0,0.0,0.0,Gd,MnPrv,Shed,0.0,3.0,2009.0,WD,Normal,174000.0,-0.005276561892521462,3.0,高
88.0,160.0,FV,40.0,3951.0,Pave,Pave,Reg,Lvl,AllPub,Corner,Gtl,Somerst,Norm,Norm,TwnhsE,2Story,6.0,5.0,2009.0,2009.0,Gable,CompShg,VinylSd,VinylSd,Stone,76.0,Gd,TA,PConc,Gd,TA,Av,Unf,0.0,Unf,0.0,612.0,612.0,GasA,Ex,Y,SBrkr,612.0,612.0,0.0,1224.0,0.0,0.0,2.0,1.0,2.0,1.0,Gd,4.0,Typ,0.0,Gd,Detchd,2009.0,RFn,2.0,528.0,TA,TA,Y,0.0,234.0,0.0,0.0,0.0,0.0,Gd,MnPrv,Shed,0.0,6.0,2009.0,New,Partial,164500.0,-0.15068144630969565,2.0,中
730.5,50.0,C (all),70.0,9478.5,Pave,Grvl,IR1,Lvl,AllPub,Corner,Gtl,IDOTRR,Feedr,Feedr,1Fam,1.5Fin,6.0,5.0,1973.0,1994.0,Hip,CompShg,Plywood,Plywood,BrkFace,0.0,Fa,Fa,CBlock,TA,Fa,No,Unf,383.5,Unf,0.0,477.5,991.5,GasA,TA,N,SBrkr,1087.0,0.0,0.0,1464.0,0.0,0.0,2.0,0.0,3.0,1.0,Fa,6.0,Typ,1.0,Gd,Attchd,1978.0,Unf,2.0,480.0,TA,TA,N,0.0,25.0,0.0,0.0,0.0,0.0,Gd,MnPrv,Shed,0.0,6.0,2008.0,ConLD,Abnorml,163000.0,-0.1736401122703021,2.0,中
90.0,20.0,RL,60.0,8070.0,Pave,Grvl,Reg,Lvl,AllPub,Inside,Gtl,CollgCr,Norm,Norm,1Fam,1Story,4.0,5.0,1994.0,1995.0,Gable,CompShg,VinylSd,VinylSd,BrkFace,0.0,TA,TA,PConc,Gd,TA,No,GLQ,588.0,Unf,0.0,402.0,990.0,GasA,Ex,Y,SBrkr,990.0,0.0,0.0,990.0,1.0,0.0,1.0,0.0,3.0,1.0,TA,5.0,Typ,0.0,Gd,Attchd,1975.6,Unf,0.0,0.0,TA,TA,Y,0.0,0.0,0.0,0.0,0.0,0.0,Gd,MnPrv,Shed,0.0,8.0,2007.0,WD,Normal,123600.0,-0.7766877381688982,0.0,极低
91.0,20.0,RL,60.0,7200.0,Pave,Grvl,Reg,Lvl,AllPub,Inside,Gtl,NAmes,Norm,Norm,1Fam,1Story,4.0,5.0,1950.0,1950.0,Gable,CompShg,BrkFace,Wd Sdng,BrkFace,0.0,TA,TA,Slab,TA,TA,No,Unf,0.0,Unf,0.0,0.0,0.0,GasA,TA,Y,FuseA,1040.0,0.0,0.0,1040.0,0.0,0.0,1.0,0.0,2.0,1.0,TA,4.0,Typ,0.0,Gd,Detchd,1950.0,Unf,2.0,420.0,TA,TA,Y,0.0,29.0,0.0,0.0,0.0,0.0,Gd,MnPrv,Shed,0.0,7.0,2006.0,WD,Normal,109900.0,-0.9863768872757704,0.0,极低
92.0,20.0,RL,85.0,8500.0,Pave,Grvl,Reg,Lvl,AllPub,Inside,Gtl,NAmes,Norm,Norm,1Fam,1Story,5.0,3.0,1961.0,1961.0,Hip,CompShg,HdBoard,HdBoard,BrkCmn,203.0,TA,TA,CBlock,TA,TA,No,Rec,600.0,Unf,0.0,635.0,1235.0,GasA,TA,Y,SBrkr,1235.0,0.0,0.0,1235.0,0.0,0.0,1.0,0.0,2.0,1.0,TA,6.0,Typ,0.0,Gd,Attchd,1961.0,Unf,2.0,480.0,TA,TA,Y,0.0,0.0,0.0,0.0,0.0,0.0,Gd,GdWo,Shed,0.0,12.0,2006.0,WD,Abnorml,98600.0,-1.1593321708456723,0.0,极低
93.0,30.0,RL,80.0,13360.0,Pave,Grvl,IR1,HLS,AllPub,Inside,Gtl,Crawfor,Norm,Norm,1Fam,1Story,5.0,7.0,1921.0,2006.0,Gable,CompShg,Wd Sdng,Wd Sdng,BrkFace,0.0,TA,Gd,BrkTil,Gd,TA,No,ALQ,713.0,Unf,0.0,163.0,876.0,GasA,Ex,Y,SBrkr,964.0,0.0,0.0,964.0,1.0,0.0,1.0,0.0,2.0,1.0,TA,5.0,Typ,0.0,Gd,Detchd,1921.0,Unf,2.0,432.0,TA,TA,Y,0.0,0.0,44.0,0.0,0.0,0.0,Gd,MnPrv,Shed,0.0,8.0,2009.0,WD,Normal,163500.0,-0.16598722361676663,2.0,中
730.5,50.0,C (all),70.0,9478.5,Pave,Grvl,Reg,Lvl,AllPub,Corner,Gtl,OldTown,Norm,Norm,2fmCon,2.5Unf,6.0,5.0,1973.0,1994.0,Hip,CompShg,MetalSd,MetalSd,BrkFace,0.0,TA,TA,BrkTil,TA,Fa,Mn,Rec,383.5,Unf,0.0,477.5,991.5,GasW,Ex,N,SBrkr,1087.0,0.0,0.0,1464.0,0.0,0.0,2.0,0.0,3.0,1.0,TA,6.0,Typ,1.0,Gd,Detchd,1978.0,Unf,2.0,480.0,TA,TA,Y,0.0,25.0,0.0,0.0,0.0,0.0,Gd,MnPrv,Shed,0.0,6.0,2008.0,WD,Normal,163000.0,-0.1736401122703021,2.0,中
95.0,60.0,RL,69.0,9337.0,Pave,Grvl,IR1,Lvl,AllPub,Inside,Gtl,CollgCr,Norm,Norm,1Fam,2Story,6.0,5.0,1997.0,1997.0,Gable,CompShg,VinylSd,VinylSd,BrkFace,0.0,TA,Gd,PConc,Gd,TA,No,GLQ,648.0,Unf,0.0,176.0,824.0,GasA,Ex,Y,SBrkr,905.0,881.0,0.0,1786.0,1.0,0.0,2.0,1.0,3.0,1.0,Gd,7.0,Typ,0.0,Gd,Attchd,1997.0,RFn,2.0,684.0,TA,TA,Y,0.0,162.0,0.0,0.0,0.0,0.0,Gd,MnPrv,Shed,0.0,5.0,2007.0,WD,Normal,204750.0,0.4653760902999108,3.0,高
96.0,60.0,RL,69.4,9765.0,Pave,Grvl,IR2,Lvl,AllPub,Corner,Gtl,Gilbert,Norm,Norm,1Fam,2Story,6.0,8.0,1993.0,1993.0,Gable,CompShg,VinylSd,VinylSd,BrkFace,68.0,Ex,Gd,PConc,Gd,Gd,No,ALQ,310.0,Unf,0.0,370.0,680.0,GasA,Gd,Y,SBrkr,680.0,790.0,0.0,1470.0,0.0,0.0,2.0,1.0,3.0,1.0,TA,6.0,Typ,1.0,TA,BuiltIn,1993.0,Fin,2.0,420.0,TA,TA,Y,232.0,63.0,0.0,0.0,0.0,0.0,Gd,MnPrv,Shed,480.0,4.0,2009.0,WD,Normal,185000.0,0.16308698848525918,3.0,高
97.0,20.0,RL,78.0,10264.0,Pave,Grvl,IR1,Lvl,AllPub,Inside,Gtl,CollgCr,Norm,Norm,1Fam,1Story,7.0,5.0,1999.0,1999.0,Gable,CompShg,VinylSd,VinylSd,BrkFace,183.0,Gd,TA,PConc,Gd,TA,Av,ALQ,1162.0,Unf,0.0,426.0,1588.0,GasA,Ex,Y,SBrkr,1588.0,0.0,0.0,1588.0,0.0,0.0,2.0,0.0,3.0,1.0,Gd,6.0,Typ,0.0,Gd,Attchd,1999.0,RFn,2.0,472.0,TA,TA,Y,158.0,29.0,0.0,0.0,0.0,0.0,Gd,MnPrv,Shed,0.0,8.0,2006.0,WD,Normal,214000.0,0.6069545303903172,3.0,高
98.0,20.0,RL,73.0,10921.0,Pave,Grvl,Reg,HLS,AllPub,Inside,Gtl,Edwards,Norm,Norm,1Fam,1Story,4.0,5.0,1965.0,1965.0,Hip,CompShg,HdBoard,HdBoard,BrkFace,48.0,TA,TA,CBlock,TA,TA,No,Rec,520.0,Unf,0.0,440.0,960.0,GasA,TA,Y,FuseF,960.0,0.0,0.0,960.0,1.0,0.0,1.0,0.0,3.0,1.0,TA,6.0,Typ,0.0,Gd,Attchd,1965.0,Fin,1.0,432.0,TA,TA,P,120.0,0.0,0.0,0.0,0.0,0.0,Gd,MnPrv,Shed,0.0,5.0,2007.0,WD,Normal,94750.0,-1.2182594134778957,0.0,极低
99.0,30.0,RL,85.0,10625.0,Pave,Grvl,Reg,Lvl,AllPub,Corner,Gtl,Edwards,Norm,Norm,1Fam,1Story,5.0,5.0,1920.0,1950.0,Gable,CompShg,Wd Sdng,Wd Sdng,BrkFace,0.0,TA,TA,BrkTil,TA,TA,No,ALQ,108.0,Unf,0.0,350.0,458.0,GasA,Fa,N,SBrkr,835.0,0.0,0.0,835.0,0.0,0.0,1.0,0.0,2.0,1.0,TA,5.0,Typ,0.0,Gd,Basment,1920.0,Unf,1.0,366.0,Fa,TA,Y,0.0,0.0,77.0,0.0,0.0,0.0,Gd,MnPrv,Shed,400.0,5.0,2010.0,COD,Abnorml,83000.0,-1.3981022968359795,0.0,极低
100.0,20.0,RL,77.0,9320.0,Pave,Grvl,IR1,Lvl,AllPub,Inside,Gtl,NAmes,Norm,Norm,1Fam,1Story,4.0,5.0,1959.0,1959.0,Gable,CompShg,Plywood,Plywood,BrkFace,0.0,TA,TA,CBlock,TA,TA,No,ALQ,569.0,Unf,0.0,381.0,950.0,GasA,Fa,Y,SBrkr,1225.0,0.0,0.0,1225.0,1.0,0.0,1.0,1.0,3.0,1.0,TA,6.0,Typ,0.0,Gd,Attchd,1962.8,Unf,0.0,0.0,TA,TA,Y,352.0,0.0,0.0,0.0,0.0,0.0,Gd,MnPrv,Shed,400.0,1.0,2010.0,WD,Normal,128950.0,-0.6948018295760685,1.0,低
101.0,20.0,RL,74.6,10603.0,Pave,Grvl,IR1,Lvl,AllPub,Inside,Gtl,NWAmes,Norm,Norm,1Fam,1Story,6.0,7.0,1977.0,2001.0,Gable,CompShg,Plywood,Plywood,BrkFace,28.0,TA,TA,PConc,TA,TA,Mn,ALQ,1200.0,Unf,0.0,410.0,1610.0,GasA,Gd,Y,SBrkr,1610.0,0.0,0.0,1610.0,1.0,0.0,2.0,0.0,3.0,1.0,Gd,6.0,Typ,2.0,TA,Attchd,1977.0,RFn,2.0,480.0,TA,TA,Y,168.0,68.0,0.0,0.0,0.0,0.0,Gd,MnPrv,Shed,0.0,2.0,2010.0,WD,Normal,205000.0,0.46920253462667855,3.0,高
102.0,60.0,RL,77.0,9206.0,Pave,Grvl,Reg,Lvl,AllPub,Inside,Gtl,SawyerW,Norm,Norm,1Fam,2Story,6.0,5.0,1985.0,1985.0,Gable,CompShg,HdBoard,HdBoard,BrkFace,336.0,Gd,TA,CBlock,Gd,TA,No,Unf,0.0,Unf,0.0,741.0,741.0,GasA,TA,Y,SBrkr,977.0,755.0,0.0,1732.0,0.0,0.0,2.0,1.0,3.0,1.0,Gd,7.0,Typ,1.0,TA,Attchd,1985.0,Fin,2.0,476.0,TA,TA,Y,192.0,46.0,0.0,0.0,0.0,0.0,Gd,MnPrv,Shed,0.0,6.0,2010.0,WD,Normal,178000.0,0.05594654733576241,3.0,高
103.0,90.0,RL,64.0,7018.0,Pave,Grvl,Reg,Bnk,AllPub,Inside,Gtl,SawyerW,Norm,Norm,Duplex,1Story,5.0,5.0,1979.0,1979.0,Gable,CompShg,HdBoard,HdBoard,BrkFace,0.0,TA,Fa,Slab,TA,TA,No,Unf,0.0,Unf,0.0,0.0,0.0,GasA,TA,Y,SBrkr,1535.0,0.0,0.0,1535.0,0.0,0.0,2.0,0.0,4.0,2.0,TA,8.0,Typ,0.0,Gd,Attchd,1979.0,Unf,2.0,410.0,TA,TA,Y,0.0,0.0,0.0,0.0,0.0,0.0,Gd,MnPrv,Shed,0.0,6.0,2009.0,WD,Alloca,118964.0,-0.8476453217644793,0.0,极低
104.0,20.0,RL,94.0,10402.0,Pave,Grvl,IR1,Lvl,AllPub,Corner,Gtl,CollgCr,Norm,Norm,1Fam,1Story,7.0,5.0,2009.0,2009.0,Gable,CompShg,VinylSd,VinylSd,BrkFace,0.0,TA,TA,PConc,Gd,TA,No,Unf,0.0,Unf,0.0,1226.0,1226.0,GasA,Ex,Y,SBrkr,1226.0,0.0,0.0,1226.0,0.0,0.0,2.0,0.0,3.0,1.0,Gd,6.0,Typ,0.0,Gd,Attchd,2009.0,RFn,3.0,740.0,TA,TA,Y,0.0,36.0,0.0,0.0,0.0,0.0,Gd,MnPrv,Shed,0.0,5.0,2010.0,WD,Normal,198900.0,0.37583729305354563,3.0,高
105.0,50.0,RM,65.6,7758.0,Pave,Grvl,Reg,Lvl,AllPub,Corner,Gtl,IDOTRR,Norm,Norm,1Fam,1.5Fin,7.0,4.0,1931.0,1950.0,Gable,CompShg,Stucco,Stucco,BrkFace,600.0,TA,Fa,PConc,TA,TA,No,LwQ,224.0,Unf,0.0,816.0,1040.0,GasA,Ex,Y,FuseF,1226.0,592.0,0.0,1818.0,0.0,0.0,1.0,1.0,4.0,1.0,TA,7.0,Typ,2.0,TA,Detchd,1951.0,Unf,1.0,240.0,TA,TA,Y,0.0,0.0,0.0,0.0,184.0,0.0,Gd,MnPrv,Shed,0.0,6.0,2007.0,WD,Normal,169500.0,-0.07415255977434082,2.0,中
106.0,60.0,FV,75.0,9375.0,Pave,Grvl,Reg,Lvl,AllPub,Inside,Gtl,Somerst,Norm,Norm,1Fam,2Story,8.0,5.0,2003.0,2004.0,Hip,CompShg,VinylSd,VinylSd,BrkFace,768.0,Gd,TA,PConc,Ex,TA,No,Unf,0.0,Unf,0.0,1053.0,1053.0,GasA,Ex,Y,SBrkr,1053.0,939.0,0.0,1992.0,0.0,0.0,2.0,1.0,3.0,1.0,Gd,9.0,Typ,1.0,Gd,Attchd,2003.0,RFn,2.0,648.0,TA,TA,Y,140.0,45.0,0.0,0.0,0.0,0.0,Gd,MnPrv,Shed,0.0,8.0,2008.0,WD,Normal,250000.0,1.157962513444872,4.0,极高
107.0,30.0,RM,60.0,10800.0,Pave,Grvl,Reg,Lvl,AllPub,Inside,Gtl,OldTown,Norm,Norm,1Fam,1Story,4.0,7.0,1885.0,1995.0,Mansard,CompShg,VinylSd,VinylSd,BrkFace,0.0,TA,TA,BrkTil,Fa,TA,No,Unf,0.0,Unf,0.0,641.0,641.0,GasA,Gd,Y,SBrkr,1047.0,0.0,0.0,1047.0,0.0,0.0,1.0,0.0,2.0,1.0,TA,6.0,Typ,0.0,Gd,Detchd,1954.0,Unf,1.0,273.0,Fa,Fa,N,0.0,0.0,0.0,0.0,0.0,0.0,Gd,MnPrv,Shed,450.0,8.0,2007.0,WD,Normal,100000.0,-1.1379040826157731,0.0,极低
108.0,20.0,RM,50.0,6000.0,Pave,Grvl,Reg,Lvl,AllPub,Inside,Gtl,OldTown,Norm,Norm,1Fam,1Story,5.0,5.0,1948.0,1950.0,Gable,CompShg,VinylSd,VinylSd,BrkFace,0.0,TA,TA,CBlock,TA,TA,No,ALQ,104.0,BLQ,169.0,516.0,789.0,GasA,Ex,Y,SBrkr,789.0,0.0,0.0,789.0,0.0,0.0,1.0,0.0,2.0,1.0,TA,5.0,Typ,0.0,Gd,Detchd,1948.0,Unf,1.0,250.0,TA,TA,Y,0.0,0.0,0.0,0.0,0.0,0.0,Gd,MnPrv,Shed,0.0,4.0,2008.0,WD,Partial,115000.0,-0.9083174230097085,0.0,极低
109.0,50.0,RM,85.0,8500.0,Pave,Grvl,Reg,Lvl,AllPub,Corner,Gtl,IDOTRR,Artery,Norm,1Fam,1.5Fin,5.0,7.0,1919.0,2005.0,Gable,CompShg,CemntBd,CmentBd,BrkFace,0.0,TA,TA,CBlock,TA,TA,No,Unf,0.0,Unf,0.0,793.0,793.0,GasW,TA,N,FuseF,997.0,520.0,0.0,1517.0,0.0,0.0,2.0,0.0,3.0,1.0,Fa,7.0,Typ,0.0,Gd,Attchd,1951.2,Unf,0.0,0.0,TA,TA,N,0.0,0.0,144.0,0.0,0.0,0.0,Gd,MnPrv,Shed,0.0,8.0,2007.0,WD,Normal,115000.0,-0.9083174230097085,0.0,极低
110.0,20.0,RL,105.0,11751.0,Pave,Grvl,IR1,Lvl,AllPub,Inside,Gtl,NWAmes,Norm,Norm,1Fam,1Story,6.0,6.0,1977.0,1977.0,Hip,CompShg,Plywood,Plywood,BrkFace,480.0,TA,TA,CBlock,Gd,TA,No,BLQ,705.0,Unf,0.0,1139.0,1844.0,GasA,Ex,Y,SBrkr,1844.0,0.0,0.0,1844.0,0.0,0.0,2.0,0.0,3.0,1.0,TA,7.0,Typ,1.0,TA,Attchd,1977.0,RFn,2.0,546.0,TA,TA,Y,0.0,122.0,0.0,0.0,0.0,0.0,Gd,MnPrv,Shed,0.0,1.0,2010.0,COD,Normal,190000.0,0.23961587502061402,3.0,高
111.0,50.0,RL,75.0,9525.0,Pave,Grvl,Reg,Lvl,AllPub,Inside,Gtl,Edwards,Norm,Norm,1Fam,1.5Fin,6.0,4.0,1954.0,1972.0,Gable,CompShg,Wd Sdng,Wd Sdng,BrkFace,0.0,TA,TA,CBlock,TA,Fa,No,Rec,444.0,Unf,0.0,550.0,994.0,GasA,Gd,Y,SBrkr,1216.0,639.0,0.0,1855.0,0.0,0.0,2.0,0.0,4.0,1.0,TA,7.0,Typ,0.0,Gd,Attchd,1954.0,Unf,1.0,325.0,TA,TA,Y,182.0,0.0,0.0,0.0,0.0,0.0,Gd,MnPrv,Shed,0.0,10.0,2006.0,WD,Normal,136900.0,-0.5731208999848544,1.0,低
112.0,80.0,RL,59.6,7750.0,Pave,Grvl,IR1,Lvl,AllPub,Inside,Gtl,Gilbert,Norm,Norm,1Fam,SLvl,7.0,5.0,2000.0,2000.0,Gable,CompShg,VinylSd,VinylSd,BrkFace,0.0,TA,TA,PConc,Gd,TA,No,GLQ,250.0,Unf,0.0,134.0,384.0,GasA,Ex,Y,SBrkr,774.0,656.0,0.0,1430.0,0.0,0.0,2.0,1.0,3.0,1.0,TA,7.0,Typ,1.0,TA,BuiltIn,2000.0,Fin,2.0,400.0,TA,TA,Y,180.0,0.0,0.0,0.0,0.0,0.0,Gd,MnPrv,Shed,0.0,4.0,2010.0,WD,Normal,180000.0,0.08655810194990435,3.0,高
113.0,60.0,RL,77.0,9965.0,Pave,Grvl,Reg,Lvl,AllPub,Inside,Gtl,CollgCr,Norm,Norm,1Fam,2Story,7.0,5.0,2007.0,2007.0,Gable,CompShg,VinylSd,VinylSd,Stone,220.0,Gd,TA,PConc,Ex,TA,Av,GLQ,984.0,Unf,0.0,280.0,1264.0,GasA,Ex,Y,SBrkr,1282.0,1414.0,0.0,2696.0,1.0,0.0,2.0,1.0,4.0,1.0,Ex,10.0,Typ,1.0,Gd,BuiltIn,2007.0,Fin,3.0,792.0,TA,TA,Y,120.0,184.0,0.0,0.0,168.0,0.0,Gd,MnPrv,Shed,0.0,10.0,2007.0,New,Partial,383970.0,3.2084774992731697,4.0,极高
114.0,20.0,RL,78.4,21000.0,Pave,Grvl,Reg,Bnk,AllPub,Corner,Gtl,Crawfor,Norm,Norm,1Fam,1Story,6.0,5.0,1953.0,1953.0,Hip,CompShg,Wd Sdng,Wd Sdng,BrkFace,184.0,TA,Gd,CBlock,Gd,TA,Mn,ALQ,35.0,Rec,869.0,905.0,1809.0,GasA,TA,Y,SBrkr,2259.0,0.0,0.0,2259.0,1.0,0.0,2.0,0.0,3.0,1.0,Gd,7.0,Typ,2.0,Gd,Basment,1953.0,Unf,2.0,450.0,TA,TA,Y,166.0,120.0,192.0,0.0,0.0,0.0,Gd,MnPrv,Shed,0.0,10.0,2007.0,COD,Abnorml,217000.0,0.6528718623115302,4.0,极高
115.0,70.0,RL,61.0,7259.0,Pave,Grvl,IR1,Lvl,AllPub,Inside,Mod,Crawfor,Norm,Norm,1Fam,2Story,6.0,8.0,1945.0,2002.0,Gambrel,CompShg,Wd Sdng,Wd Sdng,BrkFace,0.0,TA,TA,CBlock,TA,TA,No,ALQ,774.0,LwQ,150.0,104.0,1028.0,GasA,Ex,Y,SBrkr,1436.0,884.0,0.0,2320.0,1.0,0.0,2.0,1.0,3.0,1.0,Gd,9.0,Typ,1.0,TA,Detchd,1945.0,Unf,1.0,180.0,TA,TA,Y,224.0,0.0,0.0,0.0,0.0,0.0,Gd,MnPrv,Shed,0.0,7.0,2007.0,WD,Normal,259500.0,1.3033673978620461,4.0,极高
116.0,160.0,FV,34.0,3230.0,Pave,Pave,Reg,Lvl,AllPub,Corner,Gtl,Somerst,Norm,Norm,TwnhsE,2Story,6.0,5.0,1999.0,1999.0,Gable,CompShg,MetalSd,MetalSd,BrkFace,1129.0,TA,TA,PConc,Gd,TA,No,GLQ,419.0,Unf,0.0,310.0,729.0,GasA,Gd,Y,SBrkr,729.0,729.0,0.0,1458.0,0.0,0.0,2.0,1.0,2.0,1.0,TA,5.0,Typ,1.0,Fa,Detchd,1999.0,Unf,2.0,440.0,TA,TA,Y,0.0,32.0,0.0,0.0,0.0,0.0,Gd,MnPrv,Shed,0.0,6.0,2007.0,WD,Normal,176000.0,0.025334992721620472,3.0,高
730.5,50.0,RL,70.0,9478.5,Pave,Grvl,Reg,Lvl,AllPub,Inside,Gtl,Sawyer,Norm,Norm,1Fam,1Story,6.0,5.0,1973.0,1994.0,Gable,CompShg,Wd Sdng,Wd Sdng,BrkFace,0.0,TA,TA,CBlock,TA,TA,No,LwQ,383.5,BLQ,0.0,477.5,991.5,GasA,TA,Y,SBrkr,1087.0,0.0,0.0,1464.0,0.0,0.0,2.0,0.0,3.0,1.0,TA,6.0,Typ,1.0,Po,Attchd,1978.0,Unf,2.0,480.0,TA,TA,Y,0.0,25.0,0.0,0.0,0.0,0.0,Gd,MnPrv,Shed,0.0,6.0,2008.0,WD,Normal,163000.0,-0.1736401122703021,2.0,中
118.0,20.0,RL,74.0,8536.0,Pave,Grvl,Reg,Lvl,AllPub,Corner,Gtl,Edwards,Norm,Norm,1Fam,1Story,5.0,5.0,2006.0,2007.0,Gable,CompShg,VinylSd,VinylSd,BrkFace,0.0,TA,TA,PConc,Gd,TA,No,Unf,0.0,Unf,0.0,1125.0,1125.0,GasA,Gd,Y,SBrkr,1125.0,0.0,0.0,1125.0,0.0,0.0,1.0,1.0,2.0,1.0,TA,5.0,Typ,0.0,Gd,Attchd,2007.0,Unf,2.0,430.0,TA,TA,Y,80.0,64.0,0.0,0.0,0.0,0.0,Gd,MnPrv,Shed,0.0,4.0,2007.0,New,Partial,155000.0,-0.29608633072686985,2.0,中
119.0,60.0,RL,90.0,12376.0,Pave,Grvl,Reg,Lvl,AllPub,Corner,Gtl,SawyerW,Norm,Norm,1Fam,2Story,7.0,5.0,1990.0,1990.0,Hip,CompShg,Plywood,Plywood,BrkFace,0.0,TA,TA,PConc,Gd,TA,Mn,GLQ,1470.0,Unf,0.0,203.0,1673.0,GasA,Gd,Y,SBrkr,1699.0,1523.0,0.0,3222.0,1.0,0.0,3.0,0.0,5.0,1.0,Gd,11.0,Typ,2.0,TA,Attchd,1990.0,Unf,3.0,594.0,TA,TA,Y,367.0,0.0,0.0,0.0,0.0,0.0,Gd,MnPrv,Shed,0.0,5.0,2010.0,WD,Normal,320000.0,2.2293669249398396,4.0,极高
120.0,60.0,RL,65.0,8461.0,Pave,Grvl,Reg,Lvl,AllPub,Inside,Gtl,CollgCr,Norm,Norm,1Fam,2Story,6.0,5.0,2005.0,2006.0,Gable,CompShg,VinylSd,VinylSd,BrkFace,0.0,Gd,TA,PConc,Gd,TA,No,Unf,0.0,Unf,0.0,728.0,728.0,GasA,Ex,Y,SBrkr,728.0,728.0,0.0,1456.0,0.0,0.0,2.0,1.0,3.0,1.0,Gd,8.0,Typ,1.0,Gd,Attchd,2005.0,Fin,2.0,390.0,TA,TA,Y,0.0,24.0,0.0,0.0,0.0,0.0,Gd,MnPrv,Shed,0.0,7.0,2006.0,New,Partial,163990.0,-0.15848739273630186,2.0,中
121.0,80.0,RL,69.8,21453.0,Pave,Grvl,IR1,Low,AllPub,CulDSac,Sev,ClearCr,Norm,Norm,1Fam,SLvl,6.0,5.0,1969.0,1969.0,Flat,Metal,Plywood,Plywood,BrkFace,0.0,TA,TA,CBlock,TA,TA,Gd,ALQ,938.0,Unf,0.0,0.0,938.0,GasA,Ex,Y,SBrkr,988.0,0.0,0.0,988.0,1.0,0.0,1.0,0.0,1.0,1.0,TA,4.0,Typ,2.0,TA,Attchd,1969.0,Unf,2.0,540.0,TA,TA,Y,0.0,130.0,0.0,130.0,0.0,0.0,Gd,MnPrv,Shed,0.0,10.0,2006.0,WD,Normal,180000.0,0.08655810194990435,3.0,高
122.0,50.0,RM,50.0,6060.0,Pave,Grvl,Reg,Lvl,AllPub,Inside,Gtl,IDOTRR,Norm,Norm,1Fam,1.5Fin,4.0,5.0,1939.0,1950.0,Gable,CompShg,AsbShng,AsbShng,BrkFace,0.0,TA,TA,PConc,TA,TA,No,Unf,0.0,Unf,0.0,732.0,732.0,GasA,Gd,Y,SBrkr,772.0,351.0,0.0,1123.0,0.0,0.0,1.0,0.0,3.0,1.0,TA,4.0,Typ,0.0,Gd,Detchd,1979.0,Unf,1.0,264.0,TA,TA,P,0.0,0.0,140.0,0.0,0.0,0.0,Gd,MnPrv,Shed,0.0,6.0,2007.0,WD,Normal,100000.0,-1.1379040826157731,0.0,极低
123.0,20.0,RL,75.0,9464.0,Pave,Grvl,Reg,Lvl,AllPub,Corner,Gtl,NAmes,Norm,Norm,1Fam,1Story,6.0,7.0,1958.0,1958.0,Hip,CompShg,MetalSd,MetalSd,BrkFace,135.0,TA,Gd,CBlock,TA,TA,No,BLQ,570.0,Unf,0.0,510.0,1080.0,GasA,Gd,Y,SBrkr,1080.0,0.0,0.0,1080.0,0.0,0.0,1.0,0.0,3.0,1.0,TA,5.0,Typ,0.0,Gd,Attchd,1958.0,Unf,1.0,288.0,TA,TA,Y,0.0,0.0,0.0,0.0,130.0,0.0,Gd,MnPrv,Shed,0.0,6.0,2008.0,WD,Normal,136000.0,-0.5868960995612182,1.0,低
124.0,120.0,RL,55.0,7892.0,Pave,Grvl,Reg,Lvl,AllPub,Inside,Gtl,SawyerW,Norm,Norm,TwnhsE,1Story,6.0,5.0,1993.0,1993.0,Gable,CompShg,Plywood,Plywood,BrkFace,0.0,Gd,TA,PConc,Gd,TA,No,GLQ,300.0,Unf,0.0,899.0,1199.0,GasA,Ex,Y,SBrkr,1199.0,0.0,0.0,1199.0,0.0,0.0,2.0,0.0,2.0,1.0,Gd,5.0,Typ,0.0,Gd,Attchd,1993.0,RFn,2.0,530.0,TA,TA,Y,0.0,63.0,0.0,0.0,0.0,0.0,Gd,MnPrv,Shed,0.0,3.0,2008.0,WD,Normal,153900.0,-0.3129226857646479,2.0,中
125.0,20.0,RL,48.0,17043.0,Pave,Grvl,IR1,Lvl,AllPub,CulDSac,Gtl,NWAmes,Norm,Norm,1Fam,1Story,6.0,5.0,1979.0,1998.0,Gable,CompShg,HdBoard,HdBoard,BrkFace,0.0,TA,Gd,CBlock,Gd,Fa,No,Unf,0.0,Unf,0.0,1362.0,1362.0,GasA,TA,Y,SBrkr,1586.0,0.0,0.0,1586.0,0.0,0.0,2.0,0.0,3.0,1.0,TA,7.0,Typ,1.0,TA,Attchd,1979.0,Unf,2.0,435.0,TA,TA,Y,192.0,0.0,0.0,0.0,0.0,0.0,Gd,MnPrv,Shed,0.0,1.0,2009.0,WD,Normal,181000.0,0.1018638792569753,3.0,高
730.5,50.0,RM,70.0,9478.5,Pave,Grvl,Reg,Lvl,AllPub,Inside,Gtl,IDOTRR,Norm,Norm,2fmCon,1.5Fin,6.0,5.0,1973.0,1994.0,Gable,CompShg,Wd Sdng,Wd Sdng,BrkFace,0.0,TA,Fa,CBlock,TA,TA,Av,GLQ,383.5,Unf,0.0,477.5,991.5,GasA,Gd,N,SBrkr,1087.0,0.0,0.0,1464.0,0.0,0.0,2.0,0.0,3.0,1.0,TA,6.0,Typ,1.0,Gd,Attchd,1978.0,Unf,2.0,480.0,TA,TA,N,0.0,25.0,0.0,0.0,0.0,0.0,Gd,MnPrv,Shed,0.0,6.0,2008.0,WD,Normal,163000.0,-0.1736401122703021,2.0,中
127.0,120.0,RL,54.4,4928.0,Pave,Grvl,IR1,Lvl,AllPub,Inside,Gtl,NPkVill,Norm,Norm,TwnhsE,1Story,6.0,5.0,1976.0,1976.0,Gable,CompShg,Plywood,Plywood,BrkFace,0.0,TA,TA,CBlock,Gd,TA,No,ALQ,120.0,Unf,0.0,958.0,1078.0,GasA,TA,Y,SBrkr,958.0,0.0,0.0,958.0,0.0,0.0,2.0,0.0,2.0,1.0,TA,5.0,Typ,1.0,TA,Attchd,1977.0,RFn,2.0,440.0,TA,TA,Y,0.0,205.0,0.0,0.0,0.0,0.0,Gd,MnPrv,Shed,0.0,2.0,2007.0,WD,Normal,128000.0,-0.7093423180177859,1.0,低
128.0,45.0,RM,55.0,4388.0,Pave,Grvl,IR1,Bnk,AllPub,Inside,Gtl,OldTown,Feedr,Norm,1Fam,1.5Unf,5.0,7.0,1930.0,1950.0,Gable,CompShg,WdShing,Wd Sdng,BrkFace,0.0,TA,Gd,BrkTil,TA,TA,No,LwQ,116.0,Unf,0.0,556.0,672.0,GasA,Ex,Y,SBrkr,840.0,0.0,0.0,840.0,0.0,0.0,1.0,0.0,3.0,1.0,TA,5.0,Typ,1.0,TA,Attchd,1935.4,Unf,0.0,0.0,TA,TA,N,0.0,0.0,0.0,0.0,0.0,0.0,Gd,MnPrv,Shed,0.0,6.0,2007.0,WD,Normal,87000.0,-1.3368791876076955,0.0,极低
129.0,60.0,RL,69.0,7590.0,Pave,Grvl,Reg,Lvl,AllPub,Inside,Gtl,NAmes,PosN,Norm,1Fam,2Story,6.0,5.0,1966.0,1966.0,Gable,CompShg,VinylSd,VinylSd,BrkFace,266.0,TA,TA,CBlock,TA,TA,No,BLQ,512.0,Unf,0.0,148.0,660.0,GasA,TA,Y,SBrkr,660.0,688.0,0.0,1348.0,0.0,0.0,1.0,1.0,3.0,1.0,TA,6.0,Typ,1.0,Fa,Attchd,1966.0,RFn,2.0,453.0,TA,TA,Y,188.0,108.0,0.0,0.0,0.0,0.0,Gd,MnPrv,Shed,0.0,7.0,2006.0,WD,Normal,155000.0,-0.29608633072686985,2.0,中
730.5,50.0,RL,70.0,9478.5,Pave,Grvl,Reg,Lvl,AllPub,Inside,Gtl,NAmes,Norm,Norm,1Fam,1Story,6.0,5.0,1973.0,1994.0,Gable,CompShg,Plywood,Plywood,BrkFace,0.0,TA,TA,CBlock,TA,TA,No,Rec,383.5,BLQ,0.0,477.5,991.5,GasA,TA,Y,FuseA,1087.0,0.0,0.0,1464.0,0.0,0.0,2.0,0.0,3.0,1.0,Ex,6.0,Typ,1.0,Gd,2Types,1978.0,RFn,2.0,480.0,TA,TA,Y,0.0,25.0,0.0,0.0,0.0,0.0,Gd,MnWw,Shed,0.0,6.0,2008.0,WD,Abnorml,163000.0,-0.1736401122703021,2.0,中
131.0,60.0,RL,88.0,14200.0,Pave,Grvl,Reg,Lvl,AllPub,Corner,Gtl,NAmes,Norm,Norm,1Fam,2Story,7.0,6.0,1966.0,1966.0,Gable,CompShg,MetalSd,MetalSd,BrkFace,309.0,TA,TA,CBlock,TA,TA,No,Rec,445.0,Unf,0.0,479.0,924.0,GasA,Ex,Y,SBrkr,1216.0,941.0,0.0,2157.0,0.0,0.0,2.0,1.0,4.0,1.0,Gd,8.0,Typ,2.0,Gd,Attchd,1966.0,Fin,2.0,487.0,TA,TA,Y,105.0,66.0,0.0,0.0,0.0,0.0,Gd,GdPrv,Shed,0.0,5.0,2006.0,WD,Normal,226000.0,0.7906238580751689,4.0,极高
132.0,60.0,RL,89.2,12224.0,Pave,Grvl,IR1,Lvl,AllPub,Corner,Gtl,Gilbert,Norm,Norm,1Fam,2Story,6.0,5.0,2000.0,2000.0,Gable,CompShg,VinylSd,VinylSd,BrkFace,40.0,Gd,TA,PConc,Gd,TA,No,GLQ,695.0,Unf,0.0,297.0,992.0,GasA,Ex,Y,SBrkr,1022.0,1032.0,0.0,2054.0,1.0,0.0,2.0,1.0,3.0,1.0,Gd,7.0,Typ,1.0,TA,BuiltIn,2000.0,RFn,2.0,390.0,TA,TA,Y,24.0,48.0,0.0,0.0,0.0,0.0,Gd,MnPrv,Shed,0.0,7.0,2009.0,WD,Normal,244000.0,1.0661278496024462,4.0,极高
133.0,20.0,RL,75.0,7388.0,Pave,Grvl,Reg,Lvl,AllPub,Corner,Gtl,NAmes,Norm,Norm,1Fam,1Story,5.0,6.0,1959.0,2002.0,Gable,CompShg,MetalSd,MetalSd,BrkFace,0.0,TA,TA,CBlock,TA,TA,No,Rec,405.0,Unf,0.0,658.0,1063.0,GasA,Gd,Y,SBrkr,1327.0,0.0,0.0,1327.0,1.0,0.0,1.0,0.0,3.0,1.0,Gd,7.0,Typ,0.0,Gd,Detchd,1974.0,Unf,2.0,624.0,TA,TA,Y,0.0,0.0,0.0,0.0,0.0,0.0,Gd,MnPrv,Shed,0.0,7.0,2007.0,WD,Normal,150750.0,-0.36113588428192145,1.0,低
134.0,20.0,RL,67.2,6853.0,Pave,Grvl,IR1,Lvl,AllPub,Inside,Gtl,Timber,Norm,Norm,1Fam,1Story,8.0,5.0,2001.0,2002.0,Gable,CompShg,VinylSd,VinylSd,BrkFace,136.0,Gd,TA,PConc,Ex,TA,No,GLQ,1005.0,Unf,0.0,262.0,1267.0,GasA,Ex,Y,SBrkr,1296.0,0.0,0.0,1296.0,1.0,0.0,2.0,0.0,2.0,1.0,Gd,6.0,Typ,0.0,Gd,Attchd,2001.0,Fin,2.0,471.0,TA,TA,Y,192.0,25.0,0.0,0.0,0.0,0.0,Gd,MnPrv,Shed,0.0,6.0,2009.0,WD,Normal,220000.0,0.698789194232743,4.0,极高
135.0,20.0,RL,78.0,10335.0,Pave,Grvl,IR1,Lvl,AllPub,Inside,Gtl,Sawyer,Norm,Norm,1Fam,1Story,5.0,6.0,1968.0,1993.0,Gable,CompShg,Plywood,Plywood,BrkFace,0.0,TA,TA,CBlock,TA,TA,No,Rec,570.0,Unf,0.0,891.0,1461.0,GasA,Gd,Y,SBrkr,1721.0,0.0,0.0,1721.0,0.0,0.0,2.0,1.0,3.0,1.0,TA,7.0,Min1,1.0,TA,Attchd,1968.0,RFn,2.0,440.0,TA,TA,Y,0.0,96.0,180.0,0.0,0.0,0.0,Gd,MnPrv,Shed,0.0,7.0,2006.0,WD,Normal,180000.0,0.08655810194990435,3.0,高
136.0,20.0,RL,80.0,10400.0,Pave,Grvl,Reg,Lvl,AllPub,Inside,Gtl,NWAmes,Norm,Norm,1Fam,1Story,7.0,6.0,1970.0,1970.0,Hip,CompShg,Plywood,Plywood,BrkFace,288.0,TA,TA,PConc,TA,TA,No,Unf,0.0,Unf,0.0,1304.0,1304.0,GasA,Gd,Y,SBrkr,1682.0,0.0,0.0,1682.0,0.0,0.0,2.0,0.0,3.0,1.0,TA,7.0,Typ,1.0,Gd,Attchd,1970.0,Unf,2.0,530.0,TA,TA,Y,98.0,0.0,0.0,0.0,0.0,0.0,Gd,MnPrv,Shed,0.0,5.0,2008.0,WD,Normal,174000.0,-0.005276561892521462,3.0,高
137.0,20.0,RL,79.2,10355.0,Pave,Grvl,IR1,Lvl,AllPub,Corner,Gtl,NAmes,Norm,Norm,1Fam,1Story,5.0,5.0,1967.0,1967.0,Gable,CompShg,MetalSd,MetalSd,BrkFace,196.0,TA,TA,CBlock,TA,TA,No,BLQ,695.0,Unf,0.0,519.0,1214.0,GasA,TA,Y,SBrkr,1214.0,0.0,0.0,1214.0,0.0,0.0,2.0,0.0,3.0,1.0,TA,5.0,Typ,1.0,Fa,Attchd,1967.0,RFn,1.0,318.0,TA,TA,Y,0.0,111.0,0.0,0.0,0.0,0.0,Gd,MnPrv,Shed,0.0,7.0,2007.0,WD,Normal,143000.0,-0.47975565841172146,1.0,低
730.5,50.0,RL,70.0,9478.5,Pave,Grvl,Reg,Lvl,AllPub,Inside,Gtl,Mitchel,Norm,Norm,Duplex,1Story,6.0,5.0,1973.0,1994.0,Gable,CompShg,VinylSd,VinylSd,BrkFace,0.0,TA,TA,CBlock,TA,TA,No,Unf,383.5,Unf,0.0,477.5,991.5,GasA,Gd,Y,SBrkr,1087.0,0.0,0.0,1464.0,0.0,0.0,2.0,0.0,3.0,1.0,TA,6.0,Typ,1.0,Gd,2Types,1978.0,Unf,2.0,480.0,TA,TA,Y,0.0,25.0,0.0,0.0,0.0,0.0,Gd,MnPrv,Shed,0.0,6.0,2008.0,WD,Family,163000.0,-0.1736401122703021,2.0,中
139.0,60.0,RL,73.0,9066.0,Pave,Grvl,IR1,Lvl,AllPub,Inside,Gtl,CollgCr,Norm,Norm,1Fam,2Story,8.0,5.0,1999.0,2000.0,Gable,CompShg,VinylSd,VinylSd,BrkFace,320.0,Gd,TA,PConc,Gd,TA,Mn,GLQ,668.0,Unf,0.0,336.0,1004.0,GasA,Ex,Y,SBrkr,1004.0,848.0,0.0,1852.0,0.0,0.0,2.0,1.0,3.0,1.0,Gd,7.0,Typ,2.0,TA,Attchd,1999.0,Fin,3.0,660.0,TA,TA,Y,224.0,106.0,0.0,0.0,0.0,0.0,Gd,GdPrv,Shed,0.0,12.0,2008.0,WD,Normal,230000.0,0.8518469673034527,4.0,极高
140.0,60.0,RL,65.0,15426.0,Pave,Grvl,IR1,Lvl,AllPub,Inside,Gtl,CollgCr,Norm,Norm,1Fam,2Story,6.0,5.0,1997.0,1997.0,Gable,CompShg,VinylSd,VinylSd,BrkFace,0.0,TA,TA,PConc,Gd,TA,No,GLQ,821.0,Unf,0.0,107.0,928.0,GasA,Ex,Y,SBrkr,928.0,836.0,0.0,1764.0,1.0,0.0,2.0,1.0,3.0,1.0,Gd,7.0,Typ,0.0,Gd,Attchd,1997.0,RFn,2.0,470.0,TA,TA,Y,276.0,99.0,0.0,0.0,0.0,0.0,Gd,MnPrv,Shed,0.0,8.0,2009.0,WD,Normal,231500.0,0.8748056332640591,4.0,极高
141.0,20.0,RL,70.0,10500.0,Pave,Grvl,Reg,Lvl,AllPub,FR2,Gtl,NAmes,Norm,Norm,1Fam,1Story,4.0,5.0,1971.0,1971.0,Gable,CompShg,HdBoard,HdBoard,BrkFace,0.0,TA,TA,CBlock,TA,TA,No,ALQ,432.0,Unf,0.0,432.0,864.0,GasA,TA,Y,SBrkr,864.0,0.0,0.0,864.0,0.0,0.0,1.0,0.0,3.0,1.0,TA,5.0,Typ,1.0,Po,Attchd,1954.0,Unf,0.0,0.0,TA,TA,Y,0.0,0.0,0.0,0.0,0.0,0.0,Gd,MnPrv,Shed,0.0,4.0,2010.0,ConLI,Normal,115000.0,-0.9083174230097085,0.0,极低
142.0,20.0,RL,78.0,11645.0,Pave,Grvl,Reg,Lvl,AllPub,Inside,Gtl,CollgCr,Norm,Norm,1Fam,1Story,7.0,5.0,2005.0,2005.0,Gable,CompShg,VinylSd,VinylSd,BrkFace,0.0,Gd,TA,PConc,Gd,TA,Av,GLQ,1300.0,Unf,0.0,434.0,1734.0,GasA,Ex,Y,SBrkr,1734.0,0.0,0.0,1734.0,1.0,0.0,2.0,0.0,3.0,1.0,Gd,7.0,Typ,0.0,Gd,Attchd,2005.0,Fin,2.0,660.0,TA,TA,Y,160.0,24.0,0.0,0.0,0.0,0.0,Gd,MnPrv,Shed,0.0,1.0,2006.0,WD,Normal,260000.0,1.3110202865155818,4.0,极高
143.0,50.0,RL,71.0,8520.0,Pave,Grvl,Reg,Lvl,AllPub,Corner,Gtl,NAmes,Artery,Norm,1Fam,1.5Fin,5.0,4.0,1952.0,1952.0,Gable,CompShg,BrkFace,Wd Sdng,BrkFace,0.0,TA,Fa,CBlock,TA,TA,No,Rec,507.0,Unf,0.0,403.0,910.0,GasA,Fa,Y,SBrkr,910.0,475.0,0.0,1385.0,0.0,0.0,2.0,0.0,4.0,1.0,TA,6.0,Typ,0.0,Gd,Detchd,2000.0,Unf,2.0,720.0,TA,TA,Y,0.0,0.0,0.0,0.0,0.0,0.0,Gd,MnPrv,Shed,0.0,6.0,2010.0,WD,Normal,166000.0,-0.1277227803490892,2.0,中
144.0,20.0,RL,78.0,10335.0,Pave,Grvl,IR1,Lvl,AllPub,Inside,Gtl,CollgCr,Norm,Norm,1Fam,1Story,7.0,5.0,1999.0,1999.0,Gable,CompShg,VinylSd,VinylSd,BrkFace,183.0,Gd,TA,PConc,Gd,TA,Gd,GLQ,679.0,Unf,0.0,811.0,1490.0,GasA,Ex,Y,SBrkr,1501.0,0.0,0.0,1501.0,1.0,0.0,2.0,0.0,3.0,1.0,Gd,6.0,Typ,0.0,Gd,Attchd,1999.0,RFn,2.0,577.0,TA,TA,Y,144.0,29.0,0.0,0.0,0.0,0.0,Gd,MnPrv,Shed,0.0,6.0,2009.0,WD,Normal,204000.0,0.45389675731960755,3.0,高
730.5,50.0,RM,70.0,9478.5,Pave,Grvl,Reg,Lvl,AllPub,Inside,Gtl,Sawyer,RRAe,Norm,Duplex,1Story,6.0,5.0,1973.0,1994.0,Gable,CompShg,HdBoard,HdBoard,BrkFace,0.0,TA,TA,CBlock,TA,TA,No,Rec,383.5,Unf,0.0,477.5,991.5,GasA,TA,Y,SBrkr,1087.0,0.0,0.0,1464.0,0.0,0.0,2.0,0.0,3.0,1.0,TA,6.0,Typ,1.0,Gd,Detchd,1978.0,Unf,2.0,480.0,TA,TA,Y,0.0,25.0,0.0,0.0,0.0,0.0,Gd,MnPrv,Shed,0.0,6.0,2008.0,ConLI,Abnorml,163000.0,-0.1736401122703021,2.0,中
146.0,160.0,RM,24.0,2522.0,Pave,Grvl,Reg,Lvl,AllPub,Inside,Gtl,Edwards,Norm,Norm,Twnhs,2Story,6.0,5.0,2004.0,2006.0,Gable,CompShg,VinylSd,VinylSd,Stone,50.0,Gd,TA,PConc,Gd,TA,No,Unf,0.0,Unf,0.0,970.0,970.0,GasA,Ex,Y,SBrkr,970.0,739.0,0.0,1709.0,0.0,0.0,2.0,0.0,3.0,1.0,Gd,7.0,Maj1,0.0,Gd,Detchd,2004.0,Unf,2.0,380.0,TA,TA,Y,0.0,40.0,0.0,0.0,0.0,0.0,Gd,MnPrv,Shed,0.0,4.0,2006.0,WD,Normal,130000.0,-0.678730763403644,1.0,低
147.0,30.0,RM,51.0,6120.0,Pave,Grvl,Reg,Lvl,AllPub,Corner,Gtl,BrkSide,Norm,Norm,1Fam,1Story,5.0,7.0,1931.0,1993.0,Gable,CompShg,Wd Sdng,Wd Sdng,BrkFace,0.0,TA,TA,BrkTil,TA,TA,No,BLQ,209.0,Unf,0.0,506.0,715.0,GasA,TA,Y,FuseA,875.0,0.0,0.0,875.0,1.0,0.0,1.0,0.0,2.0,1.0,TA,5.0,Typ,0.0,Gd,Detchd,1931.0,Unf,1.0,180.0,Fa,TA,Y,48.0,0.0,0.0,0.0,0.0,0.0,Gd,MnPrv,Shed,0.0,11.0,2009.0,WD,Normal,105000.0,-1.0613751960804183,0.0,极低
148.0,60.0,RL,77.0,9505.0,Pave,Grvl,IR1,Lvl,AllPub,CulDSac,Gtl,Gilbert,Norm,Norm,1Fam,2Story,7.0,5.0,2001.0,2001.0,Gable,CompShg,VinylSd,VinylSd,BrkFace,180.0,Gd,TA,PConc,Gd,TA,No,Unf,0.0,Unf,0.0,884.0,884.0,GasA,Ex,Y,SBrkr,884.0,1151.0,0.0,2035.0,0.0,0.0,2.0,1.0,3.0,1.0,Gd,8.0,Typ,1.0,Gd,BuiltIn,2001.0,Fin,2.0,434.0,TA,TA,Y,144.0,48.0,0.0,0.0,0.0,0.0,Gd,MnPrv,Shed,0.0,5.0,2010.0,WD,Normal,222500.0,0.7370536375004204,4.0,极高
149.0,20.0,RL,63.0,7500.0,Pave,Grvl,Reg,Lvl,AllPub,Inside,Gtl,SawyerW,Norm,Norm,1Fam,1Story,7.0,5.0,2004.0,2005.0,Gable,CompShg,VinylSd,VinylSd,BrkFace,120.0,TA,TA,PConc,Gd,TA,No,GLQ,680.0,Unf,0.0,400.0,1080.0,GasA,Ex,Y,SBrkr,1080.0,0.0,0.0,1080.0,1.0,0.0,1.0,0.0,3.0,1.0,Gd,6.0,Typ,0.0,Gd,Attchd,1958.0,Unf,0.0,0.0,TA,TA,Y,0.0,0.0,0.0,0.0,0.0,0.0,Gd,MnPrv,Shed,0.0,4.0,2008.0,WD,Normal,141000.0,-0.5103672130258634,1.0,低
150.0,50.0,RM,50.0,6240.0,Pave,Grvl,Reg,Lvl,AllPub,Inside,Gtl,BrkSide,Norm,Norm,1Fam,1.5Fin,5.0,4.0,1936.0,1950.0,Gable,CompShg,MetalSd,MetalSd,BrkFace,0.0,TA,TA,BrkTil,Gd,TA,No,Unf,0.0,Unf,0.0,896.0,896.0,GasA,Gd,Y,FuseA,896.0,448.0,0.0,1344.0,0.0,0.0,1.0,0.0,3.0,1.0,TA,7.0,Typ,0.0,Gd,Detchd,1936.0,Unf,1.0,240.0,Fa,TA,Y,200.0,114.0,0.0,0.0,0.0,0.0,Gd,MnPrv,Shed,0.0,4.0,2006.0,WD,Normal,115000.0,-0.9083174230097085,0.0,极低
151.0,20.0,RL,120.0,10356.0,Pave,Grvl,Reg,Lvl,AllPub,Corner,Gtl,CollgCr,Norm,Norm,1Fam,1Story,5.0,6.0,1975.0,1975.0,Gable,CompShg,HdBoard,HdBoard,BrkFace,0.0,TA,TA,CBlock,TA,TA,Av,BLQ,716.0,Unf,0.0,253.0,969.0,GasA,TA,Y,SBrkr,969.0,0.0,0.0,969.0,0.0,0.0,1.0,1.0,3.0,1.0,TA,5.0,Typ,0.0,Gd,Attchd,1975.0,Unf,2.0,440.0,TA,TA,Y,0.0,0.0,0.0,0.0,0.0,0.0,Gd,MnPrv,Shed,0.0,1.0,2007.0,WD,Normal,122000.0,-0.8011769818602118,0.0,极低
152.0,20.0,RL,107.0,13891.0,Pave,Grvl,Reg,Lvl,AllPub,Inside,Gtl,NridgHt,Norm,Norm,1Fam,1Story,8.0,5.0,2007.0,2008.0,Hip,CompShg,VinylSd,VinylSd,Stone,436.0,Gd,TA,PConc,Ex,TA,Gd,GLQ,1400.0,Unf,0.0,310.0,1710.0,GasA,Ex,Y,SBrkr,1710.0,0.0,0.0,1710.0,1.0,0.0,2.0,0.0,2.0,1.0,Gd,6.0,Typ,1.0,Gd,Attchd,2007.0,RFn,3.0,866.0,TA,TA,Y,0.0,102.0,0.0,0.0,0.0,0.0,Gd,MnPrv,Shed,0.0,1.0,2008.0,New,Partial,372402.0,3.0314202673849726,4.0,极高
153.0,60.0,RL,82.4,14803.0,Pave,Grvl,IR1,Lvl,AllPub,CulDSac,Gtl,NWAmes,Norm,Norm,1Fam,2Story,6.0,5.0,1971.0,1971.0,Gable,CompShg,HdBoard,HdBoard,BrkFace,252.0,TA,TA,CBlock,TA,TA,No,Rec,416.0,Unf,0.0,409.0,825.0,GasA,Gd,Y,SBrkr,1097.0,896.0,0.0,1993.0,0.0,0.0,2.0,1.0,4.0,1.0,TA,8.0,Typ,1.0,Gd,Attchd,1971.0,RFn,2.0,495.0,TA,TA,Y,0.0,66.0,0.0,0.0,0.0,0.0,Gd,GdWo,Shed,0.0,6.0,2006.0,WD,Normal,190000.0,0.23961587502061402,3.0,高
154.0,20.0,RL,97.6,13500.0,Pave,Grvl,Reg,Lvl,AllPub,Inside,Gtl,ClearCr,Norm,Norm,1Fam,1Story,6.0,7.0,1960.0,1975.0,Flat,CompShg,BrkFace,Plywood,BrkFace,0.0,TA,TA,CBlock,Gd,TA,Gd,BLQ,429.0,ALQ,1080.0,93.0,1602.0,GasA,Gd,Y,SBrkr,1252.0,0.0,0.0,1252.0,1.0,0.0,1.0,0.0,1.0,1.0,TA,4.0,Typ,1.0,Gd,Attchd,1960.0,RFn,2.0,564.0,TA,TA,Y,409.0,0.0,0.0,0.0,0.0,0.0,Gd,MnPrv,Shed,0.0,3.0,2008.0,WD,Normal,235000.0,0.9283758538388075,4.0,极高
155.0,30.0,RM,84.0,11340.0,Pave,Grvl,Reg,Lvl,AllPub,Corner,Gtl,OldTown,Norm,Norm,1Fam,1Story,6.0,5.0,1923.0,1950.0,Gable,CompShg,Wd Sdng,Wd Sdng,BrkFace,0.0,TA,TA,BrkTil,TA,TA,No,Unf,0.0,Unf,0.0,1200.0,1200.0,GasA,TA,Y,FuseA,1200.0,0.0,0.0,1200.0,0.0,0.0,1.0,0.0,4.0,1.0,TA,7.0,Typ,0.0,Gd,Detchd,1923.0,Unf,1.0,312.0,Fa,Fa,Y,0.0,0.0,228.0,0.0,0.0,0.0,Gd,MnPrv,Shed,0.0,3.0,2006.0,WD,Family,125000.0,-0.7552596499389989,0.0,极低
156.0,50.0,RL,60.0,9600.0,Pave,Grvl,Reg,Lvl,AllPub,Corner,Gtl,Edwards,Artery,Norm,1Fam,1.5Fin,6.0,5.0,1924.0,1950.0,Gable,CompShg,Wd Sdng,Wd Sdng,BrkFace,0.0,TA,TA,BrkTil,TA,TA,No,Unf,0.0,Unf,0.0,572.0,572.0,Grav,Fa,N,FuseF,572.0,524.0,0.0,1096.0,0.0,0.0,1.0,0.0,2.0,1.0,TA,5.0,Typ,0.0,Gd,Attchd,1949.8,Unf,0.0,0.0,TA,TA,N,0.0,8.0,128.0,0.0,0.0,0.0,Gd,MnPrv,Shed,0.0,4.0,2008.0,WD,Normal,79000.0,-1.4593254060642633,0.0,极低
157.0,20.0,RL,60.0,7200.0,Pave,Grvl,Reg,Lvl,AllPub,Inside,Gtl,NAmes,Norm,Norm,1Fam,1Story,5.0,7.0,1950.0,1950.0,Hip,CompShg,Wd Sdng,Wd Sdng,BrkFace,0.0,TA,TA,CBlock,TA,TA,No,Unf,0.0,Unf,0.0,0.0,0.0,GasA,TA,Y,FuseF,1040.0,0.0,0.0,1040.0,0.0,0.0,1.0,0.0,2.0,1.0,TA,5.0,Typ,0.0,Gd,Detchd,1950.0,Unf,2.0,625.0,TA,TA,Y,0.0,0.0,0.0,0.0,0.0,0.0,Gd,MnPrv,Shed,0.0,6.0,2006.0,WD,Normal,109500.0,-0.9924991981985989,0.0,极低
158.0,60.0,RL,92.0,12003.0,Pave,Grvl,Reg,Lvl,AllPub,Corner,Gtl,Timber,Norm,Norm,1Fam,2Story,8.0,5.0,2009.0,2010.0,Gable,CompShg,VinylSd,VinylSd,BrkFace,84.0,Gd,TA,PConc,Ex,TA,No,Unf,0.0,Unf,0.0,774.0,774.0,GasA,Ex,Y,SBrkr,774.0,1194.0,0.0,1968.0,0.0,0.0,2.0,1.0,4.0,1.0,Ex,8.0,Typ,1.0,Gd,BuiltIn,2009.0,Fin,3.0,680.0,TA,TA,Y,0.0,75.0,0.0,0.0,0.0,0.0,Gd,MnPrv,Shed,0.0,5.0,2010.0,New,Partial,269500.0,1.4564251709327558,4.0,极高
159.0,60.0,FV,100.0,12552.0,Pave,Grvl,Reg,Lvl,AllPub,Corner,Gtl,Somerst,Norm,Norm,1Fam,2Story,7.0,5.0,2004.0,2005.0,Gable,CompShg,VinylSd,VinylSd,BrkFace,0.0,Gd,TA,PConc,Gd,TA,No,GLQ,222.0,Unf,0.0,769.0,991.0,GasA,Ex,Y,SBrkr,991.0,956.0,0.0,1947.0,0.0,0.0,2.0,1.0,3.0,1.0,Gd,8.0,Typ,1.0,Gd,Attchd,2004.0,RFn,2.0,678.0,TA,TA,Y,0.0,136.0,0.0,0.0,0.0,0.0,Gd,GdWo,Shed,0.0,5.0,2010.0,WD,Normal,254900.0,1.2329608222495199,4.0,极高
160.0,60.0,RL,134.0,19378.0,Pave,Grvl,IR1,HLS,AllPub,Corner,Gtl,Gilbert,Norm,Norm,1Fam,2Story,7.0,5.0,2005.0,2006.0,Gable,CompShg,VinylSd,VinylSd,BrkFace,456.0,Gd,TA,PConc,Gd,TA,Mn,GLQ,57.0,Unf,0.0,1335.0,1392.0,GasA,Ex,Y,SBrkr,1392.0,1070.0,0.0,2462.0,1.0,0.0,2.0,1.0,4.0,1.0,Gd,9.0,Typ,1.0,Gd,Attchd,2006.0,RFn,2.0,576.0,TA,TA,Y,239.0,132.0,0.0,168.0,0.0,0.0,Gd,MnPrv,Shed,0.0,3.0,2006.0,New,Partial,320000.0,2.2293669249398396,4.0,极高
161.0,20.0,RL,74.8,11120.0,Pave,Grvl,IR1,Lvl,AllPub,CulDSac,Gtl,Veenker,Norm,Norm,1Fam,1Story,6.0,6.0,1984.0,1984.0,Gable,CompShg,Plywood,Plywood,BrkFace,0.0,TA,TA,PConc,Gd,TA,No,BLQ,660.0,Unf,0.0,572.0,1232.0,GasA,TA,Y,SBrkr,1232.0,0.0,0.0,1232.0,0.0,0.0,2.0,0.0,3.0,1.0,TA,6.0,Typ,0.0,Gd,Attchd,1984.0,Unf,2.0,516.0,TA,TA,Y,0.0,0.0,0.0,0.0,0.0,0.0,Gd,MnPrv,Shed,0.0,6.0,2008.0,WD,Normal,162500.0,-0.1812930009238376,2.0,中
162.0,60.0,RL,110.0,13688.0,Pave,Grvl,IR1,Lvl,AllPub,Inside,Gtl,NridgHt,Norm,Norm,1Fam,2Story,9.0,5.0,2003.0,2004.0,Gable,CompShg,VinylSd,VinylSd,BrkFace,664.0,Gd,TA,PConc,Ex,TA,Av,GLQ,1016.0,Unf,0.0,556.0,1572.0,GasA,Ex,Y,SBrkr,1572.0,1096.0,0.0,2668.0,1.0,0.0,2.0,1.0,3.0,1.0,Ex,10.0,Typ,2.0,Gd,BuiltIn,2003.0,Fin,3.0,726.0,TA,TA,Y,400.0,0.0,0.0,0.0,0.0,0.0,Gd,MnPrv,Shed,0.0,3.0,2008.0,WD,Normal,412500.0,3.645151325843904,4.0,极高
163.0,20.0,RL,95.0,12182.0,Pave,Grvl,Reg,Lvl,AllPub,Corner,Gtl,NridgHt,Norm,Norm,1Fam,1Story,7.0,5.0,2005.0,2005.0,Gable,CompShg,VinylSd,VinylSd,BrkFace,226.0,Gd,TA,PConc,Gd,TA,Mn,BLQ,1201.0,Unf,0.0,340.0,1541.0,GasA,Ex,Y,SBrkr,1541.0,0.0,0.0,1541.0,0.0,0.0,2.0,0.0,3.0,1.0,Gd,7.0,Typ,1.0,Gd,Attchd,2005.0,RFn,2.0,532.0,TA,TA,Y,0.0,70.0,0.0,0.0,0.0,0.0,Gd,MnPrv,Shed,0.0,5.0,2010.0,New,Partial,220000.0,0.698789194232743,4.0,极高
164.0,45.0,RL,55.0,5500.0,Pave,Grvl,Reg,Lvl,AllPub,Inside,Gtl,OldTown,Norm,Norm,1Fam,1.5Unf,4.0,6.0,1956.0,1956.0,Gable,CompShg,MetalSd,MetalSd,BrkFace,0.0,TA,TA,CBlock,TA,TA,No,Unf,0.0,Unf,0.0,882.0,882.0,GasA,Ex,Y,SBrkr,882.0,0.0,0.0,882.0,0.0,0.0,1.0,0.0,1.0,1.0,TA,4.0,Typ,0.0,Gd,Attchd,1943.2,Unf,0.0,0.0,TA,TA,Y,0.0,0.0,0.0,0.0,0.0,0.0,Gd,MnPrv,Shed,0.0,4.0,2007.0,WD,Normal,103200.0,-1.088925595233146,0.0,极低
165.0,40.0,RM,40.0,5400.0,Pave,Pave,Reg,Lvl,AllPub,Corner,Gtl,OldTown,Norm,Norm,1Fam,1Story,6.0,7.0,1926.0,2004.0,Gable,CompShg,MetalSd,MetalSd,BrkFace,0.0,TA,Gd,BrkTil,TA,TA,Mn,LwQ,370.0,Unf,0.0,779.0,1149.0,GasA,Gd,Y,FuseA,1149.0,467.0,0.0,1616.0,0.0,0.0,2.0,0.0,3.0,1.0,Gd,5.0,Typ,0.0,Gd,Detchd,1926.0,Unf,1.0,216.0,TA,TA,Y,0.0,0.0,183.0,0.0,0.0,0.0,Gd,MnPrv,Shed,0.0,10.0,2007.0,WD,Normal,152000.0,-0.34200366264808274,2.0,低
730.5,50.0,RL,70.0,9478.5,Pave,Grvl,Reg,Lvl,AllPub,Inside,Gtl,Edwards,Norm,Norm,2fmCon,1.5Fin,6.0,5.0,1973.0,1994.0,Gable,CompShg,Wd Sdng,Wd Sdng,BrkFace,0.0,TA,Gd,BrkTil,TA,TA,No,ALQ,383.5,Rec,0.0,477.5,991.5,GasA,Gd,Y,SBrkr,1087.0,0.0,0.0,1464.0,0.0,0.0,2.0,0.0,3.0,1.0,TA,6.0,Typ,1.0,Gd,Attchd,1978.0,Unf,2.0,480.0,TA,TA,Y,0.0,25.0,0.0,0.0,0.0,0.0,Gd,MnPrv,Shed,0.0,6.0,2008.0,WD,Normal,163000.0,-0.1736401122703021,2.0,中
730.5,50.0,RL,70.0,9478.5,Pave,Grvl,IR1,Lvl,AllPub,Inside,Gtl,ClearCr,Norm,Norm,1Fam,1Story,6.0,5.0,1973.0,1994.0,Hip,CompShg,Wd Sdng,Wd Sdng,BrkFace,0.0,Gd,TA,CBlock,TA,TA,No,LwQ,383.5,BLQ,0.0,477.5,991.5,GasA,Ex,Y,FuseA,1087.0,0.0,0.0,1464.0,0.0,0.0,2.0,0.0,3.0,1.0,TA,6.0,Typ,1.0,Gd,Attchd,1978.0,Fin,2.0,480.0,TA,TA,Y,0.0,25.0,0.0,0.0,0.0,0.0,Gd,GdWo,Shed,0.0,6.0,2008.0,COD,Normal,163000.0,-0.1736401122703021,2.0,中
168.0,60.0,RL,86.0,10562.0,Pave,Grvl,Reg,Lvl,AllPub,Inside,Gtl,NridgHt,Norm,Norm,1Fam,2Story,8.0,5.0,2007.0,2007.0,Gable,CompShg,VinylSd,VinylSd,Stone,300.0,Gd,TA,PConc,Ex,TA,No,GLQ,1288.0,Unf,0.0,294.0,1582.0,GasA,Ex,Y,SBrkr,1610.0,551.0,0.0,2161.0,1.0,0.0,1.0,1.0,3.0,1.0,Ex,8.0,Typ,1.0,Gd,Attchd,2007.0,Fin,3.0,789.0,TA,TA,Y,178.0,120.0,0.0,0.0,0.0,0.0,Gd,MnPrv,Shed,0.0,11.0,2007.0,New,Partial,325624.0,2.315446616514807,4.0,极高
169.0,60.0,RL,62.0,8244.0,Pave,Grvl,IR1,Lvl,AllPub,Inside,Gtl,Gilbert,Norm,Norm,1Fam,2Story,7.0,5.0,2004.0,2004.0,Gable,CompShg,VinylSd,VinylSd,BrkFace,0.0,Gd,TA,PConc,Gd,TA,No,Unf,0.0,Unf,0.0,840.0,840.0,GasA,Ex,Y,SBrkr,840.0,880.0,0.0,1720.0,0.0,0.0,2.0,1.0,3.0,1.0,Gd,7.0,Typ,1.0,Gd,Attchd,2004.0,Fin,2.0,440.0,TA,TA,Y,100.0,48.0,0.0,0.0,0.0,0.0,Gd,MnPrv,Shed,0.0,5.0,2007.0,WD,Normal,183500.0,0.14012832252465274,3.0,高
730.5,50.0,RL,70.0,9478.5,Pave,Grvl,IR1,Lvl,AllPub,Corner,Gtl,Timber,Norm,Norm,1Fam,1Story,6.0,5.0,1973.0,1994.0,Hip,WdShake,Plywood,Plywood,BrkFace,0.0,Gd,TA,CBlock,Gd,TA,No,Unf,383.5,Unf,0.0,477.5,991.5,GasA,TA,Y,SBrkr,1087.0,0.0,0.0,1464.0,0.0,0.0,2.0,0.0,3.0,1.0,TA,6.0,Typ,1.0,TA,Attchd,1978.0,RFn,2.0,480.0,TA,TA,Y,0.0,25.0,0.0,0.0,0.0,0.0,Gd,MnPrv,Shed,0.0,6.0,2008.0,WD,Normal,163000.0,-0.1736401122703021,2.0,中
171.0,50.0,RM,69.2,12358.0,Pave,Grvl,IR1,Lvl,AllPub,Inside,Gtl,OldTown,Feedr,Norm,1Fam,1.5Fin,5.0,6.0,1941.0,1950.0,Gable,CompShg,MetalSd,MetalSd,BrkFace,0.0,TA,TA,CBlock,TA,TA,No,Rec,360.0,Unf,0.0,360.0,720.0,GasA,TA,Y,SBrkr,854.0,0.0,528.0,1382.0,0.0,0.0,1.0,1.0,2.0,1.0,TA,7.0,Typ,0.0,Gd,Detchd,1991.0,Unf,2.0,660.0,TA,TA,Y,237.0,0.0,0.0,0.0,0.0,0.0,Gd,MnPrv,Shed,0.0,5.0,2007.0,WD,Normal,128500.0,-0.7016894293642505,1.0,低
172.0,20.0,RL,141.0,31770.0,Pave,Grvl,IR1,Lvl,AllPub,Corner,Gtl,NAmes,Norm,Norm,1Fam,1Story,6.0,5.0,1960.0,1960.0,Hip,CompShg,BrkFace,Plywood,Stone,112.0,TA,TA,CBlock,TA,Gd,Gd,BLQ,639.0,Unf,0.0,441.0,1080.0,GasA,Fa,Y,SBrkr,1656.0,0.0,0.0,1656.0,1.0,0.0,1.0,0.0,3.0,1.0,TA,7.0,Typ,2.0,Gd,Attchd,1960.0,Fin,2.0,528.0,TA,TA,P,210.0,62.0,0.0,0.0,0.0,0.0,Gd,MnPrv,Shed,0.0,5.0,2010.0,WD,Normal,215000.0,0.6222603076973882,3.0,高
173.0,160.0,RL,44.0,5306.0,Pave,Grvl,IR1,Lvl,AllPub,Inside,Gtl,StoneBr,Norm,Norm,TwnhsE,2Story,7.0,7.0,1987.0,1987.0,Gable,CompShg,HdBoard,HdBoard,BrkFace,0.0,Gd,Gd,PConc,Gd,Gd,No,GLQ,495.0,Rec,215.0,354.0,1064.0,GasA,Gd,Y,SBrkr,1064.0,703.0,0.0,1767.0,1.0,0.0,2.0,0.0,2.0,1.0,Gd,5.0,Typ,1.0,TA,Attchd,1987.0,RFn,2.0,504.0,Gd,TA,Y,441.0,35.0,0.0,0.0,0.0,0.0,Gd,MnPrv,Shed,0.0,6.0,2006.0,WD,Normal,239000.0,0.9895989630670914,4.0,极高
174.0,20.0,RL,80.0,10197.0,Pave,Grvl,IR1,Lvl,AllPub,Inside,Gtl,NAmes,Norm,Norm,1Fam,1Story,6.0,5.0,1961.0,1961.0,Gable,CompShg,WdShing,Wd Shng,BrkCmn,491.0,TA,TA,CBlock,TA,TA,No,ALQ,288.0,Rec,374.0,700.0,1362.0,GasA,TA,Y,SBrkr,1362.0,0.0,0.0,1362.0,1.0,0.0,1.0,1.0,3.0,1.0,TA,6.0,Typ,1.0,TA,Attchd,1961.0,Unf,2.0,504.0,TA,TA,Y,0.0,20.0,0.0,0.0,0.0,0.0,Gd,MnPrv,Shed,0.0,6.0,2008.0,COD,Normal,163000.0,-0.1736401122703021,2.0,中
175.0,20.0,RL,47.0,12416.0,Pave,Grvl,IR1,Lvl,AllPub,Inside,Gtl,Timber,Norm,Norm,1Fam,1Story,6.0,5.0,1986.0,1986.0,Gable,CompShg,VinylSd,Plywood,Stone,132.0,TA,TA,CBlock,Gd,Fa,No,ALQ,1398.0,LwQ,208.0,0.0,1606.0,GasA,TA,Y,SBrkr,1651.0,0.0,0.0,1651.0,1.0,0.0,2.0,0.0,3.0,1.0,TA,7.0,Min2,1.0,TA,Attchd,1986.0,Fin,2.0,616.0,TA,TA,Y,192.0,0.0,0.0,0.0,0.0,0.0,Gd,MnPrv,Shed,0.0,11.0,2008.0,WD,Normal,184000.0,0.1477812111781882,3.0,高
176.0,20.0,RL,84.0,12615.0,Pave,Grvl,Reg,Lvl,AllPub,Corner,Gtl,Edwards,Norm,Norm,1Fam,1Story,6.0,7.0,1950.0,2001.0,Gable,CompShg,WdShing,Wd Shng,BrkFace,0.0,TA,TA,CBlock,TA,Gd,Av,ALQ,477.0,Unf,0.0,725.0,1202.0,GasA,TA,Y,SBrkr,2158.0,0.0,0.0,2158.0,1.0,0.0,2.0,0.0,4.0,1.0,Gd,7.0,Typ,1.0,Gd,Attchd,1950.0,Unf,2.0,576.0,TA,TA,Y,0.0,29.0,39.0,0.0,0.0,0.0,Gd,MnPrv,Shed,0.0,6.0,2007.0,WD,Normal,243000.0,1.0508220722953754,4.0,极高
730.5,50.0,RL,70.0,9478.5,Pave,Grvl,IR1,Lvl,AllPub,Corner,Gtl,ClearCr,Norm,Norm,1Fam,2Story,6.0,5.0,1973.0,1994.0,Gable,CompShg,Plywood,Plywood,BrkFace,0.0,Gd,TA,PConc,Gd,TA,No,GLQ,383.5,Unf,0.0,477.5,991.5,GasA,TA,Y,SBrkr,1087.0,0.0,0.0,1464.0,0.0,0.0,2.0,0.0,3.0,1.0,TA,6.0,Typ,1.0,TA,Attchd,1978.0,Unf,2.0,480.0,TA,TA,Y,0.0,25.0,0.0,0.0,0.0,0.0,Gd,MnPrv,Shed,0.0,6.0,2008.0,WD,Normal,163000.0,-0.1736401122703021,2.0,中
178.0,50.0,RL,104.2,13650.0,Pave,Grvl,Reg,Lvl,AllPub,Inside,Gtl,Sawyer,Norm,Norm,1Fam,1.5Fin,5.0,5.0,1958.0,1958.0,Gable,CompShg,MetalSd,MetalSd,BrkFace,0.0,Gd,Gd,CBlock,TA,TA,No,ALQ,57.0,BLQ,441.0,554.0,1052.0,GasA,Ex,Y,SBrkr,1252.0,668.0,0.0,1920.0,1.0,0.0,2.0,0.0,4.0,1.0,Gd,8.0,Typ,1.0,Gd,Attchd,1958.0,Unf,2.0,451.0,TA,TA,Y,0.0,0.0,0.0,0.0,0.0,0.0,Gd,MnPrv,Shed,0.0,7.0,2006.0,WD,Normal,172500.0,-0.028235227853127914,3.0,高
730.5,50.0,RL,70.0,9478.5,Pave,Grvl,IR1,Lvl,AllPub,CulDSac,Gtl,StoneBr,Norm,Norm,1Fam,1Story,6.0,5.0,1973.0,1994.0,Hip,CompShg,VinylSd,VinylSd,Stone,0.0,Ex,TA,PConc,Ex,TA,No,GLQ,383.5,Unf,0.0,477.5,991.5,GasA,Ex,Y,SBrkr,1087.0,0.0,0.0,1464.0,0.0,0.0,2.0,0.0,3.0,1.0,Ex,6.0,Typ,1.0,Gd,Attchd,1978.0,Fin,2.0,480.0,TA,TA,Y,0.0,25.0,0.0,0.0,0.0,0.0,Gd,MnPrv,Shed,0.0,6.0,2008.0,New,Partial,163000.0,-0.1736401122703021,2.0,中
180.0,30.0,RM,60.0,8520.0,Pave,Grvl,Reg,Lvl,AllPub,Inside,Gtl,OldTown,Norm,Norm,1Fam,1Story,5.0,6.0,1923.0,2006.0,Gable,CompShg,Wd Sdng,Wd Sdng,BrkFace,0.0,Gd,TA,CBlock,TA,TA,No,Unf,0.0,Unf,0.0,968.0,968.0,GasA,TA,Y,SBrkr,968.0,0.0,0.0,968.0,0.0,0.0,1.0,0.0,2.0,1.0,TA,5.0,Typ,0.0,Gd,Detchd,1935.0,Unf,2.0,480.0,Fa,TA,N,0.0,0.0,184.0,0.0,0.0,0.0,Gd,MnPrv,Shed,0.0,7.0,2007.0,WD,Normal,100000.0,-1.1379040826157731,0.0,极低
181.0,160.0,FV,33.8,2117.0,Pave,Grvl,Reg,Lvl,AllPub,Inside,Gtl,Somerst,Norm,Norm,Twnhs,2Story,6.0,5.0,2000.0,2000.0,Gable,CompShg,MetalSd,MetalSd,BrkFace,456.0,Gd,TA,PConc,Gd,TA,No,GLQ,436.0,Unf,0.0,320.0,756.0,GasA,Ex,Y,SBrkr,769.0,756.0,0.0,1525.0,0.0,0.0,2.0,1.0,3.0,1.0,Gd,5.0,Typ,1.0,TA,Detchd,2000.0,Unf,2.0,440.0,TA,TA,Y,0.0,0.0,0.0,0.0,0.0,0.0,Gd,MnPrv,Shed,0.0,6.0,2007.0,WD,Normal,177000.0,0.04064077002869144,3.0,高
182.0,70.0,RL,54.0,7588.0,Pave,Grvl,Reg,Lvl,AllPub,Inside,Gtl,Crawfor,Norm,Norm,1Fam,2Story,7.0,6.0,1920.0,1950.0,Gable,CompShg,Stucco,Stucco,BrkFace,0.0,TA,TA,BrkTil,Fa,TA,No,LwQ,352.0,Unf,0.0,441.0,793.0,GasA,Gd,Y,SBrkr,901.0,901.0,0.0,1802.0,0.0,0.0,1.0,1.0,4.0,1.0,TA,9.0,Typ,1.0,Gd,Detchd,1920.0,Unf,1.0,216.0,Fa,TA,Y,0.0,0.0,40.0,0.0,0.0,0.0,Gd,MnPrv,Shed,0.0,7.0,2006.0,WD,Normal,200100.0,0.3942042258220308,3.0,高
183.0,20.0,RL,60.0,9060.0,Pave,Grvl,Reg,Lvl,AllPub,Inside,Gtl,Edwards,Artery,Norm,1Fam,1Story,5.0,6.0,1957.0,2006.0,Hip,CompShg,Wd Sdng,Wd Sdng,BrkFace,98.0,TA,TA,PConc,TA,TA,No,Unf,0.0,Unf,0.0,0.0,0.0,GasA,Ex,Y,SBrkr,1340.0,0.0,0.0,1340.0,0.0,0.0,1.0,0.0,3.0,1.0,TA,7.0,Typ,1.0,Gd,Attchd,1957.0,RFn,1.0,252.0,TA,TA,Y,116.0,0.0,0.0,180.0,0.0,0.0,Gd,MnPrv,Shed,0.0,6.0,2007.0,WD,Normal,120000.0,-0.8317885364743537,0.0,极低
184.0,50.0,RM,63.0,11426.0,Pave,Grvl,Reg,Lvl,AllPub,Inside,Gtl,OldTown,Norm,Norm,1Fam,1.5Fin,7.0,5.0,2003.0,2003.0,Gable,CompShg,VinylSd,VinylSd,BrkFace,0.0,TA,TA,PConc,Gd,TA,No,Unf,0.0,Unf,0.0,1362.0,1362.0,GasA,Ex,Y,SBrkr,1362.0,720.0,0.0,2082.0,0.0,0.0,2.0,1.0,3.0,1.0,Gd,6.0,Mod,0.0,Gd,Detchd,2003.0,Unf,2.0,484.0,TA,TA,N,280.0,238.0,0.0,0.0,0.0,0.0,Gd,MnPrv,Shed,0.0,6.0,2008.0,WD,Normal,200000.0,0.3926736480913237,3.0,高
185.0,50.0,RL,92.0,7438.0,Pave,Grvl,IR1,Lvl,AllPub,Inside,Gtl,BrkSide,RRAn,Feedr,1Fam,1.5Fin,5.0,8.0,1908.0,1991.0,Gable,CompShg,AsbShng,Plywood,BrkFace,0.0,TA,TA,PConc,Fa,TA,No,Unf,0.0,Unf,0.0,504.0,504.0,GasA,Gd,Y,SBrkr,936.0,316.0,0.0,1252.0,0.0,0.0,1.0,0.0,3.0,1.0,TA,5.0,Typ,0.0,Gd,Attchd,1986.0,Unf,2.0,576.0,TA,TA,Y,104.0,0.0,0.0,0.0,0.0,0.0,Gd,MnPrv,Shed,0.0,6.0,2006.0,WD,Normal,127000.0,-0.724648095324857,1.0,低
730.5,50.0,RM,70.0,9478.5,Pave,Grvl,IR2,Lvl,AllPub,Inside,Gtl,OldTown,Artery,Norm,1Fam,2.5Fin,6.0,5.0,1973.0,1994.0,Gable,WdShngl,Wd Sdng,Wd Sdng,BrkFace,0.0,Gd,Gd,BrkTil,TA,TA,Mn,Unf,383.5,Unf,0.0,477.5,991.5,GasA,Ex,Y,SBrkr,1087.0,0.0,0.0,1464.0,0.0,0.0,2.0,0.0,3.0,1.0,Ex,6.0,Typ,1.0,TA,Detchd,1978.0,Unf,2.0,480.0,Ex,TA,Y,0.0,25.0,0.0,0.0,0.0,0.0,Gd,GdPrv,Shed,0.0,6.0,2008.0,WD,Normal,163000.0,-0.1736401122703021,2.0,中
187.0,80.0,RL,69.4,9947.0,Pave,Grvl,IR1,Lvl,AllPub,CulDSac,Gtl,Mitchel,Norm,Norm,1Fam,SLvl,7.0,5.0,1990.0,1991.0,Gable,CompShg,HdBoard,HdBoard,BrkFace,0.0,TA,TA,PConc,Gd,TA,Av,GLQ,611.0,Unf,0.0,577.0,1188.0,GasA,Ex,Y,SBrkr,1217.0,0.0,0.0,1217.0,1.0,0.0,2.0,0.0,3.0,1.0,Gd,6.0,Typ,0.0,Gd,Attchd,1990.0,Unf,2.0,497.0,TA,TA,Y,168.0,27.0,0.0,0.0,0.0,0.0,Gd,GdPrv,Shed,0.0,6.0,2009.0,WD,Normal,173000.0,-0.020582339199592427,3.0,高
188.0,50.0,RL,60.0,10410.0,Pave,Grvl,Reg,Lvl,AllPub,Inside,Gtl,OldTown,Norm,Norm,1Fam,1.5Fin,5.0,7.0,1916.0,1987.0,Gable,CompShg,HdBoard,HdBoard,BrkFace,0.0,TA,TA,CBlock,Fa,TA,No,Unf,0.0,Unf,0.0,660.0,660.0,GasA,Ex,Y,SBrkr,808.0,704.0,144.0,1656.0,0.0,0.0,2.0,1.0,3.0,1.0,TA,8.0,Min2,0.0,Gd,Detchd,1916.0,Unf,1.0,180.0,Fa,Fa,N,0.0,0.0,0.0,140.0,0.0,0.0,Gd,MnPrv,Shed,0.0,8.0,2009.0,WD,Normal,135000.0,-0.6022018768682892,1.0,低
730.5,50.0,RL,70.0,9478.5,Pave,Grvl,Reg,Bnk,AllPub,Inside,Gtl,SawyerW,Feedr,Norm,Duplex,SFoyer,6.0,5.0,1973.0,1994.0,Gable,CompShg,Plywood,Plywood,Stone,0.0,TA,TA,CBlock,Gd,TA,Av,GLQ,383.5,Unf,0.0,477.5,991.5,GasA,TA,Y,SBrkr,1087.0,0.0,0.0,1464.0,0.0,0.0,2.0,0.0,3.0,1.0,TA,6.0,Typ,1.0,TA,Detchd,1978.0,Unf,2.0,480.0,TA,TA,Y,0.0,25.0,0.0,0.0,0.0,0.0,Gd,MnPrv,Shed,0.0,6.0,2008.0,WD,Alloca,163000.0,-0.1736401122703021,2.0,中
730.5,50.0,RL,70.0,9478.5,Pave,Grvl,Reg,Lvl,AllPub,Inside,Gtl,StoneBr,Norm,Norm,TwnhsE,1Story,6.0,5.0,1973.0,1994.0,Gable,CompShg,CemntBd,CmentBd,BrkFace,0.0,Gd,TA,PConc,Ex,TA,Av,GLQ,383.5,Unf,0.0,477.5,991.5,GasA,Ex,Y,SBrkr,1087.0,0.0,0.0,1464.0,0.0,0.0,2.0,0.0,3.0,1.0,Ex,6.0,Typ,1.0,Gd,Attchd,1978.0,Fin,2.0,480.0,TA,TA,Y,0.0,25.0,0.0,0.0,0.0,0.0,Gd,MnPrv,Shed,0.0,6.0,2008.0,WD,Normal,163000.0,-0.1736401122703021,2.0,中
191.0,70.0,RL,70.0,10570.0,Pave,Grvl,Reg,Bnk,AllPub,Inside,Mod,Crawfor,Norm,Norm,1Fam,2Story,8.0,8.0,1932.0,1994.0,Hip,CompShg,BrkFace,BrkFace,BrkFace,0.0,Gd,TA,CBlock,Gd,Gd,No,Rec,297.0,Unf,0.0,556.0,853.0,GasA,TA,Y,SBrkr,1549.0,1178.0,0.0,2727.0,0.0,0.0,2.0,1.0,3.0,1.0,Gd,10.0,Maj1,2.0,TA,Detchd,1932.0,Unf,2.0,440.0,TA,TA,Y,0.0,74.0,0.0,0.0,0.0,0.0,Gd,MnPrv,Shed,0.0,12.0,2007.0,WD,Normal,315000.0,2.152838038404485,4.0,极高
192.0,60.0,RL,63.8,7472.0,Pave,Grvl,IR1,Lvl,AllPub,CulDSac,Gtl,NAmes,Norm,Norm,1Fam,2Story,7.0,9.0,1972.0,2004.0,Gable,CompShg,HdBoard,HdBoard,BrkFace,138.0,TA,TA,CBlock,TA,TA,No,ALQ,626.0,Unf,0.0,99.0,725.0,GasA,Gd,Y,SBrkr,725.0,754.0,0.0,1479.0,1.0,0.0,1.0,1.0,4.0,1.0,Gd,7.0,Typ,0.0,Gd,Attchd,1972.0,Fin,2.0,484.0,TA,TA,Y,0.0,32.0,0.0,0.0,0.0,0.0,Gd,MnPrv,Shed,0.0,6.0,2007.0,WD,Normal,184000.0,0.1477812111781882,3.0,高
193.0,20.0,RL,68.0,9017.0,Pave,Grvl,IR1,Lvl,AllPub,Inside,Gtl,CollgCr,Norm,Norm,1Fam,1Story,7.0,5.0,1999.0,1999.0,Gable,CompShg,VinylSd,VinylSd,BrkFace,0.0,Gd,TA,PConc,Gd,TA,Av,GLQ,560.0,Unf,0.0,871.0,1431.0,GasA,Ex,Y,SBrkr,1431.0,0.0,0.0,1431.0,1.0,0.0,2.0,0.0,3.0,1.0,Gd,6.0,Typ,0.0,Gd,Attchd,1999.0,Fin,2.0,666.0,TA,TA,Y,0.0,35.0,0.0,0.0,0.0,0.0,Gd,MnPrv,Shed,0.0,9.0,2009.0,WD,Normal,192000.0,0.27022742963475593,3.0,高
194.0,160.0,RM,24.0,2522.0,Pave,Grvl,Reg,Lvl,AllPub,Inside,Gtl,Edwards,Norm,Norm,Twnhs,2Story,7.0,5.0,2004.0,2004.0,Gable,CompShg,VinylSd,VinylSd,Stone,50.0,Gd,TA,PConc,Gd,TA,No,Unf,0.0,Unf,0.0,970.0,970.0,GasA,Ex,Y,SBrkr,970.0,739.0,0.0,1709.0,0.0,0.0,2.0,0.0,3.0,1.0,Gd,7.0,Maj1,0.0,Gd,Detchd,2004.0,Unf,2.0,380.0,TA,TA,Y,0.0,40.0,0.0,0.0,0.0,0.0,Gd,MnPrv,Shed,0.0,5.0,2006.0,WD,Normal,130000.0,-0.678730763403644,1.0,低
195.0,20.0,RL,60.0,7180.0,Pave,Grvl,IR1,Lvl,AllPub,Inside,Gtl,CollgCr,Norm,Norm,1Fam,1Story,5.0,7.0,1972.0,1972.0,Hip,CompShg,HdBoard,HdBoard,BrkFace,0.0,TA,TA,CBlock,TA,TA,Av,ALQ,390.0,Unf,0.0,474.0,864.0,GasA,TA,Y,SBrkr,864.0,0.0,0.0,864.0,0.0,0.0,1.0,0.0,3.0,1.0,TA,5.0,Typ,0.0,Gd,Detchd,1989.0,Unf,1.0,352.0,TA,TA,Y,0.0,0.0,0.0,0.0,0.0,0.0,Gd,MnPrv,Shed,0.0,5.0,2008.0,WD,Normal,127000.0,-0.724648095324857,1.0,低
196.0,160.0,RL,24.0,2280.0,Pave,Grvl,Reg,Lvl,AllPub,FR2,Gtl,NPkVill,Norm,Norm,Twnhs,2Story,6.0,6.0,1976.0,1976.0,Gable,CompShg,Plywood,Brk Cmn,BrkFace,0.0,TA,TA,CBlock,Gd,TA,No,ALQ,566.0,Unf,0.0,289.0,855.0,GasA,TA,Y,SBrkr,855.0,601.0,0.0,1456.0,0.0,0.0,2.0,1.0,3.0,1.0,TA,7.0,Typ,1.0,TA,Attchd,1976.0,Unf,2.0,440.0,TA,TA,Y,87.0,0.0,0.0,0.0,0.0,0.0,Gd,MnPrv,Shed,0.0,7.0,2009.0,WD,Normal,148500.0,-0.3955738832228311,1.0,低
197.0,20.0,RL,79.0,9416.0,Pave,Grvl,Reg,Lvl,AllPub,Inside,Gtl,Somerst,Norm,Norm,1Fam,1Story,7.0,5.0,2007.0,2007.0,Hip,CompShg,CemntBd,CmentBd,Stone,205.0,Ex,TA,PConc,Ex,TA,No,GLQ,1126.0,Unf,0.0,600.0,1726.0,GasA,Ex,Y,SBrkr,1726.0,0.0,0.0,1726.0,1.0,0.0,2.0,0.0,3.0,1.0,Ex,8.0,Typ,1.0,Gd,Attchd,2007.0,Fin,3.0,786.0,TA,TA,Y,171.0,138.0,0.0,0.0,266.0,0.0,Gd,MnPrv,Shed,0.0,9.0,2007.0,New,Partial,311872.0,2.104961566987967,4.0,极高
730.5,50.0,RL,70.0,9478.5,Pave,Grvl,Reg,Lvl,AllPub,Corner,Gtl,NAmes,Artery,Norm,1Fam,2Story,6.0,5.0,1973.0,1994.0,Gable,CompShg,Stucco,Stucco,BrkFace,0.0,Gd,Gd,PConc,TA,TA,No,GLQ,383.5,LwQ,0.0,477.5,991.5,GasA,Gd,Y,SBrkr,1087.0,0.0,0.0,1464.0,0.0,0.0,2.0,0.0,3.0,1.0,Gd,6.0,Typ,1.0,Ex,Detchd,1978.0,Unf,2.0,480.0,TA,TA,Y,0.0,25.0,0.0,0.0,0.0,0.0,Ex,GdPrv,Shed,0.0,6.0,2008.0,WD,Abnorml,163000.0,-0.1736401122703021,2.0,中
199.0,75.0,RM,92.0,5520.0,Pave,Grvl,Reg,Lvl,AllPub,Corner,Gtl,OldTown,Norm,Norm,1Fam,2.5Fin,6.0,6.0,1912.0,1950.0,Gable,CompShg,Wd Sdng,Wd Sdng,BrkFace,0.0,TA,TA,CBlock,TA,TA,No,Unf,0.0,Unf,0.0,755.0,755.0,GasA,Ex,Y,SBrkr,929.0,929.0,371.0,2229.0,0.0,0.0,1.0,0.0,5.0,1.0,TA,8.0,Typ,0.0,Gd,Attchd,1943.2,Unf,0.0,0.0,TA,TA,Y,0.0,198.0,30.0,0.0,0.0,0.0,Gd,MnPrv,Shed,0.0,7.0,2009.0,WD,Abnorml,104000.0,-1.0766809733874891,0.0,极低
200.0,20.0,RL,76.0,9591.0,Pave,Grvl,Reg,Lvl,AllPub,Inside,Gtl,NridgHt,Norm,Norm,1Fam,1Story,8.0,5.0,2004.0,2005.0,Hip,CompShg,VinylSd,VinylSd,BrkFace,262.0,Gd,TA,PConc,Ex,TA,Av,GLQ,1088.0,Unf,0.0,625.0,1713.0,GasA,Ex,Y,SBrkr,1713.0,0.0,0.0,1713.0,1.0,0.0,2.0,0.0,3.0,1.0,Ex,7.0,Typ,1.0,Gd,Attchd,2004.0,Fin,3.0,856.0,TA,TA,Y,0.0,26.0,0.0,0.0,170.0,0.0,Gd,MnPrv,Shed,0.0,1.0,2009.0,WD,Normal,274900.0,1.5390763683909392,4.0,极高
201.0,20.0,RM,80.0,8546.0,Pave,Grvl,Reg,Lvl,AllPub,Corner,Gtl,Edwards,Norm,Norm,1Fam,1Story,4.0,5.0,2003.0,2004.0,Gable,CompShg,VinylSd,VinylSd,BrkFace,0.0,TA,TA,PConc,Gd,TA,No,Unf,0.0,Unf,0.0,1121.0,1121.0,GasA,Ex,Y,SBrkr,1121.0,0.0,0.0,1121.0,0.0,0.0,2.0,0.0,2.0,1.0,TA,5.0,Typ,0.0,Gd,Attchd,2003.0,RFn,2.0,440.0,TA,TA,Y,132.0,64.0,0.0,0.0,0.0,0.0,Gd,MnPrv,Shed,0.0,3.0,2010.0,WD,Normal,140000.0,-0.5256729903329344,1.0,低
202.0,20.0,RL,75.0,10125.0,Pave,Grvl,Reg,Lvl,AllPub,Inside,Gtl,Mitchel,Norm,Norm,1Fam,1Story,6.0,6.0,1977.0,1977.0,Gable,CompShg,Plywood,Plywood,BrkFace,0.0,TA,TA,CBlock,TA,TA,No,ALQ,641.0,LwQ,279.0,276.0,1196.0,GasA,TA,Y,SBrkr,1279.0,0.0,0.0,1279.0,0.0,1.0,2.0,0.0,3.0,1.0,TA,6.0,Typ,2.0,Fa,Detchd,1980.0,Unf,2.0,473.0,TA,TA,Y,238.0,83.0,0.0,0.0,0.0,0.0,Gd,MnPrv,Shed,0.0,2.0,2008.0,WD,Normal,171500.0,-0.04354100516019888,2.0,中
203.0,50.0,RL,50.0,7000.0,Pave,Grvl,Reg,Lvl,AllPub,Corner,Gtl,OldTown,Artery,Norm,1Fam,1.5Fin,6.0,6.0,1924.0,1950.0,Gable,CompShg,MetalSd,MetalSd,BrkFace,0.0,TA,Gd,BrkTil,Fa,TA,No,LwQ,617.0,Unf,0.0,0.0,617.0,GasA,Gd,Y,SBrkr,865.0,445.0,0.0,1310.0,0.0,0.0,2.0,0.0,2.0,1.0,TA,6.0,Min1,0.0,Gd,Attchd,1924.0,Unf,1.0,398.0,TA,TA,Y,0.0,0.0,126.0,0.0,0.0,0.0,Gd,MnPrv,Shed,0.0,5.0,2006.0,COD,Normal,112000.0,-0.9542347549309215,0.0,极低
204.0,120.0,RM,33.0,4438.0,Pave,Grvl,Reg,Lvl,AllPub,Inside,Gtl,CollgCr,Norm,Norm,TwnhsE,1Story,6.0,5.0,2004.0,2004.0,Gable,CompShg,VinylSd,VinylSd,BrkFace,205.0,Gd,TA,PConc,Gd,TA,Av,GLQ,662.0,Unf,0.0,186.0,848.0,GasA,Ex,Y,SBrkr,848.0,0.0,0.0,848.0,1.0,0.0,1.0,0.0,1.0,1.0,Gd,3.0,Typ,1.0,Gd,Attchd,2004.0,RFn,2.0,420.0,TA,TA,Y,149.0,0.0,0.0,0.0,0.0,0.0,Gd,MnPrv,Shed,0.0,1.0,2008.0,WD,Normal,149000.0,-0.38792099456929563,1.0,低
205.0,50.0,RM,50.0,3500.0,Pave,Grvl,Reg,Lvl,AllPub,Inside,Gtl,OldTown,Norm,Norm,1Fam,1.5Fin,5.0,7.0,1947.0,1950.0,Gable,CompShg,AsbShng,AsbShng,BrkFace,0.0,TA,TA,CBlock,TA,TA,No,LwQ,312.0,Unf,0.0,408.0,720.0,GasA,TA,Y,SBrkr,720.0,564.0,0.0,1284.0,0.0,0.0,1.0,1.0,2.0,1.0,TA,5.0,Typ,0.0,Gd,Detchd,1948.0,Unf,1.0,240.0,TA,TA,Y,0.0,35.0,0.0,0.0,0.0,0.0,Gd,MnWw,Shed,0.0,4.0,2009.0,WD,Normal,110000.0,-0.9848463095450634,0.0,极低
206.0,20.0,RL,99.0,11851.0,Pave,Grvl,Reg,Lvl,AllPub,Corner,Gtl,Gilbert,Norm,Norm,1Fam,1Story,7.0,5.0,1990.0,1990.0,Gable,CompShg,HdBoard,HdBoard,BrkFace,0.0,TA,TA,PConc,Gd,TA,No,Unf,0.0,Unf,0.0,1424.0,1424.0,GasA,Ex,Y,SBrkr,1442.0,0.0,0.0,1442.0,0.0,0.0,2.0,0.0,3.0,1.0,TA,5.0,Typ,0.0,Gd,Attchd,1990.0,RFn,2.0,500.0,TA,TA,Y,0.0,34.0,0.0,508.0,0.0,0.0,Gd,MnPrv,Shed,0.0,5.0,2009.0,WD,Normal,180500.0,0.09421099060343982,3.0,高
207.0,20.0,RL,40.0,13673.0,Pave,Grvl,IR1,Lvl,AllPub,CulDSac,Gtl,Sawyer,RRAe,Norm,1Fam,1Story,5.0,5.0,1962.0,1962.0,Gable,CompShg,HdBoard,HdBoard,BrkFace,0.0,TA,Gd,CBlock,TA,TA,No,Unf,0.0,Unf,0.0,1140.0,1140.0,GasA,TA,Y,SBrkr,1696.0,0.0,0.0,1696.0,0.0,0.0,1.0,1.0,3.0,1.0,TA,8.0,Min2,1.0,TA,Attchd,1962.0,RFn,1.0,349.0,TA,TA,Y,0.0,30.0,0.0,0.0,0.0,0.0,Gd,MnPrv,Shed,0.0,3.0,2007.0,WD,Normal,143900.0,-0.4659804588353576,1.0,低
208.0,20.0,RL,76.6,12493.0,Pave,Grvl,IR1,Lvl,AllPub,Inside,Gtl,NAmes,Norm,Norm,1Fam,1Story,4.0,5.0,1960.0,1960.0,Gable,CompShg,Wd Sdng,Wd Sdng,BrkFace,0.0,TA,TA,PConc,TA,TA,No,ALQ,419.0,Rec,306.0,375.0,1100.0,GasA,TA,Y,SBrkr,1100.0,0.0,0.0,1100.0,1.0,0.0,1.0,0.0,3.0,1.0,TA,6.0,Typ,1.0,Po,Attchd,1960.0,RFn,1.0,312.0,TA,TA,Y,355.0,0.0,0.0,0.0,0.0,0.0,Gd,GdWo,Shed,0.0,4.0,2008.0,WD,Normal,141000.0,-0.5103672130258634,1.0,低
209.0,60.0,RL,86.0,14364.0,Pave,Grvl,IR1,Low,AllPub,Inside,Mod,SawyerW,Norm,Norm,1Fam,2Story,7.0,5.0,1988.0,1989.0,Gable,CompShg,Plywood,Plywood,BrkFace,128.0,Gd,TA,CBlock,Gd,TA,Gd,GLQ,1065.0,Unf,0.0,92.0,1157.0,GasA,Ex,Y,SBrkr,1180.0,882.0,0.0,2062.0,1.0,0.0,2.0,1.0,3.0,1.0,TA,7.0,Typ,1.0,Gd,Attchd,1988.0,Fin,2.0,454.0,TA,TA,Y,60.0,55.0,0.0,0.0,154.0,0.0,Gd,MnPrv,Shed,0.0,4.0,2007.0,WD,Normal,277000.0,1.5712185007357882,4.0,极高
210.0,20.0,RL,75.0,8250.0,Pave,Grvl,Reg,Lvl,AllPub,Inside,Gtl,NAmes,Norm,Norm,1Fam,1Story,6.0,7.0,1964.0,1964.0,Hip,CompShg,HdBoard,HdBoard,Stone,260.0,TA,TA,CBlock,Gd,TA,No,Rec,787.0,Unf,0.0,305.0,1092.0,GasA,Ex,Y,SBrkr,1092.0,0.0,0.0,1092.0,1.0,0.0,1.0,0.0,3.0,1.0,TA,6.0,Typ,0.0,Gd,Attchd,1964.0,RFn,2.0,504.0,TA,Gd,Y,0.0,0.0,0.0,0.0,0.0,0.0,Gd,MnPrv,Shed,0.0,7.0,2008.0,WD,Normal,145000.0,-0.4491441037975795,1.0,低
211.0,30.0,RL,67.0,5604.0,Pave,Grvl,Reg,Lvl,AllPub,Inside,Gtl,Edwards,Norm,Norm,1Fam,1Story,5.0,6.0,1925.0,1950.0,Gable,CompShg,Stucco,Stucco,BrkFace,0.0,TA,TA,CBlock,TA,TA,No,Rec,468.0,Unf,0.0,396.0,864.0,GasA,TA,N,FuseA,864.0,0.0,0.0,864.0,1.0,0.0,1.0,0.0,2.0,1.0,TA,5.0,Typ,0.0,Gd,Attchd,1955.4,Unf,0.0,0.0,TA,TA,Y,0.0,0.0,96.0,0.0,0.0,0.0,Gd,MnPrv,Shed,0.0,4.0,2008.0,WD,Normal,98000.0,-1.168515637229915,0.0,极低
212.0,20.0,RL,83.0,10420.0,Pave,Grvl,Reg,Lvl,AllPub,Corner,Gtl,Edwards,Norm,Norm,1Fam,1Story,6.0,5.0,2009.0,2009.0,Gable,CompShg,VinylSd,VinylSd,BrkFace,0.0,TA,TA,PConc,Gd,TA,Mn,GLQ,36.0,Unf,0.0,1176.0,1212.0,GasA,Ex,Y,SBrkr,1212.0,0.0,0.0,1212.0,0.0,0.0,2.0,0.0,3.0,1.0,Gd,6.0,Typ,0.0,Gd,Attchd,2009.0,RFn,2.0,460.0,TA,TA,Y,100.0,22.0,0.0,0.0,0.0,0.0,Gd,MnPrv,Shed,0.0,3.0,2010.0,WD,Normal,186000.0,0.17839276579233015,3.0,高
213.0,60.0,FV,72.0,8640.0,Pave,Grvl,Reg,Lvl,AllPub,Inside,Gtl,Somerst,Norm,Norm,1Fam,2Story,7.0,5.0,2009.0,2009.0,Gable,CompShg,VinylSd,VinylSd,BrkFace,0.0,TA,TA,PConc,Gd,TA,No,GLQ,822.0,Unf,0.0,78.0,900.0,GasA,Ex,Y,SBrkr,932.0,920.0,0.0,1852.0,1.0,0.0,2.0,1.0,3.0,1.0,Gd,7.0,Typ,1.0,TA,Attchd,2009.0,RFn,2.0,644.0,TA,TA,Y,168.0,108.0,0.0,0.0,0.0,0.0,Gd,MnPrv,Shed,0.0,7.0,2009.0,New,Partial,252678.0,1.198951385073208,4.0,极高
214.0,20.0,RL,43.0,13568.0,Pave,Grvl,IR2,Lvl,AllPub,CulDSac,Gtl,CollgCr,Norm,Norm,1Fam,1Story,5.0,5.0,1995.0,1995.0,Gable,CompShg,VinylSd,VinylSd,BrkFace,0.0,TA,TA,PConc,Gd,TA,No,ALQ,716.0,Unf,0.0,274.0,990.0,GasA,Ex,Y,SBrkr,990.0,0.0,0.0,990.0,0.0,1.0,1.0,0.0,3.0,1.0,TA,5.0,Typ,0.0,Gd,Attchd,1996.0,Unf,2.0,576.0,TA,TA,Y,224.0,0.0,0.0,0.0,0.0,0.0,Gd,MnPrv,Shed,0.0,7.0,2006.0,WD,Normal,156000.0,-0.28078055341979885,2.0,中
215.0,60.0,RL,67.6,10900.0,Pave,Grvl,IR1,Lvl,AllPub,FR2,Gtl,CollgCr,Norm,Norm,1Fam,2Story,6.0,7.0,1977.0,1977.0,Gable,CompShg,HdBoard,HdBoard,BrkFace,153.0,TA,TA,CBlock,Gd,TA,No,GLQ,378.0,Unf,0.0,311.0,689.0,GasA,Ex,Y,SBrkr,689.0,703.0,0.0,1392.0,0.0,0.0,1.0,1.0,3.0,1.0,TA,6.0,Typ,0.0,Gd,Attchd,1977.0,Fin,1.0,299.0,TA,TA,Y,0.0,36.0,0.0,0.0,0.0,0.0,Gd,MnPrv,Shed,450.0,3.0,2010.0,WD,Normal,161750.0,-0.1927723339041408,2.0,中
216.0,20.0,RL,72.0,10011.0,Pave,Grvl,IR1,Lvl,AllPub,Inside,Gtl,NAmes,Norm,Norm,1Fam,1Story,5.0,6.0,1957.0,1996.0,Gable,CompShg,HdBoard,HdBoard,BrkFace,64.0,TA,TA,CBlock,TA,TA,No,BLQ,360.0,Unf,0.0,710.0,1070.0,GasA,TA,Y,SBrkr,1236.0,0.0,0.0,1236.0,0.0,1.0,1.0,0.0,2.0,1.0,Gd,6.0,Min1,1.0,Fa,Attchd,1957.0,Unf,1.0,447.0,TA,TA,Y,0.0,0.0,0.0,0.0,0.0,0.0,Gd,MnPrv,Shed,0.0,5.0,2006.0,WD,Normal,134450.0,-0.6106200543871783,1.0,低
217.0,20.0,RL,65.0,8450.0,Pave,Grvl,Reg,Lvl,AllPub,Inside,Gtl,CollgCr,Norm,Norm,1Fam,1Story,7.0,5.0,2004.0,2004.0,Gable,CompShg,VinylSd,VinylSd,BrkFace,266.0,Gd,TA,PConc,Gd,TA,Mn,GLQ,946.0,Unf,0.0,490.0,1436.0,GasA,Ex,Y,SBrkr,1436.0,0.0,0.0,1436.0,1.0,0.0,2.0,0.0,3.0,1.0,Gd,8.0,Typ,0.0,Gd,Attchd,2004.0,Unf,2.0,484.0,TA,TA,Y,139.0,98.0,0.0,0.0,0.0,0.0,Gd,MnPrv,Shed,0.0,4.0,2008.0,WD,Normal,210000.0,0.5457314211620333,3.0,高
218.0,70.0,RM,57.0,9906.0,Pave,Grvl,Reg,Lvl,AllPub,Inside,Gtl,OldTown,Norm,Norm,1Fam,2Story,4.0,4.0,1925.0,1950.0,Gable,CompShg,MetalSd,MetalSd,BrkFace,0.0,TA,TA,CBlock,TA,TA,No,Unf,0.0,Unf,0.0,686.0,686.0,GasA,Fa,N,SBrkr,810.0,518.0,0.0,1328.0,0.0,0.0,1.0,0.0,3.0,1.0,TA,8.0,Typ,0.0,Gd,Detchd,1940.0,Unf,1.0,210.0,TA,TA,Y,0.0,172.0,60.0,0.0,0.0,0.0,Gd,MnPrv,Shed,0.0,9.0,2006.0,WD,Family,107000.0,-1.0307636414662762,0.0,极低
730.5,50.0,RL,70.0,9478.5,Pave,Grvl,IR1,Lvl,AllPub,Corner,Gtl,Crawfor,Norm,Norm,1Fam,1.5Fin,6.0,5.0,1973.0,1994.0,Gable,CompShg,VinylSd,VinylSd,BrkFace,0.0,Gd,Gd,CBlock,TA,TA,No,BLQ,383.5,Unf,0.0,477.5,991.5,GasA,Ex,Y,SBrkr,1087.0,0.0,0.0,1464.0,0.0,0.0,2.0,0.0,3.0,1.0,Gd,6.0,Typ,1.0,TA,Attchd,1978.0,Unf,2.0,480.0,TA,TA,Y,0.0,25.0,0.0,0.0,0.0,0.0,Gd,MnPrv,Shed,0.0,6.0,2008.0,WD,Normal,163000.0,-0.1736401122703021,2.0,中
220.0,120.0,RL,43.0,3010.0,Pave,Grvl,Reg,Lvl,AllPub,Inside,Gtl,Blmngtn,Norm,Norm,TwnhsE,1Story,7.0,5.0,2005.0,2006.0,Gable,CompShg,VinylSd,VinylSd,BrkFace,16.0,Gd,TA,PConc,Gd,TA,Av,GLQ,16.0,Unf,0.0,1232.0,1248.0,GasA,Ex,Y,SBrkr,1248.0,0.0,0.0,1248.0,0.0,0.0,2.0,0.0,2.0,1.0,Gd,5.0,Typ,0.0,Gd,Attchd,2005.0,Fin,2.0,438.0,TA,TA,Y,108.0,0.0,0.0,0.0,0.0,0.0,Gd,MnPrv,Shed,0.0,3.0,2006.0,New,Partial,167240.0,-0.1087436164883212,2.0,中
221.0,20.0,RL,73.0,8990.0,Pave,Grvl,IR1,Lvl,AllPub,Inside,Gtl,CollgCr,Norm,Norm,1Fam,1Story,7.0,5.0,2006.0,2006.0,Gable,CompShg,VinylSd,VinylSd,BrkFace,0.0,Gd,TA,PConc,Gd,TA,Mn,Unf,0.0,Unf,0.0,1498.0,1498.0,GasA,Ex,Y,SBrkr,1498.0,0.0,0.0,1498.0,0.0,0.0,2.0,0.0,2.0,1.0,Gd,5.0,Typ,0.0,Gd,Attchd,2006.0,RFn,2.0,675.0,TA,TA,Y,351.0,33.0,0.0,0.0,0.0,0.0,Gd,MnPrv,Shed,0.0,4.0,2006.0,New,Partial,204900.0,0.4676719568959714,3.0,高
222.0,60.0,RL,67.4,8068.0,Pave,Grvl,IR1,Lvl,AllPub,Inside,Gtl,Gilbert,Norm,Norm,1Fam,2Story,6.0,5.0,2002.0,2002.0,Gable,CompShg,VinylSd,VinylSd,BrkFace,0.0,Gd,TA,PConc,Gd,TA,No,Unf,0.0,Unf,0.0,1010.0,1010.0,GasA,Ex,Y,SBrkr,1010.0,1257.0,0.0,2267.0,0.0,0.0,2.0,1.0,4.0,1.0,Gd,8.0,Typ,1.0,TA,BuiltIn,2002.0,RFn,2.0,390.0,TA,TA,Y,120.0,46.0,0.0,0.0,0.0,0.0,Gd,MnPrv,Shed,0.0,12.0,2009.0,ConLI,Normal,200000.0,0.3926736480913237,3.0,高
223.0,60.0,RL,85.0,11475.0,Pave,Grvl,Reg,Lvl,AllPub,Inside,Gtl,NWAmes,RRAn,Norm,1Fam,2Story,6.0,6.0,1975.0,1975.0,Gable,CompShg,VinylSd,VinylSd,BrkFace,0.0,TA,TA,CBlock,Gd,TA,No,ALQ,550.0,Unf,0.0,163.0,713.0,GasA,TA,Y,SBrkr,811.0,741.0,0.0,1552.0,1.0,0.0,2.0,1.0,3.0,1.0,TA,6.0,Typ,1.0,TA,Attchd,1975.0,RFn,2.0,434.0,TA,TA,Y,209.0,208.0,0.0,0.0,0.0,0.0,Gd,MnPrv,Shed,0.0,2.0,2006.0,WD,Normal,179900.0,0.08502752421919725,3.0,高
224.0,20.0,RL,70.0,10500.0,Pave,Grvl,Reg,Lvl,AllPub,FR2,Gtl,NAmes,Norm,Norm,1Fam,1Story,4.0,6.0,1971.0,1971.0,Gable,CompShg,HdBoard,HdBoard,BrkFace,0.0,TA,TA,CBlock,TA,TA,No,ALQ,524.0,LwQ,180.0,160.0,864.0,GasA,Gd,Y,SBrkr,864.0,0.0,0.0,864.0,0.0,0.0,1.0,0.0,2.0,1.0,TA,4.0,Typ,0.0,Gd,Detchd,1989.0,Unf,2.0,576.0,TA,TA,Y,216.0,0.0,0.0,0.0,0.0,0.0,Gd,MnPrv,Shed,0.0,3.0,2009.0,WD,Abnorml,97000.0,-1.1838214145369859,0.0,极低
730.5,50.0,RL,70.0,9478.5,Pave,Grvl,Reg,Lvl,AllPub,Inside,Gtl,NridgHt,Norm,Norm,1Fam,1Story,6.0,5.0,1973.0,1994.0,Hip,CompShg,VinylSd,VinylSd,BrkFace,0.0,Ex,TA,PConc,Ex,TA,Gd,GLQ,383.5,Unf,0.0,477.5,991.5,GasA,Ex,Y,SBrkr,1087.0,0.0,0.0,1464.0,0.0,0.0,2.0,0.0,3.0,1.0,Ex,6.0,Typ,1.0,Ex,Attchd,1978.0,Fin,2.0,480.0,TA,TA,Y,0.0,25.0,0.0,0.0,0.0,0.0,Gd,MnPrv,Shed,0.0,6.0,2008.0,WD,Normal,163000.0,-0.1736401122703021,2.0,中
226.0,160.0,RM,21.0,1680.0,Pave,Grvl,Reg,Lvl,AllPub,Inside,Gtl,BrDale,Norm,Norm,Twnhs,2Story,5.0,5.0,1971.0,1971.0,Gable,CompShg,HdBoard,HdBoard,BrkFace,142.0,TA,TA,CBlock,TA,TA,No,Unf,0.0,Unf,0.0,630.0,630.0,GasA,TA,Y,SBrkr,630.0,672.0,0.0,1302.0,0.0,0.0,2.0,1.0,3.0,1.0,TA,6.0,Typ,0.0,Gd,Detchd,1991.0,Unf,1.0,280.0,TA,TA,Y,0.0,0.0,0.0,0.0,0.0,0.0,Gd,MnPrv,Shed,0.0,5.0,2009.0,COD,Abnorml,112000.0,-0.9542347549309215,0.0,极低
227.0,60.0,RL,82.0,9950.0,Pave,Grvl,IR1,Lvl,AllPub,Inside,Gtl,NoRidge,Norm,Norm,1Fam,2Story,7.0,5.0,1995.0,1995.0,Gable,CompShg,VinylSd,VinylSd,BrkFace,290.0,Gd,TA,PConc,Gd,TA,No,GLQ,565.0,Unf,0.0,638.0,1203.0,GasA,Ex,Y,SBrkr,1214.0,1306.0,0.0,2520.0,0.0,0.0,2.0,1.0,4.0,1.0,Gd,9.0,Typ,1.0,TA,Attchd,1995.0,RFn,3.0,721.0,TA,TA,Y,224.0,114.0,0.0,0.0,0.0,0.0,Gd,MnPrv,Shed,0.0,6.0,2007.0,WD,Abnorml,290000.0,1.7701936057277108,4.0,极高
228.0,160.0,RM,21.0,1869.0,Pave,Grvl,Reg,Lvl,AllPub,Inside,Gtl,BrDale,Norm,Norm,Twnhs,2Story,6.0,6.0,1970.0,1970.0,Gable,CompShg,HdBoard,HdBoard,BrkFace,127.0,TA,TA,CBlock,TA,TA,No,Rec,321.0,Unf,0.0,162.0,483.0,GasA,TA,Y,SBrkr,483.0,504.0,0.0,987.0,0.0,0.0,1.0,1.0,2.0,1.0,TA,5.0,Typ,0.0,Gd,Detchd,1987.0,Unf,1.0,280.0,TA,TA,Y,0.0,0.0,0.0,0.0,0.0,0.0,Gd,MnPrv,Shed,0.0,9.0,2008.0,WD,Normal,106000.0,-1.0460694187733472,0.0,极低
229.0,20.0,RL,70.0,8521.0,Pave,Grvl,Reg,Lvl,AllPub,FR2,Gtl,Sawyer,Feedr,Norm,1Fam,1Story,5.0,5.0,1967.0,1967.0,Gable,CompShg,HdBoard,HdBoard,BrkFace,0.0,TA,TA,CBlock,TA,TA,No,ALQ,842.0,Unf,0.0,70.0,912.0,GasA,TA,Y,SBrkr,912.0,0.0,0.0,912.0,0.0,0.0,1.0,0.0,3.0,1.0,TA,5.0,Typ,1.0,Fa,Detchd,1974.0,Unf,1.0,336.0,TA,TA,Y,0.0,0.0,0.0,0.0,0.0,0.0,Gd,MnPrv,Shed,0.0,5.0,2010.0,WD,Normal,125000.0,-0.7552596499389989,0.0,极低
230.0,120.0,RL,43.0,3182.0,Pave,Grvl,Reg,Lvl,AllPub,Inside,Gtl,Blmngtn,Norm,Norm,TwnhsE,1Story,7.0,5.0,2005.0,2006.0,Gable,CompShg,VinylSd,VinylSd,BrkFace,16.0,Gd,TA,PConc,Gd,TA,Av,GLQ,16.0,Unf,0.0,1357.0,1373.0,GasA,Ex,Y,SBrkr,1555.0,0.0,0.0,1555.0,0.0,0.0,2.0,0.0,2.0,1.0,Gd,7.0,Typ,1.0,TA,Attchd,2005.0,Fin,2.0,430.0,TA,TA,Y,143.0,20.0,0.0,0.0,0.0,0.0,Gd,MnPrv,Shed,0.0,5.0,2009.0,WD,Normal,192500.0,0.2778803182882914,3.0,高
231.0,20.0,RL,73.0,8760.0,Pave,Grvl,Reg,Lvl,AllPub,Inside,Gtl,NAmes,Norm,Norm,1Fam,1Story,6.0,6.0,1959.0,1959.0,Hip,CompShg,MetalSd,MetalSd,BrkFace,220.0,TA,TA,CBlock,TA,TA,No,Unf,0.0,Unf,0.0,1194.0,1194.0,GasA,TA,Y,SBrkr,1194.0,0.0,0.0,1194.0,1.0,0.0,1.0,0.0,3.0,1.0,TA,6.0,Typ,0.0,Gd,Attchd,1959.0,RFn,1.0,312.0,TA,TA,Y,0.0,0.0,120.0,0.0,0.0,0.0,Gd,MnPrv,Shed,0.0,4.0,2010.0,WD,Normal,148000.0,-0.40322677187636663,1.0,低
232.0,60.0,RL,174.0,15138.0,Pave,Grvl,IR1,Lvl,AllPub,Inside,Gtl,NoRidge,Norm,Norm,1Fam,2Story,8.0,5.0,1995.0,1996.0,Gable,CompShg,VinylSd,VinylSd,BrkFace,506.0,Gd,TA,PConc,Gd,TA,No,GLQ,689.0,Unf,0.0,773.0,1462.0,GasA,Ex,Y,SBrkr,1490.0,1304.0,0.0,2794.0,1.0,0.0,2.0,1.0,4.0,1.0,Ex,9.0,Typ,1.0,TA,Attchd,1995.0,Fin,3.0,810.0,TA,TA,Y,0.0,146.0,202.0,0.0,0.0,0.0,Gd,MnPrv,Shed,0.0,7.0,2009.0,WD,Normal,403000.0,3.49974644142673,4.0,极高
233.0,160.0,RM,21.0,1680.0,Pave,Grvl,Reg,Lvl,AllPub,Inside,Gtl,BrDale,Norm,Norm,Twnhs,2Story,6.0,5.0,1972.0,1972.0,Gable,CompShg,HdBoard,HdBoard,BrkFace,297.0,TA,TA,CBlock,TA,TA,No,Unf,0.0,Unf,0.0,483.0,483.0,GasA,TA,Y,SBrkr,483.0,504.0,0.0,987.0,0.0,0.0,1.0,1.0,2.0,1.0,TA,5.0,Typ,1.0,Po,Attchd,1972.0,Unf,1.0,288.0,TA,TA,Y,0.0,0.0,0.0,0.0,0.0,0.0,Gd,MnPrv,Shed,0.0,6.0,2006.0,WD,Normal,94500.0,-1.2220858578046634,0.0,极低
234.0,20.0,RL,75.0,10650.0,Pave,Grvl,Reg,Lvl,AllPub,Corner,Gtl,CollgCr,Norm,Norm,1Fam,1Story,5.0,6.0,1976.0,1976.0,Gable,CompShg,HdBoard,HdBoard,BrkFace,0.0,TA,TA,CBlock,TA,Gd,Av,LwQ,182.0,ALQ,712.0,0.0,894.0,GasA,TA,Y,SBrkr,894.0,0.0,0.0,894.0,1.0,0.0,1.0,0.0,3.0,1.0,TA,5.0,Typ,0.0,Gd,Attchd,1976.0,Unf,1.0,308.0,TA,TA,Y,365.0,0.0,0.0,0.0,0.0,0.0,Gd,MnPrv,Shed,0.0,2.0,2010.0,WD,Normal,128200.0,-0.7062811625563717,1.0,低
235.0,60.0,RL,73.2,7851.0,Pave,Grvl,Reg,Lvl,AllPub,Inside,Gtl,Gilbert,Norm,Norm,1Fam,2Story,6.0,5.0,2002.0,2002.0,Gable,CompShg,VinylSd,VinylSd,BrkFace,84.6,Gd,TA,PConc,Gd,TA,No,GLQ,625.0,Unf,0.0,235.0,860.0,GasA,Ex,Y,SBrkr,860.0,1100.0,0.0,1960.0,1.0,0.0,2.0,1.0,4.0,1.0,Gd,8.0,Typ,2.0,TA,BuiltIn,2002.0,Fin,2.0,440.0,TA,TA,Y,288.0,48.0,0.0,0.0,0.0,0.0,Gd,MnPrv,Shed,0.0,5.0,2010.0,WD,Normal,216500.0,0.6452189736579946,3.0,高
236.0,160.0,RM,21.0,1680.0,Pave,Grvl,Reg,Lvl,AllPub,Inside,Gtl,BrDale,Norm,Norm,TwnhsE,2Story,6.0,3.0,1971.0,1971.0,Gable,CompShg,HdBoard,HdBoard,BrkFace,604.0,TA,TA,CBlock,TA,TA,No,ALQ,358.0,Unf,0.0,125.0,483.0,GasA,TA,Y,SBrkr,483.0,504.0,0.0,987.0,0.0,0.0,1.0,1.0,2.0,1.0,TA,5.0,Typ,0.0,Gd,Detchd,1971.0,Unf,1.0,264.0,TA,TA,Y,0.0,0.0,0.0,0.0,0.0,0.0,Gd,MnPrv,Shed,0.0,8.0,2008.0,WD,Normal,89500.0,-1.2986147443400182,0.0,极低
237.0,20.0,RL,65.0,8773.0,Pave,Grvl,Reg,Lvl,AllPub,FR2,Gtl,CollgCr,Norm,Norm,1Fam,1Story,7.0,5.0,2004.0,2004.0,Gable,CompShg,VinylSd,VinylSd,BrkFace,98.0,Gd,TA,PConc,Gd,TA,Av,GLQ,24.0,Unf,0.0,1390.0,1414.0,GasA,Ex,Y,SBrkr,1414.0,0.0,0.0,1414.0,0.0,0.0,2.0,0.0,3.0,1.0,Gd,6.0,Typ,0.0,Gd,Attchd,2004.0,RFn,2.0,494.0,TA,TA,Y,132.0,105.0,0.0,0.0,0.0,0.0,Gd,MnPrv,Shed,0.0,5.0,2010.0,WD,Normal,185500.0,0.17073987713879465,3.0,高
238.0,60.0,RL,67.2,9453.0,Pave,Grvl,IR1,Lvl,AllPub,CulDSac,Gtl,SawyerW,RRNe,Norm,1Fam,2Story,7.0,7.0,1993.0,2003.0,Gable,CompShg,HdBoard,HdBoard,BrkFace,0.0,Gd,TA,PConc,Gd,TA,No,BLQ,402.0,Unf,0.0,594.0,996.0,GasA,Ex,Y,SBrkr,1014.0,730.0,0.0,1744.0,0.0,0.0,2.0,1.0,3.0,1.0,Gd,7.0,Typ,0.0,Gd,Attchd,1993.0,RFn,2.0,457.0,TA,TA,Y,370.0,70.0,0.0,238.0,0.0,0.0,Gd,MnPrv,Shed,0.0,2.0,2010.0,WD,Normal,194500.0,0.30849187290243335,3.0,高
239.0,20.0,RL,93.0,12030.0,Pave,Grvl,Reg,Lvl,AllPub,Inside,Gtl,NridgHt,Norm,Norm,1Fam,1Story,8.0,5.0,2007.0,2007.0,Hip,CompShg,VinylSd,VinylSd,BrkFace,254.0,Ex,TA,PConc,Ex,TA,No,Unf,0.0,Unf,0.0,1694.0,1694.0,GasA,Ex,Y,SBrkr,1694.0,0.0,0.0,1694.0,0.0,0.0,2.0,0.0,3.0,1.0,Gd,7.0,Typ,0.0,Gd,Attchd,2007.0,Fin,3.0,818.0,TA,TA,Y,168.0,228.0,0.0,0.0,0.0,0.0,Gd,MnPrv,Shed,0.0,12.0,2007.0,New,Partial,318000.0,2.198755370325698,4.0,极高
240.0,50.0,RL,52.0,8741.0,Pave,Grvl,Reg,Lvl,AllPub,Inside,Gtl,Edwards,Norm,Norm,1Fam,1.5Fin,6.0,4.0,1945.0,1950.0,Gable,CompShg,VinylSd,VinylSd,BrkFace,0.0,TA,TA,CBlock,TA,Fa,No,LwQ,94.0,Unf,0.0,641.0,735.0,GasA,TA,Y,FuseA,798.0,689.0,0.0,1487.0,0.0,0.0,1.0,1.0,3.0,1.0,TA,7.0,Typ,1.0,Gd,Detchd,1949.0,Unf,1.0,220.0,TA,TA,Y,0.0,140.0,0.0,0.0,0.0,0.0,Gd,MnPrv,Shed,0.0,4.0,2010.0,WD,Normal,113000.0,-0.9389289776238504,0.0,极低
241.0,20.0,FV,75.0,9000.0,Pave,Grvl,Reg,Lvl,AllPub,Inside,Gtl,Somerst,Norm,Norm,1Fam,1Story,8.0,5.0,2008.0,2008.0,Gable,CompShg,VinylSd,VinylSd,Stone,36.0,Gd,TA,PConc,Gd,TA,Av,GLQ,1078.0,Unf,0.0,488.0,1566.0,GasA,Ex,Y,SBrkr,1566.0,0.0,0.0,1566.0,1.0,0.0,2.0,0.0,3.0,1.0,Gd,7.0,Typ,0.0,Gd,Attchd,2008.0,RFn,2.0,750.0,TA,TA,Y,144.0,168.0,0.0,0.0,0.0,0.0,Gd,MnPrv,Shed,0.0,4.0,2010.0,WD,Normal,262500.0,1.349284729783259,4.0,极高
242.0,30.0,RM,40.0,3880.0,Pave,Grvl,Reg,Lvl,AllPub,Inside,Gtl,OldTown,Norm,Norm,1Fam,1Story,5.0,9.0,1945.0,1997.0,Gable,CompShg,VinylSd,VinylSd,BrkFace,0.0,TA,Gd,CBlock,TA,TA,No,ALQ,329.0,Unf,0.0,357.0,686.0,GasA,Gd,Y,SBrkr,866.0,0.0,0.0,866.0,0.0,0.0,1.0,0.0,2.0,1.0,Gd,4.0,Typ,0.0,Gd,Attchd,1956.2,Unf,0.0,0.0,TA,TA,Y,58.0,42.0,0.0,0.0,0.0,0.0,Gd,MnPrv,Shed,0.0,8.0,2007.0,WD,Normal,110500.0,-0.9771934208915278,0.0,极低
243.0,50.0,RM,63.0,5000.0,Pave,Grvl,Reg,Lvl,AllPub,Corner,Gtl,OldTown,Norm,Norm,1Fam,1.5Fin,5.0,4.0,1900.0,1950.0,Gable,CompShg,Wd Sdng,Wd Sdng,BrkFace,0.0,TA,TA,BrkTil,TA,TA,No,Unf,0.0,Unf,0.0,540.0,540.0,GasA,Gd,N,FuseA,889.0,551.0,0.0,1440.0,0.0,0.0,1.0,0.0,3.0,1.0,TA,6.0,Typ,0.0,Gd,Attchd,1940.0,Unf,1.0,352.0,Fa,TA,Y,0.0,0.0,77.0,0.0,0.0,0.0,Gd,MnPrv,Shed,0.0,4.0,2006.0,WD,Normal,79000.0,-1.4593254060642633,0.0,极低
244.0,160.0,RL,75.0,10762.0,Pave,Grvl,Reg,Lvl,AllPub,Corner,Gtl,SawyerW,Norm,Norm,TwnhsE,2Story,6.0,6.0,1980.0,1980.0,Gable,CompShg,Plywood,Plywood,BrkFace,0.0,TA,TA,CBlock,Gd,TA,No,Unf,0.0,Unf,0.0,626.0,626.0,GasA,TA,Y,SBrkr,626.0,591.0,0.0,1217.0,0.0,0.0,1.0,1.0,3.0,1.0,TA,6.0,Typ,1.0,TA,Attchd,1980.0,RFn,1.0,288.0,TA,TA,Y,0.0,28.0,0.0,0.0,0.0,0.0,Gd,MnPrv,Shed,0.0,4.0,2009.0,WD,Normal,120000.0,-0.8317885364743537,0.0,极低
245.0,60.0,RL,68.4,8880.0,Pave,Grvl,IR1,Lvl,AllPub,Inside,Gtl,SawyerW,Norm,Norm,1Fam,2Story,7.0,5.0,1994.0,2002.0,Gable,CompShg,VinylSd,VinylSd,BrkFace,0.0,Gd,TA,PConc,Gd,TA,No,GLQ,695.0,Unf,0.0,253.0,948.0,GasA,Ex,Y,SBrkr,1222.0,888.0,0.0,2110.0,1.0,0.0,2.0,1.0,3.0,1.0,Gd,8.0,Typ,2.0,Fa,Attchd,1994.0,RFn,2.0,463.0,TA,TA,Y,0.0,130.0,0.0,0.0,0.0,0.0,Gd,MnPrv,Shed,0.0,5.0,2010.0,WD,Normal,205000.0,0.46920253462667855,3.0,高
246.0,20.0,RL,80.0,10400.0,Pave,Grvl,Reg,Lvl,AllPub,Inside,Gtl,NWAmes,Norm,Norm,1Fam,1Story,7.0,5.0,1988.0,1988.0,Gable,CompShg,Wd Sdng,Wd Sdng,BrkFace,102.0,TA,TA,CBlock,Gd,TA,Av,GLQ,929.0,Unf,0.0,916.0,1845.0,GasA,Gd,Y,SBrkr,1872.0,0.0,0.0,1872.0,0.0,1.0,2.0,0.0,3.0,1.0,TA,6.0,Typ,1.0,TA,Attchd,1988.0,Fin,2.0,604.0,TA,TA,Y,197.0,39.0,0.0,0.0,0.0,0.0,Gd,MnPrv,Shed,0.0,6.0,2006.0,WD,Normal,241500.0,1.027863406334769,4.0,极高
730.5,50.0,RM,70.0,9478.5,Pave,Grvl,Reg,Lvl,AllPub,Inside,Gtl,OldTown,Norm,Norm,2fmCon,2Story,6.0,5.0,1973.0,1994.0,Gable,CompShg,AsbShng,AsbShng,BrkFace,0.0,TA,Fa,Stone,Fa,TA,No,Unf,383.5,Unf,0.0,477.5,991.5,GasA,Gd,N,FuseP,1087.0,0.0,0.0,1464.0,0.0,0.0,2.0,0.0,3.0,1.0,Fa,6.0,Typ,1.0,Gd,Detchd,1978.0,Unf,2.0,480.0,Po,Po,Y,0.0,25.0,0.0,0.0,0.0,0.0,Gd,MnPrv,Shed,0.0,6.0,2008.0,WD,Normal,163000.0,-0.1736401122703021,2.0,中
248.0,20.0,RL,75.0,11310.0,Pave,Grvl,Reg,Lvl,AllPub,Inside,Gtl,NAmes,Norm,Norm,1Fam,1Story,6.0,5.0,1954.0,1954.0,Hip,CompShg,Wd Sdng,BrkFace,BrkFace,0.0,TA,TA,CBlock,TA,TA,No,Unf,0.0,Unf,0.0,1367.0,1367.0,GasA,Ex,Y,SBrkr,1375.0,0.0,0.0,1375.0,0.0,0.0,1.0,0.0,2.0,1.0,TA,5.0,Typ,1.0,TA,Attchd,1954.0,Unf,2.0,451.0,TA,TA,Y,0.0,30.0,0.0,0.0,0.0,0.0,Gd,MnPrv,Shed,0.0,6.0,2006.0,WD,Normal,140000.0,-0.5256729903329344,1.0,低
249.0,60.0,RL,72.0,11317.0,Pave,Grvl,Reg,Lvl,AllPub,Inside,Gtl,CollgCr,Norm,Norm,1Fam,2Story,7.0,5.0,2003.0,2003.0,Gable,CompShg,VinylSd,VinylSd,BrkFace,101.0,Gd,TA,PConc,Gd,TA,No,Unf,0.0,Unf,0.0,840.0,840.0,GasA,Ex,Y,SBrkr,840.0,828.0,0.0,1668.0,0.0,0.0,2.0,1.0,3.0,1.0,Gd,8.0,Typ,0.0,Gd,Attchd,2003.0,RFn,2.0,500.0,TA,TA,Y,144.0,68.0,0.0,0.0,0.0,0.0,Gd,MnPrv,Shed,0.0,9.0,2007.0,WD,Normal,180000.0,0.08655810194990435,3.0,高
730.5,50.0,RL,70.0,9478.5,Pave,Grvl,IR2,Low,AllPub,CulDSac,Sev,ClearCr,Norm,Norm,1Fam,1.5Fin,6.0,5.0,1973.0,1994.0,Gable,CompShg,Wd Sdng,HdBoard,BrkCmn,0.0,Gd,TA,CBlock,Gd,TA,Gd,Rec,383.5,Unf,0.0,477.5,991.5,GasA,Gd,Y,SBrkr,1087.0,0.0,0.0,1464.0,0.0,0.0,2.0,0.0,3.0,1.0,Gd,6.0,Typ,1.0,TA,Attchd,1978.0,Fin,2.0,480.0,TA,TA,Y,0.0,25.0,0.0,0.0,0.0,0.0,Gd,MnPrv,Shed,0.0,6.0,2008.0,WD,Normal,163000.0,-0.1736401122703021,2.0,中
251.0,30.0,RL,55.0,5350.0,Pave,Grvl,IR1,Lvl,AllPub,Inside,Gtl,BrkSide,Norm,Norm,1Fam,1Story,3.0,2.0,1940.0,1966.0,Gable,CompShg,Wd Sdng,Plywood,BrkFace,0.0,TA,Po,CBlock,TA,TA,No,Unf,0.0,Unf,0.0,728.0,728.0,GasA,Ex,Y,SBrkr,1306.0,0.0,0.0,1306.0,0.0,0.0,1.0,0.0,3.0,1.0,Fa,6.0,Mod,0.0,Gd,Attchd,1944.6,Unf,0.0,0.0,TA,TA,Y,263.0,0.0,0.0,0.0,0.0,0.0,Gd,GdWo,Shed,450.0,5.0,2010.0,WD,Normal,76500.0,-1.4975898493319408,0.0,极低
252.0,120.0,RM,44.0,4750.0,Pave,Grvl,IR1,HLS,AllPub,Inside,Mod,Crawfor,Norm,Norm,TwnhsE,1Story,8.0,5.0,2006.0,2007.0,Hip,CompShg,VinylSd,VinylSd,Stone,481.0,Gd,TA,PConc,Gd,TA,Gd,GLQ,1573.0,Unf,0.0,0.0,1573.0,GasA,Ex,Y,SBrkr,1625.0,0.0,0.0,1625.0,1.0,1.0,2.0,0.0,2.0,1.0,Gd,5.0,Typ,1.0,Gd,Attchd,2006.0,Fin,2.0,538.0,TA,TA,Y,123.0,0.0,0.0,0.0,153.0,0.0,Gd,MnPrv,Shed,0.0,12.0,2007.0,WD,Family,235000.0,0.9283758538388075,4.0,极高
253.0,60.0,RL,65.0,8366.0,Pave,Grvl,IR1,Lvl,AllPub,Inside,Gtl,SawyerW,Norm,Norm,1Fam,2Story,6.0,5.0,2004.0,2004.0,Gable,CompShg,VinylSd,VinylSd,BrkFace,0.0,Gd,TA,PConc,Gd,TA,No,Unf,0.0,Unf,0.0,798.0,798.0,GasA,Ex,Y,SBrkr,798.0,842.0,0.0,1640.0,0.0,0.0,2.0,1.0,3.0,1.0,Gd,6.0,Typ,0.0,Gd,Attchd,2004.0,RFn,2.0,520.0,TA,TA,Y,138.0,45.0,0.0,0.0,0.0,0.0,Gd,MnPrv,Shed,0.0,12.0,2008.0,WD,Normal,173000.0,-0.020582339199592427,3.0,高
730.5,50.0,RL,70.0,9478.5,Pave,Grvl,Reg,Lvl,AllPub,Inside,Gtl,NAmes,Norm,Norm,1Fam,SLvl,6.0,5.0,1973.0,1994.0,Hip,CompShg,HdBoard,HdBoard,BrkFace,0.0,TA,TA,CBlock,Gd,TA,Gd,LwQ,383.5,ALQ,0.0,477.5,991.5,GasA,Ex,Y,SBrkr,1087.0,0.0,0.0,1464.0,0.0,0.0,2.0,0.0,3.0,1.0,Gd,6.0,Min1,1.0,Gd,Attchd,1978.0,RFn,2.0,480.0,TA,TA,Y,0.0,25.0,0.0,0.0,0.0,0.0,Gd,MnPrv,Shed,0.0,6.0,2008.0,CWD,Normal,163000.0,-0.1736401122703021,2.0,中
255.0,20.0,RL,70.0,8400.0,Pave,Grvl,Reg,Lvl,AllPub,Inside,Gtl,NAmes,Norm,Norm,1Fam,1Story,5.0,6.0,1957.0,1957.0,Gable,CompShg,MetalSd,MetalSd,BrkFace,0.0,TA,Gd,CBlock,TA,TA,No,Rec,922.0,Unf,0.0,392.0,1314.0,GasA,TA,Y,SBrkr,1314.0,0.0,0.0,1314.0,1.0,0.0,1.0,0.0,3.0,1.0,TA,5.0,Typ,0.0,Gd,Attchd,1957.0,RFn,1.0,294.0,TA,TA,Y,250.0,0.0,0.0,0.0,0.0,0.0,Gd,MnPrv,Shed,0.0,6.0,2010.0,WD,Normal,145000.0,-0.4491441037975795,1.0,低
256.0,60.0,RL,66.0,8738.0,Pave,Grvl,IR1,Lvl,AllPub,Inside,Gtl,Gilbert,Norm,Norm,1Fam,2Story,7.0,5.0,1999.0,1999.0,Gable,CompShg,VinylSd,VinylSd,BrkFace,302.0,Gd,TA,PConc,Gd,TA,No,Unf,0.0,Unf,0.0,975.0,975.0,GasA,Ex,Y,SBrkr,1005.0,1286.0,0.0,2291.0,0.0,0.0,2.0,1.0,4.0,1.0,Gd,8.0,Typ,1.0,TA,BuiltIn,1999.0,Fin,2.0,429.0,TA,TA,Y,192.0,0.0,0.0,0.0,0.0,0.0,Gd,MnPrv,Shed,0.0,2.0,2006.0,WD,Normal,230000.0,0.8518469673034527,4.0,极高
257.0,60.0,FV,64.0,8791.0,Pave,Grvl,IR1,Lvl,AllPub,Inside,Gtl,Somerst,Norm,Norm,1Fam,2Story,6.0,5.0,2003.0,2003.0,Gable,CompShg,VinylSd,VinylSd,BrkFace,0.0,Gd,TA,PConc,Gd,TA,No,Rec,503.0,Unf,0.0,361.0,864.0,GasA,Ex,Y,SBrkr,864.0,864.0,0.0,1728.0,0.0,0.0,2.0,1.0,3.0,1.0,Gd,7.0,Typ,0.0,Gd,Attchd,2003.0,RFn,2.0,673.0,TA,TA,Y,216.0,56.0,0.0,0.0,0.0,0.0,Gd,MnPrv,Shed,0.0,5.0,2008.0,WD,Normal,207500.0,0.5074669778943559,3.0,高
258.0,20.0,RL,68.0,8814.0,Pave,Grvl,Reg,Lvl,AllPub,Inside,Gtl,CollgCr,Norm,Norm,1Fam,1Story,7.0,5.0,2006.0,2006.0,Gable,CompShg,VinylSd,VinylSd,Stone,180.0,Gd,TA,PConc,Gd,TA,No,GLQ,1334.0,Unf,0.0,270.0,1604.0,GasA,Ex,Y,SBrkr,1604.0,0.0,0.0,1604.0,1.0,0.0,2.0,1.0,3.0,1.0,Gd,8.0,Typ,1.0,Gd,Attchd,2006.0,RFn,2.0,660.0,TA,TA,Y,123.0,110.0,0.0,0.0,0.0,0.0,Gd,MnPrv,Shed,0.0,3.0,2009.0,WD,Abnorml,220000.0,0.698789194232743,4.0,极高
259.0,60.0,RL,80.0,12435.0,Pave,Grvl,Reg,Lvl,AllPub,Inside,Gtl,CollgCr,Norm,Norm,1Fam,2Story,7.0,5.0,2001.0,2001.0,Gable,CompShg,VinylSd,VinylSd,BrkFace,172.0,Gd,TA,PConc,Gd,TA,No,GLQ,361.0,Unf,0.0,602.0,963.0,GasA,Ex,Y,SBrkr,963.0,829.0,0.0,1792.0,0.0,0.0,2.0,1.0,3.0,1.0,Gd,7.0,Typ,1.0,TA,Attchd,2001.0,RFn,2.0,564.0,TA,TA,Y,0.0,96.0,0.0,245.0,0.0,0.0,Gd,MnPrv,Shed,0.0,5.0,2008.0,WD,Normal,231500.0,0.8748056332640591,4.0,极高
260.0,20.0,RM,70.0,12702.0,Pave,Grvl,Reg,Lvl,AllPub,Inside,Gtl,OldTown,Norm,Norm,1Fam,1Story,5.0,5.0,1956.0,1956.0,Gable,CompShg,BrkFace,BrkFace,BrkFace,0.0,TA,TA,PConc,TA,TA,No,Unf,0.0,Unf,0.0,0.0,0.0,GasA,Gd,Y,FuseA,882.0,0.0,0.0,882.0,0.0,0.0,1.0,0.0,2.0,1.0,TA,4.0,Typ,0.0,Gd,Detchd,1956.0,Unf,1.0,308.0,TA,TA,Y,0.0,45.0,0.0,0.0,0.0,0.0,Gd,MnPrv,Shed,0.0,12.0,2008.0,WD,Normal,97000.0,-1.1838214145369859,0.0,极低
730.5,50.0,RL,70.0,9478.5,Pave,Grvl,Reg,Lvl,AllPub,Corner,Gtl,NAmes,Artery,Norm,1Fam,SLvl,6.0,5.0,1973.0,1994.0,Gable,CompShg,Wd Sdng,Wd Sdng,BrkFace,0.0,TA,TA,CBlock,TA,TA,Gd,Rec,383.5,ALQ,0.0,477.5,991.5,GasA,TA,Y,SBrkr,1087.0,0.0,0.0,1464.0,0.0,0.0,2.0,0.0,3.0,1.0,TA,6.0,Typ,1.0,TA,Attchd,1978.0,Unf,2.0,480.0,TA,TA,Y,0.0,25.0,0.0,0.0,0.0,0.0,Gd,GdWo,Shed,0.0,6.0,2008.0,WD,Normal,163000.0,-0.1736401122703021,2.0,中
262.0,60.0,RL,69.0,9588.0,Pave,Grvl,IR1,Lvl,AllPub,Inside,Gtl,CollgCr,Norm,Norm,1Fam,2Story,8.0,5.0,2007.0,2007.0,Gable,CompShg,CemntBd,CmentBd,Stone,270.0,Gd,TA,PConc,Ex,TA,No,Unf,0.0,Unf,0.0,1482.0,1482.0,GasA,Ex,Y,SBrkr,1482.0,1092.0,0.0,2574.0,0.0,0.0,2.0,1.0,3.0,1.0,Ex,10.0,Typ,1.0,Gd,BuiltIn,2007.0,Fin,3.0,868.0,TA,TA,Y,0.0,148.0,0.0,0.0,0.0,0.0,Gd,MnPrv,Shed,0.0,11.0,2007.0,New,Partial,276000.0,1.5559127234287171,4.0,极高
263.0,80.0,RL,88.0,8471.0,Pave,Grvl,IR1,Lvl,AllPub,Corner,Gtl,Sawyer,Norm,Norm,1Fam,SLvl,6.0,7.0,1977.0,1995.0,Gable,CompShg,HdBoard,Plywood,BrkFace,46.0,TA,TA,CBlock,Gd,Gd,Av,ALQ,506.0,Unf,0.0,0.0,506.0,GasA,TA,Y,SBrkr,1212.0,0.0,0.0,1212.0,1.0,0.0,1.0,0.0,3.0,1.0,TA,6.0,Typ,1.0,TA,Attchd,1978.0,Unf,2.0,492.0,TA,TA,Y,292.0,12.0,0.0,0.0,0.0,0.0,Gd,GdWo,Shed,0.0,7.0,2006.0,WD,Normal,151000.0,-0.3573094399551537,1.0,低
730.5,50.0,RM,70.0,9478.5,Pave,Grvl,Reg,Lvl,AllPub,Corner,Gtl,OldTown,Norm,Norm,1Fam,1.5Fin,6.0,5.0,1973.0,1994.0,Gable,CompShg,Wd Sdng,Wd Sdng,BrkFace,0.0,TA,TA,BrkTil,TA,TA,No,LwQ,383.5,ALQ,0.0,477.5,991.5,GasA,TA,Y,SBrkr,1087.0,0.0,0.0,1464.0,0.0,0.0,2.0,0.0,3.0,1.0,TA,6.0,Typ,1.0,Gd,Detchd,1978.0,Unf,2.0,480.0,TA,TA,Y,0.0,25.0,0.0,0.0,0.0,0.0,Gd,MnPrv,Shed,0.0,6.0,2008.0,WD,Normal,163000.0,-0.1736401122703021,2.0,中
265.0,30.0,RM,30.0,5232.0,Pave,Grvl,IR3,Bnk,AllPub,Inside,Gtl,OldTown,Artery,Norm,1Fam,1Story,5.0,5.0,1925.0,2004.0,Gable,CompShg,Wd Sdng,Wd Sdng,BrkFace,0.0,TA,TA,BrkTil,Fa,TA,No,Unf,0.0,Unf,0.0,680.0,680.0,GasA,Gd,N,FuseP,764.0,0.0,0.0,764.0,0.0,0.0,1.0,0.0,2.0,1.0,TA,4.0,Typ,0.0,Gd,Detchd,1965.0,Unf,2.0,504.0,TA,TA,N,0.0,0.0,0.0,0.0,0.0,0.0,Gd,MnPrv,Shed,0.0,6.0,2008.0,WD,Normal,73000.0,-1.5511600699066892,0.0,极低
266.0,20.0,RL,78.0,12090.0,Pave,Grvl,IR1,Lvl,AllPub,Inside,Gtl,NWAmes,Norm,Norm,1Fam,1Story,6.0,6.0,1981.0,1981.0,Gable,CompShg,MetalSd,MetalSd,BrkFace,210.0,TA,Gd,CBlock,Gd,TA,No,GLQ,588.0,LwQ,228.0,606.0,1422.0,GasA,TA,Y,SBrkr,1422.0,0.0,0.0,1422.0,0.0,0.0,2.0,0.0,3.0,1.0,Gd,7.0,Typ,1.0,TA,Attchd,1981.0,Fin,2.0,576.0,TA,TA,Y,276.0,0.0,0.0,0.0,0.0,0.0,Gd,GdPrv,Shed,0.0,6.0,2008.0,WD,Normal,175500.0,0.01768210406808499,3.0,高
267.0,60.0,RL,70.0,11207.0,Pave,Grvl,IR1,HLS,AllPub,FR2,Gtl,Gilbert,Norm,Norm,1Fam,2Story,6.0,5.0,1997.0,1997.0,Gable,CompShg,VinylSd,VinylSd,BrkFace,0.0,TA,TA,PConc,Gd,TA,Av,GLQ,714.0,Unf,0.0,88.0,802.0,GasA,Gd,Y,SBrkr,802.0,709.0,0.0,1511.0,1.0,0.0,2.0,1.0,3.0,1.0,TA,8.0,Typ,1.0,TA,Attchd,1997.0,Fin,2.0,413.0,TA,TA,Y,95.0,75.0,0.0,0.0,0.0,0.0,Gd,MnPrv,Shed,0.0,6.0,2006.0,WD,Normal,185000.0,0.16308698848525918,3.0,高
268.0,75.0,RL,60.0,8400.0,Pave,Grvl,Reg,Bnk,AllPub,Inside,Mod,SWISU,Norm,Norm,1Fam,2.5Fin,5.0,8.0,1939.0,1997.0,Gable,CompShg,Wd Sdng,Wd Sdng,BrkFace,0.0,TA,TA,PConc,TA,TA,No,LwQ,378.0,Unf,0.0,342.0,720.0,GasA,Ex,Y,SBrkr,1052.0,720.0,420.0,2192.0,0.0,0.0,2.0,1.0,4.0,1.0,Gd,8.0,Typ,1.0,Gd,Detchd,1939.0,Unf,1.0,240.0,TA,TA,Y,262.0,24.0,0.0,0.0,0.0,0.0,Gd,MnPrv,Shed,0.0,7.0,2008.0,WD,Normal,179500.0,0.07890521329636886,3.0,高
269.0,30.0,RM,71.0,6900.0,Pave,Grvl,Reg,Lvl,AllPub,Inside,Gtl,IDOTRR,Norm,Norm,1Fam,1Story,5.0,6.0,1940.0,1955.0,Gable,CompShg,VinylSd,VinylSd,BrkFace,0.0,TA,TA,CBlock,TA,TA,No,ALQ,403.0,Rec,125.0,212.0,740.0,GasA,Ex,Y,SBrkr,778.0,0.0,0.0,778.0,0.0,0.0,1.0,0.0,2.0,1.0,TA,4.0,Typ,1.0,Gd,Detchd,1966.0,Fin,1.0,924.0,Ex,Ex,Y,0.0,25.0,0.0,0.0,0.0,0.0,Gd,MnPrv,Shed,0.0,2.0,2008.0,WD,Normal,120500.0,-0.8241356478208182,0.0,极低
270.0,20.0,RL,69.0,7917.0,Pave,Grvl,IR1,Lvl,AllPub,Corner,Gtl,Edwards,Norm,Norm,1Fam,1Story,6.0,7.0,1976.0,1976.0,Hip,CompShg,HdBoard,HdBoard,BrkFace,174.0,TA,Gd,CBlock,TA,Gd,No,BLQ,751.0,Unf,0.0,392.0,1143.0,GasA,TA,Y,SBrkr,1113.0,0.0,0.0,1113.0,1.0,0.0,1.0,1.0,3.0,1.0,TA,6.0,Typ,1.0,Fa,Attchd,1987.0,RFn,1.0,504.0,TA,Gd,Y,370.0,30.0,0.0,0.0,0.0,0.0,Gd,GdPrv,Shed,0.0,5.0,2007.0,WD,Normal,148000.0,-0.40322677187636663,1.0,低
271.0,60.0,FV,84.0,10728.0,Pave,Grvl,Reg,Lvl,AllPub,Inside,Gtl,Somerst,Norm,Norm,1Fam,2Story,8.0,5.0,2006.0,2006.0,Gable,CompShg,VinylSd,VinylSd,BrkFace,0.0,Gd,TA,PConc,Gd,TA,Mn,Unf,0.0,Unf,0.0,1095.0,1095.0,GasA,Gd,Y,SBrkr,1095.0,844.0,0.0,1939.0,0.0,0.0,2.0,1.0,3.0,1.0,Gd,8.0,Typ,1.0,Gd,Attchd,2006.0,RFn,3.0,1053.0,TA,TA,Y,192.0,51.0,0.0,0.0,0.0,0.0,Gd,MnPrv,Shed,0.0,8.0,2006.0,New,Partial,266000.0,1.4028549503580074,4.0,极高
272.0,20.0,RL,73.0,39104.0,Pave,Grvl,IR1,Low,AllPub,CulDSac,Sev,ClearCr,Norm,Norm,1Fam,1Story,7.0,7.0,1954.0,2005.0,Flat,Membran,Plywood,Plywood,BrkFace,0.0,TA,TA,CBlock,Gd,TA,Gd,LwQ,226.0,GLQ,1063.0,96.0,1385.0,GasA,Ex,Y,SBrkr,1363.0,0.0,0.0,1363.0,1.0,0.0,1.0,0.0,2.0,1.0,TA,5.0,Mod,2.0,TA,Attchd,1954.0,Unf,2.0,439.0,TA,TA,Y,81.0,0.0,0.0,0.0,0.0,0.0,Gd,MnPrv,Shed,0.0,4.0,2008.0,WD,Normal,241500.0,1.027863406334769,4.0,极高
273.0,60.0,RL,92.0,11764.0,Pave,Grvl,IR1,Lvl,AllPub,CulDSac,Gtl,NoRidge,Norm,Norm,1Fam,2Story,8.0,7.0,1999.0,2007.0,Gable,CompShg,VinylSd,VinylSd,BrkFace,348.0,Gd,TA,PConc,Gd,TA,No,GLQ,524.0,Unf,0.0,628.0,1152.0,GasA,Ex,Y,SBrkr,1164.0,1106.0,0.0,2270.0,0.0,0.0,2.0,1.0,4.0,1.0,Gd,9.0,Typ,1.0,Gd,Attchd,1999.0,Fin,3.0,671.0,TA,TA,Y,132.0,57.0,0.0,0.0,0.0,0.0,Gd,MnPrv,Shed,0.0,4.0,2010.0,WD,Normal,290000.0,1.7701936057277108,4.0,极高
274.0,20.0,RL,80.0,9600.0,Pave,Grvl,Reg,Lvl,AllPub,Inside,Gtl,NAmes,Feedr,Norm,1Fam,1Story,6.0,6.0,1958.0,1988.0,Hip,CompShg,Wd Sdng,Wd Sdng,BrkCmn,183.0,TA,TA,CBlock,TA,TA,No,Rec,620.0,LwQ,620.0,0.0,1240.0,GasA,Gd,Y,SBrkr,1632.0,0.0,0.0,1632.0,1.0,0.0,2.0,0.0,3.0,1.0,TA,6.0,Min1,1.0,Gd,Attchd,1958.0,RFn,1.0,338.0,TA,TA,Y,289.0,0.0,0.0,0.0,0.0,0.0,Gd,MnPrv,Shed,0.0,4.0,2009.0,WD,Normal,139000.0,-0.5409787676400053,1.0,低
275.0,20.0,RL,76.0,8314.0,Pave,Grvl,Reg,Lvl,AllPub,Corner,Gtl,Mitchel,Norm,Norm,1Fam,1Story,5.0,7.0,1982.0,1982.0,Gable,CompShg,HdBoard,ImStucc,BrkFace,0.0,TA,TA,CBlock,TA,TA,Gd,ALQ,546.0,Unf,0.0,270.0,816.0,GasA,TA,Y,SBrkr,816.0,0.0,0.0,816.0,0.0,0.0,1.0,0.0,2.0,1.0,TA,5.0,Typ,0.0,Gd,Attchd,1982.0,Unf,1.0,264.0,TA,TA,Y,168.0,0.0,0.0,0.0,0.0,0.0,Gd,MnPrv,Shed,0.0,6.0,2007.0,WD,Normal,124500.0,-0.7629125385925344,0.0,极低
276.0,50.0,RL,55.0,7264.0,Pave,Grvl,Reg,Lvl,AllPub,Inside,Gtl,BrkSide,Norm,Norm,1Fam,1.5Fin,7.0,7.0,1925.0,2007.0,Gable,CompShg,Wd Sdng,Wd Sdng,BrkFace,0.0,Gd,Gd,BrkTil,TA,TA,No,Unf,0.0,Unf,0.0,952.0,952.0,GasW,Gd,N,SBrkr,952.0,596.0,0.0,1548.0,0.0,0.0,2.0,1.0,3.0,1.0,Ex,5.0,Typ,0.0,Gd,Detchd,1978.0,Unf,2.0,672.0,TA,TA,Y,74.0,0.0,0.0,0.0,144.0,0.0,Gd,MnPrv,Shed,0.0,10.0,2009.0,WD,Normal,205000.0,0.46920253462667855,3.0,高
277.0,20.0,RL,129.0,9196.0,Pave,Grvl,IR1,Lvl,AllPub,Inside,Gtl,Mitchel,Norm,Norm,1Fam,1Story,7.0,5.0,2003.0,2003.0,Gable,CompShg,VinylSd,VinylSd,BrkFace,0.0,Gd,TA,PConc,Ex,TA,No,Unf,0.0,Unf,0.0,1560.0,1560.0,GasA,Ex,Y,SBrkr,1560.0,0.0,0.0,1560.0,0.0,0.0,2.0,0.0,3.0,1.0,Gd,7.0,Typ,0.0,Gd,Attchd,2003.0,Fin,2.0,573.0,TA,TA,Y,100.0,150.0,0.0,0.0,0.0,0.0,Gd,MnPrv,Shed,0.0,4.0,2010.0,WD,Normal,201000.0,0.40797942539839466,3.0,高
278.0,20.0,RL,140.0,19138.0,Pave,Grvl,Reg,Lvl,AllPub,Corner,Gtl,Gilbert,Norm,Norm,1Fam,1Story,4.0,5.0,1951.0,1951.0,Gable,CompShg,VinylSd,VinylSd,BrkFace,0.0,TA,TA,CBlock,TA,TA,No,LwQ,120.0,Unf,0.0,744.0,864.0,GasA,Ex,Y,SBrkr,864.0,0.0,0.0,864.0,0.0,0.0,1.0,0.0,2.0,1.0,TA,4.0,Typ,0.0,Gd,Detchd,1951.0,Unf,2.0,400.0,TA,TA,Y,0.0,0.0,0.0,0.0,0.0,0.0,Gd,MnPrv,Shed,0.0,6.0,2010.0,WD,Normal,141000.0,-0.5103672130258634,1.0,低
279.0,20.0,RL,107.0,14450.0,Pave,Grvl,Reg,Lvl,AllPub,Inside,Gtl,NridgHt,Norm,Norm,1Fam,1Story,9.0,5.0,2006.0,2007.0,Gable,CompShg,CemntBd,CmentBd,BrkFace,315.0,Ex,TA,PConc,Ex,TA,Gd,Unf,0.0,Unf,0.0,2121.0,2121.0,GasA,Ex,Y,SBrkr,2121.0,0.0,0.0,2121.0,0.0,0.0,2.0,1.0,3.0,1.0,Ex,8.0,Typ,1.0,Ex,Attchd,2007.0,Fin,3.0,732.0,TA,TA,Y,124.0,98.0,0.0,0.0,142.0,0.0,Gd,MnPrv,Shed,0.0,5.0,2007.0,New,Partial,415298.0,3.6879768907490886,4.0,极高
280.0,60.0,RL,83.0,10005.0,Pave,Grvl,Reg,Lvl,AllPub,Inside,Gtl,ClearCr,Norm,Norm,1Fam,2Story,7.0,5.0,1977.0,1977.0,Hip,CompShg,Plywood,Plywood,BrkFace,299.0,TA,TA,CBlock,Gd,TA,No,BLQ,392.0,Unf,0.0,768.0,1160.0,GasA,Ex,Y,SBrkr,1156.0,866.0,0.0,2022.0,0.0,0.0,2.0,1.0,4.0,1.0,TA,8.0,Typ,1.0,TA,Attchd,1977.0,Fin,2.0,505.0,TA,TA,Y,288.0,117.0,0.0,0.0,0.0,0.0,Gd,MnPrv,Shed,0.0,3.0,2008.0,WD,Normal,192000.0,0.27022742963475593,3.0,高
281.0,60.0,RL,82.0,11287.0,Pave,Grvl,Reg,Lvl,AllPub,Inside,Gtl,SawyerW,Norm,Norm,1Fam,2Story,7.0,6.0,1989.0,1989.0,Gable,CompShg,Plywood,Plywood,BrkFace,340.0,Gd,TA,CBlock,Gd,TA,Av,GLQ,421.0,Unf,0.0,386.0,807.0,GasA,Gd,Y,SBrkr,1175.0,807.0,0.0,1982.0,0.0,0.0,2.0,1.0,3.0,1.0,Gd,7.0,Typ,1.0,TA,Attchd,1989.0,Fin,2.0,575.0,TA,TA,Y,0.0,84.0,0.0,196.0,0.0,0.0,Gd,MnPrv,Shed,0.0,1.0,2007.0,WD,Normal,228500.0,0.8288883013428463,4.0,极高
282.0,20.0,FV,60.0,7200.0,Pave,Pave,Reg,Lvl,AllPub,Inside,Gtl,Somerst,Norm,Norm,1Fam,1Story,6.0,5.0,2006.0,2006.0,Gable,CompShg,VinylSd,VinylSd,Stone,68.0,Gd,TA,PConc,Gd,TA,No,GLQ,905.0,Unf,0.0,357.0,1262.0,GasA,Gd,Y,SBrkr,1262.0,0.0,0.0,1262.0,0.0,0.0,2.0,0.0,2.0,1.0,Gd,5.0,Typ,0.0,Gd,Attchd,2006.0,Fin,2.0,572.0,TA,TA,Y,0.0,120.0,0.0,0.0,0.0,0.0,Gd,MnPrv,Shed,0.0,5.0,2006.0,New,Partial,185000.0,0.16308698848525918,3.0,高
283.0,120.0,RL,34.0,5063.0,Pave,Grvl,Reg,Lvl,AllPub,Inside,Gtl,NridgHt,Norm,Norm,Twnhs,1Story,7.0,5.0,2007.0,2008.0,Gable,CompShg,VinylSd,VinylSd,Stone,166.0,Gd,TA,PConc,Gd,TA,No,GLQ,904.0,Unf,0.0,410.0,1314.0,GasA,Ex,Y,SBrkr,1314.0,0.0,0.0,1314.0,1.0,0.0,2.0,0.0,2.0,1.0,Gd,6.0,Typ,1.0,Gd,Attchd,2008.0,RFn,2.0,626.0,TA,TA,Y,172.0,62.0,0.0,0.0,0.0,0.0,Gd,MnPrv,Shed,0.0,4.0,2009.0,ConLw,Normal,207500.0,0.5074669778943559,3.0,高
284.0,20.0,RL,74.0,9612.0,Pave,Grvl,Reg,Lvl,AllPub,Inside,Gtl,Somerst,Feedr,Norm,1Fam,1Story,8.0,5.0,2008.0,2009.0,Gable,CompShg,VinylSd,VinylSd,Stone,72.0,Gd,TA,PConc,Gd,TA,No,Unf,0.0,Unf,0.0,1468.0,1468.0,GasA,Ex,Y,SBrkr,1468.0,0.0,0.0,1468.0,0.0,0.0,2.0,0.0,3.0,1.0,Gd,6.0,Typ,1.0,Gd,Attchd,2008.0,Fin,3.0,898.0,TA,TA,Y,210.0,150.0,0.0,0.0,0.0,0.0,Gd,MnPrv,Shed,0.0,12.0,2009.0,New,Partial,244600.0,1.0753113159866887,4.0,极高
285.0,120.0,RL,50.0,8012.0,Pave,Grvl,Reg,Lvl,AllPub,Inside,Gtl,SawyerW,Norm,Norm,TwnhsE,1Story,6.0,5.0,1992.0,1992.0,Gable,CompShg,Plywood,ImStucc,BrkFace,0.0,Gd,TA,PConc,Gd,TA,No,GLQ,430.0,Unf,0.0,1145.0,1575.0,GasA,Gd,Y,SBrkr,1575.0,0.0,0.0,1575.0,1.0,0.0,2.0,0.0,2.0,1.0,Gd,5.0,Typ,0.0,Gd,Attchd,1992.0,RFn,2.0,529.0,TA,TA,Y,0.0,0.0,52.0,0.0,0.0,0.0,Gd,MnPrv,Shed,0.0,7.0,2007.0,WD,Normal,179200.0,0.07431348010424757,3.0,高
286.0,160.0,FV,35.0,4251.0,Pave,Pave,IR1,Lvl,AllPub,Inside,Gtl,Somerst,Norm,Norm,TwnhsE,2Story,7.0,5.0,2006.0,2007.0,Gable,CompShg,MetalSd,MetalSd,BrkFace,0.0,Gd,TA,PConc,Gd,TA,No,Unf,0.0,Unf,0.0,625.0,625.0,GasA,Ex,Y,SBrkr,625.0,625.0,0.0,1250.0,0.0,0.0,2.0,1.0,2.0,1.0,Gd,5.0,Typ,0.0,Gd,Detchd,2006.0,RFn,2.0,528.0,TA,TA,Y,0.0,54.0,0.0,0.0,0.0,0.0,Gd,MnPrv,Shed,0.0,6.0,2007.0,New,Partial,164700.0,-0.14762029084828146,2.0,中
287.0,50.0,RL,77.0,9786.0,Pave,Grvl,IR1,Bnk,AllPub,Inside,Gtl,NAmes,Norm,Norm,1Fam,1.5Fin,6.0,7.0,1962.0,1981.0,Gable,CompShg,Wd Sdng,Wd Sdng,BrkFace,0.0,TA,TA,CBlock,TA,TA,No,Rec,600.0,Unf,0.0,312.0,912.0,GasA,TA,Y,SBrkr,1085.0,649.0,0.0,1734.0,0.0,0.0,1.0,1.0,3.0,1.0,Gd,7.0,Typ,1.0,Gd,Attchd,1962.0,RFn,2.0,440.0,TA,TA,Y,0.0,0.0,0.0,0.0,128.0,0.0,Gd,GdPrv,Shed,0.0,6.0,2006.0,WD,Normal,159000.0,-0.23486322149858596,2.0,中
288.0,20.0,RL,54.2,8125.0,Pave,Grvl,IR1,Lvl,AllPub,Corner,Gtl,NAmes,Norm,Norm,1Fam,1Story,4.0,4.0,1971.0,1971.0,Gable,CompShg,HdBoard,HdBoard,BrkFace,0.0,TA,TA,CBlock,TA,TA,No,BLQ,614.0,Unf,0.0,244.0,858.0,GasA,TA,Y,SBrkr,858.0,0.0,0.0,858.0,0.0,0.0,1.0,0.0,3.0,1.0,TA,5.0,Typ,0.0,Gd,Attchd,1934.4,Unf,0.0,0.0,TA,TA,Y,0.0,0.0,0.0,0.0,0.0,0.0,Gd,MnPrv,Shed,0.0,6.0,2006.0,WD,Normal,88000.0,-1.3215734103006247,0.0,极低
289.0,20.0,RL,77.8,9819.0,Pave,Grvl,IR1,Lvl,AllPub,Inside,Gtl,Sawyer,Norm,Norm,1Fam,1Story,5.0,5.0,1967.0,1967.0,Gable,CompShg,MetalSd,MetalSd,BrkFace,31.0,TA,Gd,CBlock,TA,TA,No,BLQ,450.0,Unf,0.0,432.0,882.0,GasA,TA,Y,SBrkr,900.0,0.0,0.0,900.0,0.0,0.0,1.0,0.0,3.0,1.0,TA,5.0,Typ,0.0,Gd,Detchd,1970.0,Unf,1.0,280.0,TA,TA,Y,0.0,0.0,0.0,0.0,0.0,0.0,Gd,MnPrv,Shed,0.0,2.0,2010.0,WD,Normal,122000.0,-0.8011769818602118,0.0,极低
290.0,70.0,RL,60.0,8730.0,Pave,Grvl,Reg,Lvl,AllPub,Inside,Gtl,BrkSide,RRAn,Norm,1Fam,2Story,6.0,7.0,1915.0,2003.0,Gable,CompShg,Wd Sdng,Wd Sdng,BrkFace,0.0,TA,TA,BrkTil,TA,TA,No,Unf,0.0,Unf,0.0,698.0,698.0,GasA,Ex,Y,FuseA,698.0,698.0,0.0,1396.0,0.0,0.0,1.0,0.0,3.0,1.0,TA,7.0,Typ,0.0,Gd,Detchd,2003.0,Unf,1.0,384.0,TA,TA,Y,0.0,0.0,0.0,0.0,259.0,0.0,Gd,MnPrv,Shed,0.0,7.0,2007.0,WD,Normal,153575.0,-0.31789706338944596,2.0,中
291.0,60.0,RL,120.0,15611.0,Pave,Grvl,Reg,Lvl,AllPub,Inside,Gtl,CollgCr,Norm,Norm,1Fam,2Story,8.0,5.0,2006.0,2006.0,Gable,CompShg,VinylSd,VinylSd,BrkFace,0.0,Gd,TA,PConc,Gd,TA,Av,Unf,0.0,Unf,0.0,1079.0,1079.0,GasA,Ex,Y,SBrkr,1079.0,840.0,0.0,1919.0,0.0,0.0,2.0,1.0,3.0,1.0,Gd,8.0,Typ,1.0,Gd,Attchd,2006.0,RFn,2.0,685.0,Gd,TA,Y,0.0,51.0,0.0,0.0,0.0,0.0,Gd,MnPrv,Shed,0.0,7.0,2006.0,New,Partial,233230.0,0.901284628005292,4.0,极高
730.5,50.0,RL,70.0,9478.5,Pave,Grvl,Reg,Bnk,AllPub,Inside,Gtl,SWISU,Norm,Norm,2fmCon,2Story,6.0,5.0,1973.0,1994.0,Gable,CompShg,VinylSd,VinylSd,BrkFace,0.0,TA,Fa,PConc,TA,Fa,No,Rec,383.5,Unf,0.0,477.5,991.5,GasA,Ex,N,SBrkr,1087.0,0.0,0.0,1464.0,0.0,0.0,2.0,0.0,3.0,1.0,Fa,6.0,Typ,1.0,Gd,Attchd,1978.0,Unf,2.0,480.0,TA,TA,N,0.0,25.0,0.0,0.0,0.0,0.0,Gd,MnPrv,Shed,0.0,6.0,2008.0,WD,Normal,163000.0,-0.1736401122703021,2.0,中
293.0,50.0,RL,60.0,11409.0,Pave,Grvl,Reg,Lvl,AllPub,Inside,Gtl,Edwards,Norm,Norm,1Fam,1.5Fin,5.0,4.0,1949.0,2008.0,Gable,CompShg,Wd Sdng,Wd Sdng,BrkFace,0.0,TA,TA,CBlock,TA,TA,No,LwQ,292.0,Unf,0.0,476.0,768.0,GasA,Gd,Y,SBrkr,1148.0,568.0,0.0,1716.0,0.0,0.0,1.0,1.0,3.0,1.0,TA,8.0,Min2,1.0,Gd,Attchd,1949.0,Unf,1.0,281.0,TA,TA,Y,0.0,0.0,0.0,0.0,160.0,0.0,Gd,MnPrv,Shed,0.0,1.0,2009.0,WD,Normal,131000.0,-0.6634249860965731,1.0,低
294.0,60.0,RL,97.6,16659.0,Pave,Grvl,IR1,Lvl,AllPub,Corner,Gtl,NWAmes,PosA,Norm,1Fam,2Story,7.0,7.0,1977.0,1994.0,Gable,CompShg,Plywood,Plywood,BrkFace,34.0,TA,TA,CBlock,TA,TA,No,ALQ,795.0,Unf,0.0,0.0,795.0,GasA,Fa,Y,SBrkr,1468.0,795.0,0.0,2263.0,1.0,0.0,2.0,1.0,3.0,1.0,Gd,9.0,Typ,1.0,TA,Attchd,1977.0,Fin,2.0,539.0,TA,TA,Y,0.0,250.0,0.0,0.0,0.0,0.0,Gd,MnPrv,Shed,0.0,3.0,2006.0,WD,Normal,235000.0,0.9283758538388075,4.0,极高
295.0,20.0,RL,80.0,9600.0,Pave,Grvl,Reg,Lvl,AllPub,Inside,Gtl,NAmes,Norm,Norm,1Fam,1Story,6.0,5.0,1953.0,1953.0,Hip,CompShg,HdBoard,HdBoard,Stone,238.0,TA,TA,CBlock,TA,TA,No,GLQ,1285.0,Unf,0.0,131.0,1416.0,GasA,TA,Y,SBrkr,1644.0,0.0,0.0,1644.0,1.0,0.0,1.0,0.0,3.0,1.0,TA,7.0,Typ,2.0,Gd,Attchd,1953.0,Fin,2.0,418.0,TA,TA,Y,110.0,0.0,0.0,0.0,0.0,0.0,Gd,MnPrv,Shed,0.0,10.0,2009.0,WD,Normal,167000.0,-0.11241700304201824,2.0,中
296.0,80.0,RL,37.0,7937.0,Pave,Grvl,IR1,Lvl,AllPub,CulDSac,Gtl,Mitchel,Norm,Norm,1Fam,SLvl,6.0,6.0,1984.0,1984.0,Gable,CompShg,HdBoard,HdBoard,BrkFace,0.0,TA,TA,CBlock,TA,TA,Av,GLQ,819.0,Unf,0.0,184.0,1003.0,GasA,TA,Y,SBrkr,1003.0,0.0,0.0,1003.0,1.0,0.0,1.0,0.0,3.0,1.0,TA,6.0,Typ,0.0,Gd,Detchd,1984.0,Unf,2.0,588.0,TA,TA,Y,120.0,0.0,0.0,0.0,0.0,0.0,Gd,GdPrv,Shed,0.0,3.0,2006.0,WD,Normal,142500.0,-0.48740854706525694,1.0,低
297.0,50.0,RM,75.0,13710.0,Pave,Grvl,Reg,Lvl,AllPub,Inside,Gtl,IDOTRR,Norm,Norm,1Fam,1.5Fin,5.0,5.0,1950.0,1950.0,Gable,CompShg,Wd Sdng,Wd Sdng,BrkFace,0.0,TA,TA,CBlock,TA,TA,No,BLQ,420.0,Unf,0.0,490.0,910.0,GasA,TA,Y,FuseA,910.0,648.0,0.0,1558.0,0.0,0.0,1.0,1.0,4.0,1.0,TA,6.0,Typ,0.0,Gd,Attchd,1950.0,Unf,1.0,282.0,TA,TA,Y,289.0,0.0,0.0,0.0,0.0,0.0,Gd,MnPrv,Shed,0.0,6.0,2007.0,WD,Normal,152000.0,-0.34200366264808274,2.0,低
730.5,50.0,FV,70.0,9478.5,Pave,Pave,IR1,Lvl,AllPub,Inside,Gtl,Somerst,Norm,Norm,1Fam,2Story,6.0,5.0,1973.0,1994.0,Hip,CompShg,VinylSd,VinylSd,BrkFace,0.0,Gd,TA,PConc,Gd,TA,No,BLQ,383.5,Unf,0.0,477.5,991.5,GasA,Ex,Y,SBrkr,1087.0,0.0,0.0,1464.0,0.0,0.0,2.0,0.0,3.0,1.0,Gd,6.0,Typ,1.0,TA,Detchd,1978.0,RFn,2.0,480.0,TA,TA,Y,0.0,25.0,0.0,0.0,0.0,0.0,Gd,MnPrv,Shed,0.0,6.0,2008.0,WD,Normal,163000.0,-0.1736401122703021,2.0,中
730.5,50.0,RL,70.0,9478.5,Pave,Grvl,Reg,Lvl,AllPub,Inside,Gtl,NWAmes,Norm,Norm,1Fam,2Story,6.0,5.0,1973.0,1994.0,Mansard,CompShg,HdBoard,AsphShn,BrkFace,0.0,Gd,TA,CBlock,TA,TA,No,ALQ,383.5,Rec,0.0,477.5,991.5,GasA,Gd,Y,SBrkr,1087.0,0.0,0.0,1464.0,0.0,0.0,2.0,0.0,3.0,1.0,TA,6.0,Typ,1.0,Gd,Attchd,1978.0,Unf,2.0,480.0,TA,TA,Y,0.0,25.0,0.0,0.0,0.0,0.0,Gd,MnPrv,Shed,0.0,6.0,2008.0,WD,Normal,163000.0,-0.1736401122703021,2.0,中
300.0,20.0,RL,80.0,14000.0,Pave,Grvl,Reg,Lvl,AllPub,Inside,Gtl,Crawfor,Norm,Norm,1Fam,1Story,6.0,8.0,1950.0,2004.0,Gable,CompShg,HdBoard,HdBoard,BrkFace,0.0,TA,Gd,CBlock,TA,TA,No,Unf,0.0,Unf,0.0,1092.0,1092.0,GasA,Ex,Y,SBrkr,1152.0,0.0,0.0,1152.0,0.0,1.0,1.0,0.0,3.0,1.0,Gd,6.0,Typ,1.0,Gd,Attchd,1950.0,Unf,1.0,300.0,TA,TA,Y,0.0,36.0,0.0,0.0,0.0,0.0,Gd,GdPrv,Shed,0.0,8.0,2009.0,WD,Family,158500.0,-0.24251611015212146,2.0,中
301.0,190.0,RL,90.0,15750.0,Pave,Grvl,Reg,Lvl,AllPub,Corner,Gtl,Crawfor,Norm,Norm,2fmCon,1Story,5.0,5.0,1953.0,1953.0,Hip,CompShg,MetalSd,MetalSd,BrkFace,56.0,TA,TA,CBlock,TA,TA,Mn,BLQ,841.0,Unf,0.0,324.0,1165.0,GasA,TA,Y,SBrkr,1336.0,0.0,0.0,1336.0,1.0,0.0,1.0,0.0,2.0,1.0,TA,5.0,Typ,2.0,Gd,Attchd,1953.0,Unf,1.0,375.0,TA,TA,Y,0.0,0.0,0.0,0.0,0.0,0.0,Gd,MnPrv,Shed,0.0,6.0,2006.0,WD,Normal,157000.0,-0.2654747761127279,2.0,中
302.0,60.0,RL,66.0,16226.0,Pave,Grvl,IR3,Lvl,AllPub,Inside,Gtl,CollgCr,Norm,Norm,1Fam,2Story,8.0,5.0,1998.0,1999.0,Gable,CompShg,VinylSd,VinylSd,BrkFace,0.0,Gd,TA,PConc,Gd,TA,No,GLQ,281.0,Unf,0.0,747.0,1028.0,GasA,Ex,Y,SBrkr,1210.0,1242.0,0.0,2452.0,0.0,0.0,2.0,1.0,4.0,1.0,Gd,9.0,Typ,1.0,TA,BuiltIn,1998.0,Fin,2.0,683.0,TA,TA,Y,208.0,50.0,0.0,0.0,0.0,0.0,Gd,MnPrv,Shed,0.0,5.0,2007.0,WD,Normal,267000.0,1.4181607276650785,4.0,极高
303.0,20.0,RL,118.0,13704.0,Pave,Grvl,IR1,Lvl,AllPub,Corner,Gtl,CollgCr,Norm,Norm,1Fam,1Story,7.0,5.0,2001.0,2002.0,Gable,CompShg,VinylSd,VinylSd,BrkFace,150.0,Gd,TA,PConc,Gd,TA,No,Unf,0.0,Unf,0.0,1541.0,1541.0,GasA,Ex,Y,SBrkr,1541.0,0.0,0.0,1541.0,0.0,0.0,2.0,0.0,3.0,1.0,Gd,6.0,Typ,1.0,TA,Attchd,2001.0,RFn,3.0,843.0,TA,TA,Y,468.0,81.0,0.0,0.0,0.0,0.0,Gd,MnPrv,Shed,0.0,1.0,2006.0,WD,Normal,205000.0,0.46920253462667855,3.0,高
304.0,20.0,RL,70.0,9800.0,Pave,Grvl,Reg,Lvl,AllPub,Corner,Gtl,CollgCr,Norm,Norm,1Fam,1Story,5.0,7.0,1972.0,1972.0,Gable,CompShg,VinylSd,VinylSd,BrkFace,0.0,TA,TA,PConc,TA,TA,No,ALQ,894.0,Unf,0.0,0.0,894.0,GasA,TA,Y,SBrkr,894.0,0.0,0.0,894.0,1.0,0.0,1.0,0.0,3.0,1.0,TA,5.0,Typ,0.0,Gd,Attchd,1975.0,Unf,2.0,552.0,TA,TA,Y,256.0,0.0,0.0,0.0,0.0,0.0,Gd,GdWo,Shed,0.0,7.0,2006.0,WD,Abnorml,149900.0,-0.37414579499293177,1.0,低
730.5,50.0,RM,70.0,9478.5,Pave,Grvl,Reg,Lvl,AllPub,Inside,Gtl,OldTown,Norm,Norm,1Fam,2.5Fin,6.0,5.0,1973.0,1994.0,Gable,CompShg,CemntBd,CmentBd,BrkFace,0.0,TA,TA,BrkTil,TA,TA,No,Unf,383.5,Unf,0.0,477.5,991.5,GasA,Ex,Y,SBrkr,1087.0,0.0,0.0,1464.0,0.0,0.0,2.0,0.0,3.0,1.0,Gd,6.0,Typ,1.0,Ex,Attchd,1978.0,Unf,2.0,480.0,TA,TA,Y,0.0,25.0,0.0,0.0,0.0,0.0,Gd,MnPrv,Shed,0.0,6.0,2008.0,WD,Normal,163000.0,-0.1736401122703021,2.0,中
306.0,20.0,RL,80.0,10386.0,Pave,Grvl,Reg,Lvl,AllPub,Inside,Gtl,CollgCr,Norm,Norm,1Fam,1Story,8.0,5.0,2004.0,2005.0,Gable,CompShg,CemntBd,CmentBd,Stone,246.0,Gd,TA,PConc,Gd,TA,No,GLQ,1464.0,Unf,0.0,536.0,2000.0,GasA,Ex,Y,SBrkr,2000.0,0.0,0.0,2000.0,1.0,0.0,2.0,0.0,3.0,1.0,Gd,8.0,Typ,0.0,Gd,Attchd,2004.0,Fin,3.0,888.0,TA,TA,Y,168.0,0.0,0.0,0.0,0.0,0.0,Gd,MnPrv,Shed,0.0,7.0,2007.0,WD,Normal,305900.0,2.013555464910139,4.0,极高
307.0,60.0,RL,116.0,13474.0,Pave,Grvl,Reg,Lvl,AllPub,Inside,Gtl,SawyerW,Feedr,Norm,1Fam,2Story,7.0,5.0,1990.0,1991.0,Gable,CompShg,HdBoard,Plywood,BrkFace,246.0,Gd,TA,CBlock,Gd,TA,No,ALQ,700.0,Unf,0.0,0.0,700.0,GasA,Gd,Y,SBrkr,1122.0,1121.0,0.0,2243.0,1.0,0.0,2.0,1.0,4.0,1.0,Gd,8.0,Typ,1.0,TA,Attchd,1990.0,RFn,3.0,746.0,TA,TA,Y,127.0,44.0,224.0,0.0,0.0,0.0,Gd,MnPrv,Shed,0.0,6.0,2007.0,WD,Normal,225000.0,0.7753180807680978,4.0,极高
308.0,50.0,RM,52.4,7920.0,Pave,Grvl,IR1,Lvl,AllPub,Inside,Gtl,IDOTRR,Artery,Norm,1Fam,1.5Fin,6.0,7.0,1920.0,1950.0,Gable,CompShg,MetalSd,MetalSd,BrkFace,0.0,TA,Fa,CBlock,TA,TA,No,Unf,0.0,Unf,0.0,319.0,319.0,GasA,TA,Y,FuseA,1035.0,371.0,0.0,1406.0,0.0,0.0,1.0,0.0,3.0,1.0,Fa,6.0,Typ,0.0,Gd,Attchd,1955.0,Unf,0.0,0.0,TA,TA,N,0.0,144.0,0.0,0.0,0.0,0.0,Gd,MnPrv,Shed,0.0,3.0,2008.0,WD,Normal,89500.0,-1.2986147443400182,0.0,极低
309.0,30.0,RL,72.8,12342.0,Pave,Grvl,IR1,Lvl,AllPub,Inside,Gtl,Edwards,Norm,Norm,1Fam,1Story,4.0,5.0,1940.0,1950.0,Gable,CompShg,VinylSd,VinylSd,BrkFace,0.0,TA,TA,CBlock,TA,TA,No,BLQ,262.0,Unf,0.0,599.0,861.0,GasA,Ex,Y,SBrkr,861.0,0.0,0.0,861.0,0.0,0.0,1.0,0.0,1.0,1.0,TA,4.0,Typ,0.0,Gd,Detchd,1961.0,Unf,2.0,539.0,TA,TA,Y,158.0,0.0,0.0,0.0,0.0,0.0,Gd,MnPrv,Shed,0.0,3.0,2009.0,WD,Normal,82500.0,-1.405755185489515,0.0,极低
310.0,20.0,RL,90.0,12378.0,Pave,Grvl,IR1,Lvl,AllPub,Inside,Gtl,NridgHt,Norm,Norm,1Fam,1Story,9.0,5.0,2003.0,2004.0,Gable,CompShg,VinylSd,VinylSd,BrkFace,0.0,Gd,TA,PConc,Ex,TA,Gd,GLQ,1274.0,Unf,0.0,622.0,1896.0,GasA,Ex,Y,SBrkr,1944.0,0.0,0.0,1944.0,1.0,0.0,2.0,0.0,3.0,1.0,Ex,8.0,Typ,3.0,Ex,Attchd,2003.0,Fin,3.0,708.0,TA,TA,Y,208.0,175.0,0.0,0.0,0.0,0.0,Gd,MnPrv,Shed,0.0,11.0,2006.0,WD,Normal,360000.0,2.8415980172226782,4.0,极高
311.0,60.0,RL,70.0,7685.0,Pave,Grvl,IR1,Lvl,AllPub,Inside,Gtl,Gilbert,Norm,Norm,1Fam,2Story,6.0,5.0,1993.0,1994.0,Gable,CompShg,HdBoard,HdBoard,BrkFace,112.0,TA,TA,PConc,Gd,TA,No,ALQ,518.0,Unf,0.0,179.0,697.0,GasA,Gd,Y,SBrkr,697.0,804.0,0.0,1501.0,0.0,0.0,2.0,1.0,3.0,1.0,Gd,6.0,Typ,1.0,TA,Attchd,1993.0,Fin,2.0,420.0,TA,TA,Y,190.0,63.0,0.0,0.0,0.0,0.0,Gd,MnPrv,Shed,0.0,5.0,2006.0,WD,Normal,165600.0,-0.1338450912719176,2.0,中
312.0,20.0,RL,50.0,8000.0,Pave,Grvl,Reg,Lvl,AllPub,Inside,Gtl,NAmes,Norm,Norm,1Fam,1Story,6.0,6.0,1948.0,2002.0,Gable,CompShg,VinylSd,VinylSd,BrkFace,0.0,TA,Gd,CBlock,TA,TA,No,ALQ,680.0,Unf,0.0,292.0,972.0,GasA,Ex,Y,SBrkr,972.0,0.0,0.0,972.0,1.0,0.0,1.0,0.0,2.0,1.0,TA,5.0,Typ,1.0,Gd,Detchd,1948.0,Unf,1.0,240.0,TA,TA,Y,0.0,0.0,0.0,0.0,0.0,0.0,Gd,MnPrv,Shed,0.0,5.0,2009.0,WD,Normal,132000.0,-0.6481192087895021,1.0,低
730.5,50.0,RM,70.0,9478.5,Pave,Grvl,Reg,Lvl,AllPub,Inside,Gtl,OldTown,Artery,Norm,2fmCon,1.5Fin,6.0,5.0,1973.0,1994.0,Gable,CompShg,MetalSd,MetalSd,BrkFace,0.0,TA,TA,CBlock,Gd,TA,Mn,Rec,383.5,Unf,0.0,477.5,991.5,GasA,TA,Y,SBrkr,1087.0,0.0,0.0,1464.0,0.0,0.0,2.0,0.0,3.0,1.0,TA,6.0,Typ,1.0,Gd,Detchd,1978.0,Unf,2.0,480.0,TA,TA,Y,0.0,25.0,0.0,0.0,0.0,0.0,Gd,MnPrv,Shed,0.0,6.0,2008.0,WD,Normal,163000.0,-0.1736401122703021,2.0,中
730.5,50.0,RL,70.0,9478.5,Pave,Grvl,IR3,Low,AllPub,Inside,Sev,Timber,Norm,Norm,1Fam,1Story,6.0,5.0,1973.0,1994.0,Hip,CompShg,BrkFace,BrkFace,BrkFace,0.0,TA,TA,CBlock,Gd,TA,Gd,ALQ,383.5,Rec,0.0,477.5,991.5,GasW,TA,Y,SBrkr,1087.0,0.0,0.0,1464.0,0.0,0.0,2.0,0.0,3.0,1.0,TA,6.0,Typ,1.0,Gd,Attchd,1978.0,RFn,2.0,480.0,TA,TA,Y,0.0,25.0,0.0,0.0,0.0,0.0,Gd,MnPrv,Shed,0.0,6.0,2008.0,WD,Normal,163000.0,-0.1736401122703021,2.0,中
730.5,50.0,RM,70.0,9478.5,Pave,Grvl,Reg,Lvl,AllPub,Inside,Gtl,OldTown,Norm,Norm,1Fam,2Story,6.0,5.0,1973.0,1994.0,Gable,CompShg,Wd Sdng,Wd Sdng,BrkFace,0.0,TA,TA,BrkTil,TA,Gd,No,LwQ,383.5,Unf,0.0,477.5,991.5,GasA,Ex,Y,SBrkr,1087.0,0.0,0.0,1464.0,0.0,0.0,2.0,0.0,3.0,1.0,Ex,6.0,Typ,1.0,Gd,Detchd,1978.0,Unf,2.0,480.0,Fa,TA,Y,0.0,25.0,0.0,0.0,0.0,0.0,Gd,MnPrv,Shed,0.0,6.0,2008.0,WD,Normal,163000.0,-0.1736401122703021,2.0,中
316.0,60.0,RL,71.0,7795.0,Pave,Grvl,IR1,Lvl,AllPub,Inside,Gtl,Gilbert,Norm,Norm,1Fam,2Story,7.0,5.0,2004.0,2005.0,Gable,CompShg,VinylSd,VinylSd,BrkFace,0.0,Gd,TA,PConc,Gd,TA,No,GLQ,425.0,Unf,0.0,291.0,716.0,GasA,Ex,Y,SBrkr,716.0,716.0,0.0,1432.0,1.0,0.0,2.0,1.0,3.0,1.0,Gd,6.0,Typ,1.0,Gd,Attchd,2004.0,Fin,2.0,432.0,TA,TA,Y,100.0,51.0,0.0,0.0,0.0,0.0,Gd,MnPrv,Shed,0.0,7.0,2009.0,WD,Normal,188500.0,0.21665720906000757,3.0,高
317.0,60.0,RL,94.0,13005.0,Pave,Grvl,IR1,Lvl,AllPub,Corner,Gtl,NWAmes,Norm,Norm,1Fam,2Story,7.0,7.0,1980.0,1980.0,Gable,CompShg,CemntBd,CmentBd,BrkFace,278.0,Gd,TA,CBlock,Gd,TA,No,GLQ,692.0,Unf,0.0,153.0,845.0,GasA,TA,Y,SBrkr,1153.0,1200.0,0.0,2353.0,1.0,0.0,2.0,1.0,4.0,1.0,Ex,10.0,Typ,1.0,TA,Attchd,1983.0,RFn,2.0,484.0,TA,TA,Y,288.0,195.0,0.0,0.0,0.0,0.0,Gd,GdPrv,Shed,0.0,8.0,2009.0,WD,Normal,260000.0,1.3110202865155818,4.0,极高
318.0,60.0,FV,75.0,9000.0,Pave,Grvl,Reg,Lvl,AllPub,Inside,Gtl,Somerst,Norm,Norm,1Fam,2Story,8.0,5.0,2006.0,2006.0,Gable,CompShg,VinylSd,VinylSd,BrkFace,0.0,Gd,TA,PConc,Gd,TA,Av,Unf,0.0,Unf,0.0,1088.0,1088.0,GasA,Ex,Y,SBrkr,1088.0,871.0,0.0,1959.0,0.0,0.0,2.0,1.0,3.0,1.0,Gd,8.0,Typ,1.0,Gd,Attchd,2006.0,RFn,3.0,1025.0,TA,TA,Y,208.0,46.0,0.0,0.0,0.0,0.0,Gd,MnPrv,Shed,0.0,12.0,2007.0,WD,Normal,270000.0,1.4640780595862914,4.0,极高
319.0,60.0,RL,90.0,9900.0,Pave,Grvl,Reg,Low,AllPub,Inside,Mod,NoRidge,Norm,Norm,1Fam,2Story,7.0,5.0,1993.0,1993.0,Gable,CompShg,HdBoard,HdBoard,BrkFace,256.0,Gd,TA,PConc,Gd,TA,Gd,GLQ,987.0,Unf,0.0,360.0,1347.0,GasA,Ex,Y,SBrkr,1372.0,1274.0,0.0,2646.0,1.0,0.0,2.0,1.0,4.0,1.0,Gd,9.0,Typ,1.0,TA,Attchd,1993.0,RFn,3.0,656.0,TA,TA,Y,340.0,60.0,144.0,0.0,0.0,0.0,Gd,MnPrv,Shed,0.0,4.0,2009.0,WD,Normal,260000.0,1.3110202865155818,4.0,极高
320.0,80.0,RL,85.4,14115.0,Pave,Grvl,Reg,Lvl,AllPub,Inside,Gtl,NWAmes,Norm,Norm,1Fam,SLvl,7.0,5.0,1980.0,1980.0,Gable,CompShg,Plywood,Plywood,BrkFace,225.0,TA,TA,CBlock,Gd,TA,Av,GLQ,1036.0,Unf,0.0,336.0,1372.0,GasA,TA,Y,SBrkr,1472.0,0.0,0.0,1472.0,1.0,0.0,2.0,0.0,3.0,1.0,TA,6.0,Typ,2.0,TA,Attchd,1980.0,Unf,2.0,588.0,TA,TA,Y,233.0,48.0,0.0,0.0,0.0,0.0,Gd,MnPrv,Shed,0.0,6.0,2009.0,WD,Normal,187500.0,0.2013514317529366,3.0,高
321.0,60.0,RL,111.0,16259.0,Pave,Grvl,Reg,Lvl,AllPub,Corner,Gtl,NridgHt,Norm,Norm,1Fam,2Story,9.0,5.0,2006.0,2006.0,Gable,CompShg,VinylSd,VinylSd,Stone,370.0,TA,TA,PConc,Ex,Gd,Av,Unf,0.0,Unf,0.0,1249.0,1249.0,GasA,Ex,Y,SBrkr,1249.0,1347.0,0.0,2596.0,0.0,0.0,3.0,1.0,4.0,1.0,Gd,9.0,Typ,0.0,Gd,Attchd,2006.0,RFn,3.0,840.0,TA,TA,Y,240.0,154.0,0.0,0.0,0.0,0.0,Gd,MnPrv,Shed,0.0,9.0,2006.0,New,Partial,342643.0,2.5759356405038476,4.0,极高
322.0,60.0,RL,99.0,12099.0,Pave,Grvl,IR1,Lvl,AllPub,Inside,Gtl,NridgHt,Norm,Norm,1Fam,2Story,8.0,5.0,2004.0,2004.0,Gable,CompShg,VinylSd,VinylSd,BrkFace,388.0,Gd,TA,PConc,Ex,TA,Av,GLQ,970.0,Unf,0.0,166.0,1136.0,GasA,Ex,Y,SBrkr,1136.0,1332.0,0.0,2468.0,1.0,0.0,2.0,1.0,4.0,1.0,Gd,10.0,Typ,1.0,Gd,BuiltIn,2004.0,Fin,3.0,872.0,TA,TA,Y,184.0,154.0,0.0,0.0,0.0,0.0,Gd,MnPrv,Shed,0.0,6.0,2007.0,WD,Normal,354000.0,2.749763353380253,4.0,极高
323.0,60.0,RL,86.0,10380.0,Pave,Grvl,IR1,Lvl,AllPub,Inside,Gtl,SawyerW,Norm,Norm,1Fam,2Story,7.0,5.0,1986.0,1987.0,Gable,CompShg,Plywood,Plywood,BrkFace,172.0,Gd,TA,CBlock,TA,TA,Gd,LwQ,28.0,ALQ,1474.0,0.0,1502.0,GasA,Ex,Y,SBrkr,1553.0,1177.0,0.0,2730.0,1.0,0.0,2.0,1.0,4.0,1.0,Gd,8.0,Typ,1.0,TA,Attchd,1987.0,Fin,2.0,576.0,TA,TA,Y,201.0,96.0,0.0,0.0,0.0,0.0,Gd,MnPrv,Shed,0.0,8.0,2007.0,WD,Normal,301000.0,1.9385571561054913,4.0,极高
324.0,20.0,RM,49.0,5820.0,Pave,Grvl,Reg,Lvl,AllPub,Inside,Gtl,OldTown,Norm,Norm,1Fam,1Story,3.0,8.0,1955.0,2005.0,Gable,CompShg,VinylSd,VinylSd,BrkFace,0.0,TA,Gd,CBlock,TA,TA,No,ALQ,256.0,Unf,0.0,906.0,1162.0,GasA,Ex,Y,SBrkr,1163.0,0.0,0.0,1163.0,1.0,0.0,1.0,0.0,3.0,1.0,TA,6.0,Typ,0.0,Gd,Attchd,1955.0,Unf,1.0,220.0,Fa,TA,Y,142.0,98.0,0.0,0.0,0.0,0.0,Gd,MnPrv,Shed,0.0,7.0,2006.0,WD,Normal,126175.0,-0.7372753616031905,1.0,低
325.0,80.0,RL,96.0,11275.0,Pave,Grvl,Reg,Lvl,AllPub,Corner,Gtl,NAmes,PosN,Norm,1Fam,SLvl,7.0,7.0,1967.0,2007.0,Mansard,WdShake,Wd Sdng,Wd Sdng,BrkFace,300.0,Gd,Gd,CBlock,Gd,TA,No,Unf,0.0,Unf,0.0,710.0,710.0,GasA,Ex,Y,SBrkr,1898.0,1080.0,0.0,2978.0,0.0,0.0,2.0,1.0,5.0,1.0,Gd,11.0,Typ,1.0,Gd,BuiltIn,1961.0,Fin,2.0,564.0,TA,TA,Y,240.0,0.0,0.0,0.0,0.0,0.0,Gd,MnPrv,Shed,0.0,6.0,2010.0,WD,Normal,242000.0,1.0355162949883043,4.0,极高
326.0,45.0,RM,50.0,5000.0,Pave,Grvl,Reg,Lvl,AllPub,Inside,Gtl,IDOTRR,RRAe,Norm,1Fam,1.5Unf,5.0,6.0,1941.0,1950.0,Gable,CompShg,MetalSd,MetalSd,BrkFace,0.0,TA,TA,CBlock,TA,TA,Av,BLQ,116.0,Unf,0.0,604.0,720.0,GasA,Po,N,FuseF,803.0,0.0,0.0,803.0,0.0,0.0,1.0,0.0,2.0,1.0,TA,5.0,Typ,0.0,Gd,Detchd,1941.0,Unf,2.0,360.0,TA,TA,Y,0.0,0.0,244.0,0.0,0.0,0.0,Gd,MnPrv,Shed,0.0,12.0,2007.0,WD,Normal,87000.0,-1.3368791876076955,0.0,极低
327.0,120.0,RL,32.0,10846.0,Pave,Grvl,IR1,Lvl,AllPub,CulDSac,Gtl,Veenker,Norm,Norm,TwnhsE,1Story,8.0,5.0,1993.0,1993.0,Gable,CompShg,BrkFace,BrkFace,BrkFace,0.0,Gd,TA,PConc,Gd,TA,Gd,GLQ,1619.0,Unf,0.0,100.0,1719.0,GasA,Ex,Y,SBrkr,1719.0,0.0,0.0,1719.0,2.0,0.0,1.0,1.0,1.0,1.0,Gd,6.0,Typ,2.0,Gd,Attchd,1993.0,Fin,2.0,473.0,TA,TA,Y,122.0,30.0,0.0,0.0,0.0,0.0,Gd,MnPrv,Shed,0.0,5.0,2008.0,Con,Normal,324000.0,2.290590034168124,4.0,极高
328.0,20.0,RL,80.0,11600.0,Pave,Grvl,Reg,Lvl,AllPub,Inside,Gtl,NAmes,Norm,Norm,1Fam,1Story,6.0,5.0,1960.0,1960.0,Hip,CompShg,Wd Sdng,Wd Sdng,BrkFace,175.0,TA,TA,CBlock,TA,TA,No,Rec,565.0,Unf,0.0,818.0,1383.0,GasA,TA,Y,SBrkr,1383.0,0.0,0.0,1383.0,0.0,0.0,1.0,1.0,3.0,1.0,TA,7.0,Typ,0.0,Gd,Attchd,1960.0,RFn,1.0,292.0,TA,TA,Y,0.0,45.0,0.0,0.0,0.0,0.0,Gd,MnPrv,Shed,0.0,4.0,2006.0,WD,Normal,145250.0,-0.44531765947081176,1.0,低
329.0,75.0,RL,71.6,11888.0,Pave,Pave,IR1,Bnk,AllPub,Inside,Gtl,BrkSide,PosN,Norm,1Fam,2.5Unf,6.0,6.0,1916.0,1994.0,Gable,CompShg,Wd Sdng,Wd Shng,BrkFace,0.0,TA,TA,BrkTil,TA,TA,No,Unf,0.0,Unf,0.0,844.0,844.0,GasA,Gd,N,FuseA,1445.0,689.0,0.0,2134.0,0.0,0.0,2.0,0.0,5.0,1.0,Gd,10.0,Typ,0.0,Gd,Detchd,1930.0,Unf,2.0,441.0,TA,TA,Y,0.0,60.0,268.0,0.0,0.0,0.0,Gd,MnPrv,Shed,0.0,7.0,2009.0,WD,Normal,214500.0,0.6146074190438527,3.0,高
330.0,70.0,RM,60.0,6402.0,Pave,Grvl,Reg,Lvl,AllPub,Corner,Gtl,IDOTRR,Norm,Norm,1Fam,2Story,5.0,5.0,1920.0,1950.0,Gable,CompShg,Wd Sdng,Wd Shng,BrkFace,0.0,TA,TA,PConc,TA,TA,Mn,Unf,0.0,Unf,0.0,596.0,596.0,GasA,TA,N,SBrkr,596.0,596.0,0.0,1192.0,0.0,0.0,1.0,0.0,3.0,1.0,TA,6.0,Typ,0.0,Gd,Detchd,1920.0,Unf,1.0,189.0,Fa,Fa,N,0.0,0.0,137.0,0.0,0.0,0.0,Gd,GdWo,Shed,0.0,7.0,2009.0,WD,Normal,78000.0,-1.4746311833713344,0.0,极低
730.5,50.0,RL,70.0,9478.5,Pave,Grvl,IR1,Lvl,AllPub,Inside,Gtl,NAmes,Norm,Norm,Duplex,1Story,6.0,5.0,1973.0,1994.0,Gable,CompShg,HdBoard,HdBoard,BrkFace,0.0,TA,TA,CBlock,TA,TA,No,GLQ,383.5,Rec,0.0,477.5,991.5,GasA,TA,Y,SBrkr,1087.0,0.0,0.0,1464.0,0.0,0.0,2.0,0.0,3.0,1.0,TA,6.0,Typ,1.0,Gd,Detchd,1978.0,Unf,2.0,480.0,TA,TA,Y,0.0,25.0,0.0,0.0,0.0,0.0,Gd,MnPrv,Shed,0.0,6.0,2008.0,WD,Normal,163000.0,-0.1736401122703021,2.0,中
332.0,20.0,RL,70.0,8176.0,Pave,Grvl,Reg,Lvl,AllPub,Inside,Gtl,NAmes,Norm,Norm,1Fam,1Story,5.0,6.0,1958.0,1992.0,Gable,CompShg,Wd Sdng,Wd Sdng,BrkFace,0.0,TA,TA,CBlock,TA,TA,No,Rec,846.0,Unf,0.0,210.0,1056.0,GasA,Fa,Y,SBrkr,1056.0,0.0,0.0,1056.0,1.0,0.0,1.0,0.0,3.0,1.0,TA,6.0,Typ,0.0,Gd,Attchd,1958.0,RFn,1.0,308.0,TA,TA,Y,0.0,0.0,0.0,0.0,0.0,0.0,Gd,MnPrv,Shed,0.0,8.0,2007.0,WD,Normal,139000.0,-0.5409787676400053,1.0,低
333.0,20.0,RL,85.0,10655.0,Pave,Grvl,IR1,Lvl,AllPub,Inside,Gtl,NridgHt,Norm,Norm,1Fam,1Story,8.0,5.0,2003.0,2004.0,Gable,CompShg,VinylSd,VinylSd,BrkFace,296.0,Gd,TA,PConc,Gd,TA,No,GLQ,1124.0,Unf,479.0,1603.0,3206.0,GasA,Ex,Y,SBrkr,1629.0,0.0,0.0,1629.0,1.0,0.0,2.0,0.0,3.0,1.0,Gd,7.0,Typ,1.0,Gd,Attchd,2003.0,RFn,3.0,880.0,TA,TA,Y,0.0,0.0,0.0,0.0,0.0,0.0,Gd,MnPrv,Shed,0.0,10.0,2009.0,WD,Normal,284000.0,1.678358941885285,4.0,极高
334.0,120.0,RM,59.0,8198.0,Pave,Grvl,Reg,Lvl,AllPub,FR3,Gtl,NridgHt,Norm,Norm,TwnhsE,1Story,7.0,5.0,2004.0,2004.0,Gable,CompShg,VinylSd,VinylSd,Stone,146.0,Gd,TA,PConc,Gd,TA,Av,GLQ,720.0,Unf,0.0,638.0,1358.0,GasA,Ex,Y,SBrkr,1358.0,0.0,0.0,1358.0,1.0,0.0,2.0,0.0,2.0,1.0,Gd,6.0,Typ,1.0,Gd,Attchd,2004.0,RFn,2.0,484.0,TA,TA,Y,192.0,30.0,0.0,0.0,0.0,0.0,Gd,MnPrv,Shed,0.0,7.0,2008.0,WD,Normal,207000.0,0.49981408924082044,3.0,高
335.0,60.0,RL,59.0,9042.0,Pave,Grvl,IR1,Lvl,AllPub,Inside,Gtl,Gilbert,Norm,Norm,1Fam,2Story,6.0,5.0,1998.0,1998.0,Gable,CompShg,VinylSd,VinylSd,BrkFace,0.0,TA,TA,PConc,Gd,TA,Gd,GLQ,828.0,Unf,0.0,115.0,943.0,GasA,Gd,Y,SBrkr,943.0,695.0,0.0,1638.0,1.0,0.0,2.0,1.0,3.0,1.0,TA,7.0,Typ,2.0,TA,Attchd,1998.0,Fin,2.0,472.0,TA,TA,Y,100.0,38.0,0.0,0.0,0.0,0.0,Gd,MnPrv,Shed,0.0,7.0,2008.0,WD,Normal,192000.0,0.27022742963475593,3.0,高
730.5,50.0,RL,70.0,9478.5,Grvl,Grvl,IR1,HLS,AllPub,Corner,Sev,Timber,Norm,Norm,2fmCon,1.5Fin,6.0,5.0,1973.0,1994.0,Gable,CompShg,Plywood,Plywood,BrkFace,0.0,TA,TA,CBlock,TA,TA,Gd,ALQ,383.5,BLQ,0.0,477.5,991.5,GasA,Ex,Y,SBrkr,1087.0,0.0,0.0,1464.0,0.0,0.0,2.0,0.0,3.0,1.0,TA,6.0,Typ,1.0,Gd,Attchd,1978.0,Fin,2.0,480.0,TA,TA,Y,0.0,25.0,0.0,0.0,0.0,0.0,Gd,MnPrv,Shed,0.0,6.0,2008.0,WD,Normal,163000.0,-0.1736401122703021,2.0,中
337.0,20.0,RL,86.0,14157.0,Pave,Grvl,IR1,HLS,AllPub,Corner,Gtl,StoneBr,Norm,Norm,1Fam,1Story,9.0,5.0,2005.0,2006.0,Hip,CompShg,VinylSd,VinylSd,Stone,200.0,Gd,TA,PConc,Ex,TA,Gd,GLQ,1249.0,Unf,0.0,673.0,1922.0,GasA,Ex,Y,SBrkr,1922.0,0.0,0.0,1922.0,1.0,0.0,2.0,0.0,3.0,1.0,Gd,8.0,Typ,1.0,Gd,Attchd,2005.0,Fin,3.0,676.0,TA,TA,Y,178.0,51.0,0.0,0.0,0.0,0.0,Gd,MnPrv,Shed,0.0,7.0,2007.0,WD,Normal,377426.0,3.108316492575697,4.0,极高
338.0,20.0,RL,70.0,9135.0,Pave,Grvl,Reg,Lvl,AllPub,Inside,Gtl,CollgCr,Norm,Norm,1Fam,1Story,7.0,5.0,2002.0,2003.0,Gable,CompShg,VinylSd,VinylSd,BrkFace,113.0,Gd,TA,PConc,Gd,TA,Av,GLQ,810.0,Unf,0.0,726.0,1536.0,GasA,Ex,Y,SBrkr,1536.0,0.0,0.0,1536.0,1.0,0.0,2.0,0.0,3.0,1.0,Gd,7.0,Typ,0.0,Gd,Attchd,2002.0,RFn,2.0,532.0,TA,TA,Y,192.0,74.0,0.0,0.0,0.0,0.0,Gd,MnPrv,Shed,0.0,12.0,2008.0,WD,Normal,214000.0,0.6069545303903172,3.0,高
339.0,20.0,RL,91.0,14145.0,Pave,Grvl,Reg,Lvl,AllPub,Corner,Gtl,NWAmes,Norm,Norm,1Fam,1Story,7.0,7.0,1984.0,1998.0,Gable,CompShg,Wd Sdng,Wd Sdng,BrkFace,0.0,Gd,TA,CBlock,Gd,TA,Mn,ALQ,213.0,Unf,0.0,995.0,1208.0,GasA,Ex,Y,SBrkr,1621.0,0.0,0.0,1621.0,1.0,0.0,2.0,0.0,3.0,1.0,Gd,8.0,Typ,0.0,Gd,Attchd,1984.0,RFn,2.0,440.0,TA,TA,Y,108.0,45.0,0.0,0.0,0.0,0.0,Gd,MnPrv,Shed,400.0,5.0,2006.0,WD,Normal,202500.0,0.43093809135900113,3.0,高
340.0,20.0,RL,66.0,12400.0,Pave,Grvl,IR1,Lvl,AllPub,Inside,Gtl,NAmes,Feedr,Norm,1Fam,1Story,6.0,7.0,1958.0,1998.0,Hip,CompShg,Wd Sdng,Wd Sdng,BrkFace,176.0,TA,TA,CBlock,TA,Fa,No,Rec,585.0,Unf,0.0,630.0,1215.0,GasA,TA,Y,FuseA,1215.0,0.0,0.0,1215.0,0.0,0.0,1.0,0.0,3.0,1.0,TA,6.0,Typ,0.0,Gd,Attchd,1958.0,Unf,1.0,297.0,TA,TA,Y,0.0,0.0,0.0,0.0,234.0,0.0,Gd,MnPrv,Shed,0.0,6.0,2009.0,WD,Normal,155000.0,-0.29608633072686985,2.0,中
341.0,60.0,RL,85.0,14191.0,Pave,Grvl,Reg,Lvl,AllPub,Inside,Gtl,Timber,Norm,Norm,1Fam,2Story,8.0,5.0,2002.0,2002.0,Gable,CompShg,VinylSd,VinylSd,BrkFace,0.0,Gd,TA,PConc,Gd,TA,No,Unf,0.0,Unf,0.0,967.0,967.0,GasA,Ex,Y,SBrkr,993.0,915.0,0.0,1908.0,0.0,0.0,2.0,1.0,4.0,1.0,Gd,9.0,Typ,0.0,Gd,Attchd,2002.0,Fin,2.0,431.0,TA,TA,Y,135.0,0.0,0.0,0.0,0.0,0.0,Gd,MnPrv,Shed,0.0,4.0,2010.0,WD,Normal,202900.0,0.4370604022818295,3.0,高
342.0,20.0,RH,60.0,8400.0,Pave,Grvl,Reg,Lvl,AllPub,Inside,Gtl,SawyerW,Feedr,Norm,1Fam,1Story,4.0,4.0,1950.0,1950.0,Gable,CompShg,Wd Sdng,AsbShng,BrkFace,0.0,Fa,Fa,CBlock,TA,Fa,No,Unf,0.0,Unf,0.0,721.0,721.0,GasA,Gd,Y,SBrkr,841.0,0.0,0.0,841.0,0.0,0.0,1.0,0.0,2.0,1.0,TA,4.0,Typ,0.0,Gd,CarPort,1950.0,Unf,1.0,294.0,TA,TA,N,250.0,0.0,24.0,0.0,0.0,0.0,Gd,MnPrv,Shed,0.0,9.0,2009.0,WD,Normal,82000.0,-1.4134080741430504,0.0,极低
343.0,90.0,RL,57.6,8544.0,Pave,Grvl,Reg,Lvl,AllPub,Inside,Gtl,NAmes,Norm,Norm,Duplex,1Story,3.0,4.0,1949.0,1950.0,Gable,CompShg,Stucco,Stucco,BrkFace,340.0,TA,TA,Slab,TA,TA,No,Unf,0.0,Unf,0.0,0.0,0.0,Wall,Fa,N,FuseA,1040.0,0.0,0.0,1040.0,0.0,0.0,2.0,0.0,2.0,2.0,TA,6.0,Typ,0.0,Gd,Detchd,1949.0,Unf,2.0,400.0,TA,TA,Y,0.0,0.0,0.0,0.0,0.0,0.0,Gd,MnPrv,Shed,0.0,5.0,2006.0,WD,Normal,87500.0,-1.3292262989541601,0.0,极低
344.0,120.0,RL,63.0,8849.0,Pave,Grvl,IR1,Lvl,AllPub,Inside,Gtl,NridgHt,Norm,Norm,TwnhsE,1Story,9.0,5.0,2005.0,2005.0,Hip,CompShg,MetalSd,MetalSd,BrkFace,616.0,Ex,TA,PConc,Ex,TA,No,GLQ,28.0,Unf,0.0,1656.0,1684.0,GasA,Ex,Y,SBrkr,1684.0,0.0,0.0,1684.0,0.0,0.0,2.0,0.0,2.0,1.0,Ex,6.0,Typ,1.0,Ex,Attchd,2005.0,RFn,2.0,564.0,TA,TA,Y,495.0,72.0,0.0,0.0,0.0,0.0,Gd,MnPrv,Shed,0.0,7.0,2008.0,WD,Normal,266000.0,1.4028549503580074,4.0,极高
345.0,160.0,RM,36.0,2592.0,Pave,Grvl,Reg,Lvl,AllPub,Inside,Gtl,MeadowV,Norm,Norm,TwnhsE,2Story,5.0,3.0,1976.0,1976.0,Gable,CompShg,CemntBd,CmentBd,BrkFace,0.0,TA,TA,CBlock,Gd,TA,No,Rec,129.0,BLQ,232.0,175.0,536.0,GasA,TA,Y,SBrkr,536.0,576.0,0.0,1112.0,0.0,0.0,1.0,1.0,3.0,1.0,TA,4.0,Typ,0.0,Gd,Attchd,1976.0,Unf,1.0,336.0,TA,TA,Y,182.0,0.0,0.0,0.0,0.0,0.0,Gd,MnPrv,Shed,0.0,4.0,2010.0,WD,Normal,85000.0,-1.3674907422218376,0.0,极低
346.0,50.0,RL,65.0,6435.0,Pave,Grvl,Reg,Lvl,AllPub,Inside,Gtl,BrkSide,RRAn,Norm,1Fam,1.5Fin,6.0,5.0,1939.0,1950.0,Gable,CompShg,MetalSd,MetalSd,BrkFace,0.0,TA,TA,BrkTil,TA,TA,No,Unf,0.0,Unf,0.0,972.0,972.0,GasA,Gd,Y,SBrkr,972.0,605.0,0.0,1577.0,0.0,0.0,1.0,0.0,3.0,1.0,Fa,6.0,Typ,1.0,Gd,Detchd,1939.0,Unf,1.0,312.0,TA,TA,Y,0.0,0.0,0.0,0.0,0.0,0.0,Gd,MnPrv,Shed,0.0,10.0,2006.0,WD,Normal,140200.0,-0.5226118348715202,1.0,低
347.0,20.0,RL,78.0,12772.0,Pave,Grvl,IR1,Lvl,AllPub,CulDSac,Gtl,NAmes,Norm,Norm,1Fam,1Story,6.0,8.0,1960.0,1998.0,Hip,CompShg,MetalSd,MetalSd,BrkFace,0.0,TA,Gd,CBlock,TA,TA,Mn,BLQ,498.0,Unf,0.0,460.0,958.0,GasA,TA,Y,SBrkr,958.0,0.0,0.0,958.0,0.0,0.0,1.0,0.0,2.0,1.0,TA,5.0,Typ,0.0,Gd,Attchd,1960.0,RFn,1.0,301.0,TA,TA,Y,0.0,0.0,0.0,0.0,0.0,0.0,Gd,MnPrv,Gar2,15500.0,4.0,2007.0,WD,Normal,151500.0,-0.3496565513016182,1.0,低
348.0,20.0,RL,71.8,17600.0,Pave,Grvl,IR1,Lvl,AllPub,Inside,Gtl,NAmes,Norm,Norm,1Fam,1Story,6.0,5.0,1960.0,1960.0,Gable,CompShg,Wd Sdng,Wd Sdng,BrkFace,30.0,TA,TA,CBlock,TA,TA,No,BLQ,1270.0,Unf,0.0,208.0,1478.0,GasA,Ex,Y,FuseA,1478.0,0.0,0.0,1478.0,1.0,0.0,2.0,0.0,3.0,1.0,TA,6.0,Typ,2.0,Gd,Attchd,1960.0,Unf,2.0,498.0,TA,TA,Y,0.0,40.0,0.0,0.0,0.0,0.0,Gd,MnPrv,Shed,0.0,12.0,2009.0,WD,Normal,157500.0,-0.25782188745919243,2.0,中
349.0,160.0,RL,36.0,2448.0,Pave,Grvl,Reg,Lvl,AllPub,Inside,Gtl,NridgHt,Norm,Norm,Twnhs,2Story,7.0,5.0,2003.0,2004.0,Gable,CompShg,VinylSd,Wd Shng,Stone,106.0,Gd,TA,PConc,Gd,TA,No,GLQ,573.0,Unf,0.0,191.0,764.0,GasA,Ex,Y,SBrkr,764.0,862.0,0.0,1626.0,1.0,0.0,2.0,1.0,2.0,1.0,Gd,6.0,Typ,0.0,Gd,BuiltIn,2003.0,RFn,2.0,474.0,TA,TA,Y,0.0,27.0,0.0,0.0,0.0,0.0,Gd,MnPrv,Shed,0.0,10.0,2008.0,WD,Normal,154000.0,-0.3113921080339408,2.0,中
730.5,50.0,RL,70.0,9478.5,Pave,Grvl,IR2,Lvl,AllPub,Inside,Gtl,NridgHt,Norm,Norm,1Fam,2Story,6.0,5.0,1973.0,1994.0,Hip,CompShg,CemntBd,CmentBd,BrkFace,0.0,Ex,TA,PConc,Ex,TA,No,GLQ,383.5,Unf,0.0,477.5,991.5,GasA,Ex,Y,SBrkr,1087.0,0.0,0.0,1464.0,0.0,0.0,2.0,0.0,3.0,1.0,Ex,6.0,Typ,1.0,Ex,Attchd,1978.0,Fin,2.0,480.0,TA,TA,Y,0.0,25.0,0.0,0.0,0.0,0.0,Gd,MnPrv,Shed,0.0,6.0,2008.0,New,Partial,163000.0,-0.1736401122703021,2.0,中
351.0,120.0,RL,68.0,7820.0,Pave,Grvl,IR1,Lvl,AllPub,Inside,Gtl,NridgHt,Norm,Norm,TwnhsE,1Story,9.0,5.0,2007.0,2007.0,Hip,CompShg,MetalSd,MetalSd,BrkFace,362.0,Ex,TA,PConc,Ex,TA,No,Unf,0.0,Unf,0.0,1869.0,1869.0,GasA,Ex,Y,SBrkr,1869.0,0.0,0.0,1869.0,0.0,0.0,2.0,0.0,2.0,1.0,Ex,6.0,Typ,1.0,Gd,Attchd,2007.0,RFn,2.0,617.0,TA,TA,Y,210.0,54.0,0.0,0.0,0.0,0.0,Gd,MnPrv,Shed,0.0,12.0,2007.0,New,Partial,318061.0,2.199689022741429,4.0,极高
352.0,120.0,RL,48.2,5271.0,Pave,Grvl,IR1,Low,AllPub,Inside,Mod,ClearCr,Norm,Norm,1Fam,1Story,7.0,5.0,1986.0,1986.0,Gable,CompShg,Wd Sdng,Wd Sdng,BrkFace,0.0,TA,TA,PConc,Gd,TA,Gd,GLQ,1082.0,Unf,0.0,371.0,1453.0,GasA,Gd,Y,SBrkr,1453.0,0.0,0.0,1453.0,1.0,0.0,1.0,1.0,2.0,1.0,Gd,6.0,Typ,1.0,TA,Attchd,1986.0,RFn,2.0,445.0,TA,TA,Y,0.0,80.0,0.0,0.0,184.0,0.0,Gd,MnPrv,Shed,0.0,12.0,2006.0,WD,Abnorml,190000.0,0.23961587502061402,3.0,高
353.0,50.0,RL,60.0,9084.0,Pave,Grvl,Reg,Lvl,AllPub,Inside,Gtl,Edwards,Artery,Norm,1Fam,1.5Fin,5.0,6.0,1941.0,1950.0,Gable,CompShg,VinylSd,VinylSd,BrkFace,0.0,TA,TA,CBlock,TA,Fa,Mn,LwQ,236.0,Rec,380.0,0.0,616.0,GasA,TA,N,SBrkr,616.0,495.0,0.0,1111.0,0.0,1.0,1.0,0.0,3.0,1.0,TA,5.0,Typ,0.0,Gd,Detchd,1941.0,Unf,1.0,200.0,TA,Fa,Y,48.0,0.0,0.0,0.0,0.0,0.0,Gd,MnPrv,Shed,0.0,3.0,2008.0,ConLw,Normal,95000.0,-1.214432969151128,0.0,极低
354.0,30.0,RM,60.0,8520.0,Pave,Grvl,Reg,Lvl,AllPub,Inside,Gtl,OldTown,Norm,Norm,1Fam,1Story,6.0,8.0,1928.0,2003.0,Gable,CompShg,VinylSd,VinylSd,BrkFace,0.0,TA,Gd,BrkTil,TA,TA,No,Unf,0.0,Unf,0.0,624.0,624.0,GasA,Gd,Y,SBrkr,720.0,0.0,0.0,720.0,0.0,0.0,1.0,0.0,2.0,1.0,TA,5.0,Typ,0.0,Gd,Detchd,2005.0,Unf,2.0,484.0,TA,TA,Y,106.0,0.0,0.0,0.0,0.0,0.0,Gd,MnPrv,Shed,0.0,5.0,2010.0,WD,Normal,105900.0,-1.0475999965040543,0.0,极低
355.0,50.0,RL,60.0,8400.0,Pave,Grvl,Reg,Bnk,AllPub,Inside,Gtl,SWISU,Norm,Norm,1Fam,1.5Fin,6.0,5.0,1940.0,2000.0,Gable,CompShg,Wd Sdng,MetalSd,BrkFace,0.0,TA,TA,CBlock,TA,TA,No,LwQ,388.0,Unf,0.0,552.0,940.0,GasA,Ex,Y,SBrkr,1192.0,403.0,0.0,1595.0,0.0,0.0,1.0,0.0,2.0,1.0,TA,6.0,Typ,2.0,Gd,Attchd,1940.0,Unf,1.0,240.0,TA,TA,Y,0.0,0.0,108.0,0.0,0.0,0.0,Gd,MnPrv,Shed,0.0,6.0,2006.0,WD,Normal,140000.0,-0.5256729903329344,1.0,低
356.0,20.0,RL,105.0,11249.0,Pave,Grvl,IR2,Lvl,AllPub,Inside,Gtl,CollgCr,Norm,Norm,1Fam,1Story,6.0,5.0,1995.0,1995.0,Gable,CompShg,VinylSd,VinylSd,BrkFace,0.0,Gd,Gd,PConc,Gd,Gd,No,ALQ,334.0,BLQ,544.0,322.0,1200.0,GasA,Ex,Y,SBrkr,1200.0,0.0,0.0,1200.0,1.0,0.0,2.0,0.0,3.0,1.0,Gd,6.0,Typ,0.0,Gd,Attchd,1995.0,RFn,2.0,521.0,TA,TA,Y,0.0,26.0,0.0,0.0,0.0,0.0,Gd,MnPrv,Shed,0.0,8.0,2007.0,WD,Normal,177500.0,0.048293658682226924,3.0,高
357.0,20.0,RL,70.4,9248.0,Pave,Grvl,IR1,Lvl,AllPub,Inside,Gtl,Gilbert,Norm,Norm,1Fam,1Story,6.0,6.0,1992.0,1992.0,Gable,CompShg,HdBoard,HdBoard,BrkFace,106.0,TA,TA,PConc,Gd,TA,No,GLQ,560.0,Unf,0.0,598.0,1158.0,GasA,Gd,Y,SBrkr,1167.0,0.0,0.0,1167.0,1.0,0.0,2.0,0.0,3.0,1.0,Gd,6.0,Typ,0.0,Gd,Attchd,1992.0,RFn,2.0,400.0,TA,TA,Y,120.0,26.0,0.0,0.0,0.0,0.0,Gd,MnPrv,Shed,0.0,7.0,2009.0,WD,Normal,173000.0,-0.020582339199592427,3.0,高
358.0,120.0,RM,44.0,4224.0,Pave,Grvl,Reg,Lvl,AllPub,Inside,Gtl,MeadowV,Norm,Norm,TwnhsE,1Story,5.0,5.0,1976.0,1976.0,Gable,CompShg,CemntBd,CmentBd,BrkFace,0.0,TA,TA,PConc,Gd,TA,No,ALQ,874.0,Unf,0.0,268.0,1142.0,GasA,TA,Y,SBrkr,1142.0,0.0,0.0,1142.0,1.0,0.0,1.0,1.0,3.0,1.0,TA,6.0,Typ,1.0,Po,Attchd,1976.0,Fin,2.0,528.0,TA,TA,Y,536.0,90.0,0.0,0.0,0.0,0.0,Gd,MnPrv,Shed,0.0,8.0,2007.0,WD,Normal,134000.0,-0.6175076541753601,1.0,低
730.5,50.0,RL,70.0,9478.5,Pave,Grvl,IR1,Lvl,AllPub,Inside,Gtl,ClearCr,Norm,Norm,1Fam,SLvl,6.0,5.0,1973.0,1994.0,Hip,CompShg,Wd Sdng,ImStucc,BrkFace,0.0,TA,TA,CBlock,TA,TA,Av,BLQ,383.5,Rec,0.0,477.5,991.5,GasA,Ex,Y,FuseF,1087.0,0.0,0.0,1464.0,0.0,0.0,2.0,0.0,3.0,1.0,Gd,6.0,Min2,1.0,Gd,BuiltIn,1978.0,Unf,2.0,480.0,TA,TA,Y,0.0,25.0,0.0,0.0,0.0,0.0,Gd,MnPrv,Shed,0.0,6.0,2008.0,WD,Abnorml,163000.0,-0.1736401122703021,2.0,中
360.0,60.0,RL,78.0,12011.0,Pave,Grvl,IR1,Lvl,AllPub,CulDSac,Gtl,NoRidge,Norm,Norm,1Fam,2Story,8.0,5.0,1998.0,1998.0,Gable,CompShg,VinylSd,VinylSd,BrkFace,530.0,Gd,TA,PConc,Gd,TA,Av,GLQ,956.0,Unf,0.0,130.0,1086.0,GasA,Ex,Y,SBrkr,1086.0,838.0,0.0,1924.0,1.0,0.0,2.0,1.0,3.0,1.0,Gd,7.0,Typ,1.0,TA,Attchd,1998.0,RFn,2.0,592.0,TA,TA,Y,208.0,75.0,0.0,0.0,374.0,0.0,Gd,MnPrv,Shed,0.0,6.0,2006.0,WD,Normal,280000.0,1.6171358326570011,4.0,极高
361.0,85.0,RL,64.0,7540.0,Pave,Grvl,IR1,Lvl,AllPub,CulDSac,Gtl,Mitchel,Norm,Norm,1Fam,SFoyer,6.0,6.0,1978.0,1978.0,Gable,CompShg,VinylSd,VinylSd,BrkFace,0.0,TA,TA,CBlock,Gd,TA,Av,GLQ,773.0,Unf,0.0,115.0,888.0,GasA,Ex,Y,SBrkr,912.0,0.0,0.0,912.0,1.0,0.0,1.0,0.0,2.0,1.0,TA,5.0,Typ,1.0,TA,Attchd,1978.0,RFn,2.0,470.0,TA,TA,Y,0.0,0.0,0.0,0.0,192.0,0.0,Gd,MnPrv,Shed,0.0,6.0,2007.0,WD,Normal,156000.0,-0.28078055341979885,2.0,中
362.0,50.0,RL,68.4,9144.0,Pave,Pave,Reg,Lvl,AllPub,Inside,Gtl,BrkSide,Norm,Norm,1Fam,1.5Fin,5.0,5.0,1940.0,1982.0,Gable,CompShg,MetalSd,MetalSd,BrkFace,0.0,TA,TA,CBlock,TA,TA,No,Rec,399.0,Unf,0.0,484.0,883.0,GasA,Gd,Y,SBrkr,988.0,517.0,0.0,1505.0,1.0,0.0,1.0,0.0,3.0,1.0,TA,8.0,Typ,0.0,Gd,Detchd,1940.0,Unf,1.0,240.0,TA,TA,N,0.0,0.0,0.0,0.0,0.0,0.0,Gd,MnPrv,Shed,0.0,7.0,2008.0,WD,Normal,145000.0,-0.4491441037975795,1.0,低
363.0,85.0,RL,64.0,7301.0,Pave,Grvl,Reg,Lvl,AllPub,Corner,Gtl,Edwards,Norm,Norm,1Fam,SFoyer,7.0,5.0,2003.0,2003.0,Gable,CompShg,HdBoard,HdBoard,BrkFace,500.0,Gd,TA,Slab,TA,TA,No,Unf,0.0,Unf,0.0,0.0,0.0,GasA,Ex,Y,SBrkr,495.0,1427.0,0.0,1922.0,0.0,0.0,3.0,0.0,4.0,1.0,Gd,7.0,Typ,1.0,Ex,BuiltIn,2003.0,RFn,2.0,672.0,TA,TA,Y,0.0,0.0,177.0,0.0,0.0,0.0,Gd,MnPrv,Shed,0.0,7.0,2009.0,ConLD,Normal,198500.0,0.36971498213071724,3.0,高
364.0,160.0,RM,21.0,1680.0,Pave,Grvl,Reg,Lvl,AllPub,Inside,Gtl,BrDale,Norm,Norm,Twnhs,2Story,6.0,8.0,1972.0,2007.0,Gable,CompShg,HdBoard,HdBoard,BrkFace,510.0,TA,TA,CBlock,TA,TA,No,ALQ,162.0,Unf,0.0,321.0,483.0,GasA,Gd,Y,SBrkr,483.0,504.0,0.0,987.0,0.0,0.0,1.0,1.0,2.0,1.0,Gd,5.0,Typ,0.0,Gd,Detchd,1972.0,Unf,1.0,264.0,TA,TA,Y,250.0,0.0,0.0,0.0,0.0,0.0,Gd,MnPrv,Shed,0.0,5.0,2009.0,WD,Normal,118000.0,-0.8624000910884956,0.0,极低
365.0,60.0,RL,74.6,18800.0,Pave,Grvl,IR1,Lvl,AllPub,FR2,Gtl,NWAmes,Norm,Norm,1Fam,2Story,6.0,5.0,1976.0,1976.0,Gable,CompShg,HdBoard,HdBoard,BrkFace,120.0,TA,TA,PConc,Gd,TA,Mn,GLQ,712.0,Unf,0.0,84.0,796.0,GasA,TA,Y,SBrkr,790.0,784.0,0.0,1574.0,1.0,0.0,2.0,1.0,3.0,1.0,TA,6.0,Typ,1.0,TA,Attchd,1976.0,Fin,2.0,566.0,TA,TA,Y,306.0,111.0,0.0,0.0,0.0,0.0,Gd,MnPrv,Shed,0.0,7.0,2006.0,WD,Normal,190000.0,0.23961587502061402,3.0,高
366.0,70.0,RM,59.0,10690.0,Pave,Grvl,Reg,Lvl,AllPub,Inside,Gtl,IDOTRR,Norm,Norm,1Fam,2Story,5.0,7.0,1920.0,1997.0,Hip,CompShg,VinylSd,VinylSd,BrkFace,0.0,TA,Gd,CBlock,TA,Fa,No,Rec,456.0,Unf,0.0,216.0,672.0,GasA,Gd,Y,FuseA,672.0,672.0,0.0,1344.0,0.0,0.0,1.0,0.0,3.0,1.0,TA,6.0,Typ,0.0,Gd,Detchd,1964.0,Unf,1.0,468.0,TA,Fa,Y,0.0,128.0,218.0,0.0,0.0,0.0,Gd,MnPrv,Shed,0.0,7.0,2009.0,WD,Normal,147000.0,-0.4185325491834376,1.0,低
367.0,20.0,RL,81.6,9500.0,Pave,Grvl,IR1,Lvl,AllPub,Inside,Gtl,NAmes,Norm,Norm,1Fam,1Story,6.0,5.0,1963.0,1963.0,Gable,CompShg,Plywood,Plywood,BrkFace,247.0,TA,TA,CBlock,Gd,TA,No,BLQ,609.0,Unf,0.0,785.0,1394.0,GasA,Gd,Y,SBrkr,1394.0,0.0,0.0,1394.0,1.0,0.0,1.0,1.0,3.0,1.0,TA,6.0,Typ,2.0,Gd,Attchd,1963.0,RFn,2.0,514.0,TA,TA,Y,0.0,76.0,0.0,0.0,185.0,0.0,Gd,MnPrv,Shed,0.0,7.0,2009.0,WD,Normal,159000.0,-0.23486322149858596,2.0,中
368.0,80.0,RL,101.0,9150.0,Pave,Grvl,IR1,Lvl,AllPub,Corner,Gtl,NAmes,Norm,Norm,1Fam,SLvl,6.0,5.0,1962.0,1962.0,Gable,Tar&Grv,Plywood,Plywood,BrkFace,305.0,TA,TA,CBlock,Gd,TA,Gd,GLQ,371.0,Unf,0.0,728.0,1099.0,GasA,Gd,Y,SBrkr,1431.0,0.0,0.0,1431.0,0.0,1.0,1.0,0.0,3.0,1.0,TA,6.0,Typ,1.0,Gd,Basment,1962.0,RFn,1.0,296.0,TA,TA,Y,64.0,110.0,0.0,0.0,0.0,0.0,Gd,MnPrv,Shed,0.0,12.0,2008.0,WD,Normal,165000.0,-0.14302855765616015,2.0,中
369.0,20.0,RL,78.0,7800.0,Pave,Grvl,Reg,Lvl,AllPub,Inside,Gtl,NAmes,Norm,Norm,1Fam,1Story,5.0,6.0,1954.0,1954.0,Gable,CompShg,HdBoard,HdBoard,BrkFace,200.0,TA,TA,PConc,TA,TA,No,LwQ,540.0,Unf,0.0,728.0,1268.0,GasA,Gd,Y,SBrkr,1268.0,0.0,0.0,1268.0,0.0,0.0,1.0,0.0,2.0,1.0,TA,7.0,Typ,1.0,Gd,Attchd,1954.0,Fin,1.0,244.0,TA,TA,Y,0.0,98.0,0.0,0.0,0.0,0.0,Gd,MnPrv,Shed,0.0,3.0,2010.0,WD,Normal,132000.0,-0.6481192087895021,1.0,低
370.0,20.0,RL,67.6,9830.0,Pave,Grvl,IR1,Lvl,AllPub,Corner,Gtl,NAmes,Norm,Norm,1Fam,1Story,5.0,7.0,1959.0,2006.0,Gable,CompShg,Wd Sdng,Wd Sdng,BrkFace,0.0,TA,Gd,CBlock,TA,TA,No,ALQ,72.0,Rec,258.0,733.0,1063.0,GasA,Ex,Y,SBrkr,1287.0,0.0,0.0,1287.0,1.0,0.0,1.0,0.0,3.0,1.0,Gd,7.0,Typ,1.0,Gd,Detchd,1997.0,Fin,2.0,576.0,TA,TA,Y,364.0,17.0,0.0,0.0,182.0,0.0,Gd,MnPrv,Shed,0.0,3.0,2010.0,WD,Normal,162000.0,-0.18894588957737307,2.0,中
371.0,60.0,RL,66.4,8121.0,Pave,Grvl,IR1,Lvl,AllPub,Inside,Gtl,Gilbert,Norm,Norm,1Fam,2Story,6.0,5.0,2000.0,2000.0,Gable,CompShg,VinylSd,VinylSd,BrkFace,0.0,TA,TA,PConc,Gd,TA,No,Unf,0.0,Unf,0.0,953.0,953.0,GasA,Ex,Y,SBrkr,953.0,711.0,0.0,1664.0,0.0,0.0,2.0,1.0,3.0,1.0,TA,7.0,Typ,1.0,TA,Attchd,2000.0,RFn,2.0,460.0,TA,TA,Y,100.0,40.0,0.0,0.0,0.0,0.0,Gd,MnPrv,Shed,0.0,1.0,2006.0,WD,Normal,172400.0,-0.02976580558383501,3.0,高
372.0,50.0,RL,80.0,17120.0,Pave,Grvl,Reg,Lvl,AllPub,Inside,Gtl,ClearCr,Feedr,Norm,1Fam,1.5Fin,4.0,4.0,1959.0,1959.0,Gable,CompShg,WdShing,Plywood,BrkFace,0.0,TA,TA,CBlock,TA,TA,No,Unf,0.0,Unf,0.0,0.0,0.0,GasA,TA,Y,SBrkr,1120.0,468.0,0.0,1588.0,0.0,0.0,2.0,0.0,4.0,1.0,TA,7.0,Min2,1.0,Gd,Detchd,1991.0,Fin,2.0,680.0,TA,TA,N,0.0,59.0,0.0,0.0,0.0,0.0,Gd,MnPrv,Shed,0.0,7.0,2008.0,WD,Normal,134432.0,-0.6108955583787055,1.0,低
373.0,120.0,RL,50.0,7175.0,Pave,Grvl,Reg,Lvl,AllPub,Inside,Gtl,SawyerW,Norm,Norm,TwnhsE,1Story,6.0,5.0,1984.0,1984.0,Gable,CompShg,Plywood,Plywood,BrkFace,0.0,TA,TA,CBlock,Gd,TA,No,ALQ,623.0,LwQ,121.0,0.0,744.0,GasA,TA,Y,SBrkr,752.0,0.0,0.0,752.0,1.0,0.0,1.0,0.0,2.0,1.0,TA,4.0,Typ,0.0,Gd,Attchd,1984.0,Unf,1.0,264.0,TA,TA,Y,353.0,0.0,0.0,0.0,90.0,0.0,Gd,MnPrv,Shed,0.0,2.0,2010.0,WD,Normal,125000.0,-0.7552596499389989,0.0,极低
374.0,20.0,RL,79.0,10634.0,Pave,Grvl,Reg,Lvl,AllPub,Inside,Gtl,NAmes,Norm,Norm,1Fam,1Story,5.0,6.0,1953.0,1953.0,Gable,CompShg,MetalSd,MetalSd,BrkFace,0.0,TA,TA,PConc,TA,TA,No,BLQ,428.0,LwQ,180.0,0.0,608.0,GasA,TA,Y,SBrkr,1319.0,0.0,0.0,1319.0,1.0,0.0,1.0,0.0,3.0,1.0,TA,5.0,Min2,0.0,Gd,Attchd,1953.0,Unf,1.0,270.0,TA,TA,Y,66.0,0.0,0.0,0.0,0.0,0.0,Gd,GdWo,Shed,0.0,11.0,2009.0,WD,Normal,123000.0,-0.7858712045531407,0.0,极低
375.0,60.0,RL,65.0,8200.0,Pave,Grvl,Reg,Lvl,AllPub,Inside,Gtl,CollgCr,Norm,Norm,1Fam,2Story,7.0,5.0,2003.0,2004.0,Gable,CompShg,VinylSd,VinylSd,BrkFace,0.0,Gd,TA,PConc,Gd,TA,No,Unf,0.0,Unf,0.0,847.0,847.0,GasA,Ex,Y,SBrkr,847.0,1081.0,0.0,1928.0,0.0,0.0,2.0,1.0,4.0,1.0,Gd,8.0,Typ,1.0,Gd,BuiltIn,2003.0,Fin,2.0,434.0,TA,TA,Y,100.0,48.0,0.0,0.0,0.0,0.0,Gd,MnPrv,Shed,0.0,7.0,2007.0,WD,Normal,219500.0,0.6911363055792076,4.0,极高
730.5,50.0,RL,70.0,9478.5,Pave,Grvl,IR1,Low,AllPub,Inside,Sev,Edwards,Norm,Norm,1Fam,1Story,6.0,5.0,1973.0,1994.0,Gable,CompShg,Wd Sdng,Wd Sdng,BrkFace,0.0,Fa,Fa,BrkTil,Fa,Po,Gd,BLQ,383.5,Unf,0.0,477.5,991.5,GasA,Gd,N,FuseA,1087.0,0.0,0.0,1464.0,0.0,0.0,2.0,0.0,3.0,1.0,Fa,6.0,Maj1,1.0,Gd,Attchd,1978.0,Unf,2.0,480.0,TA,TA,Y,0.0,25.0,0.0,0.0,0.0,0.0,Gd,MnPrv,Shed,0.0,6.0,2008.0,WD,Normal,163000.0,-0.1736401122703021,2.0,中
377.0,85.0,RL,57.0,8846.0,Pave,Grvl,IR1,Lvl,AllPub,CulDSac,Gtl,CollgCr,Norm,Norm,1Fam,SFoyer,5.0,5.0,1996.0,1996.0,Gable,CompShg,VinylSd,VinylSd,BrkFace,0.0,Gd,TA,PConc,Gd,TA,Av,GLQ,298.0,Unf,0.0,572.0,870.0,GasA,Ex,Y,SBrkr,914.0,0.0,0.0,914.0,0.0,0.0,1.0,0.0,2.0,1.0,TA,5.0,Typ,0.0,Gd,Detchd,1998.0,Unf,2.0,576.0,TA,TA,Y,0.0,0.0,0.0,0.0,0.0,0.0,Gd,MnPrv,Shed,0.0,7.0,2006.0,WD,Normal,148000.0,-0.40322677187636663,1.0,低
378.0,60.0,FV,102.0,11143.0,Pave,Grvl,IR1,Lvl,AllPub,Corner,Gtl,Somerst,Norm,Norm,1Fam,2Story,8.0,5.0,2004.0,2005.0,Gable,CompShg,CemntBd,CmentBd,BrkFace,0.0,Gd,TA,PConc,Gd,TA,No,Unf,0.0,Unf,0.0,1580.0,1580.0,GasA,Ex,Y,SBrkr,1580.0,886.0,0.0,2466.0,0.0,0.0,3.0,0.0,4.0,1.0,Gd,8.0,Typ,1.0,Gd,Attchd,2004.0,RFn,2.0,610.0,TA,TA,Y,159.0,214.0,0.0,0.0,0.0,0.0,Gd,MnPrv,Shed,0.0,12.0,2007.0,WD,Normal,340000.0,2.535482471081259,4.0,极高
379.0,20.0,RL,88.0,11394.0,Pave,Grvl,Reg,Lvl,AllPub,Corner,Gtl,StoneBr,Norm,Norm,1Fam,1Story,9.0,2.0,2010.0,2010.0,Hip,CompShg,VinylSd,VinylSd,Stone,350.0,Gd,TA,PConc,Ex,TA,Av,GLQ,1445.0,Unf,0.0,411.0,1856.0,GasA,Ex,Y,SBrkr,1856.0,0.0,0.0,1856.0,1.0,0.0,1.0,1.0,1.0,1.0,Ex,8.0,Typ,1.0,Ex,Attchd,2010.0,Fin,3.0,834.0,TA,TA,Y,113.0,0.0,0.0,0.0,0.0,0.0,Gd,MnPrv,Shed,0.0,6.0,2010.0,New,Partial,394432.0,3.368606541459746,4.0,极高
380.0,60.0,RL,60.0,8123.0,Pave,Grvl,IR1,Lvl,AllPub,Inside,Gtl,Gilbert,RRAn,Norm,1Fam,2Story,6.0,5.0,2000.0,2000.0,Gable,CompShg,VinylSd,VinylSd,BrkFace,16.0,TA,TA,PConc,Gd,TA,No,Unf,0.0,Unf,0.0,982.0,982.0,GasA,Ex,Y,SBrkr,1007.0,793.0,0.0,1800.0,0.0,0.0,2.0,1.0,3.0,1.0,TA,7.0,Typ,1.0,TA,Attchd,2000.0,Fin,2.0,463.0,TA,TA,Y,100.0,63.0,0.0,0.0,0.0,0.0,Gd,MnPrv,Shed,0.0,6.0,2009.0,WD,Normal,179000.0,0.07125232464283338,3.0,高
381.0,50.0,RL,50.0,5000.0,Pave,Pave,Reg,Lvl,AllPub,Inside,Gtl,SWISU,Norm,Norm,1Fam,1.5Fin,5.0,6.0,1924.0,1950.0,Gable,CompShg,BrkFace,Wd Sdng,BrkFace,0.0,TA,TA,BrkTil,TA,TA,No,LwQ,218.0,Unf,0.0,808.0,1026.0,GasA,TA,Y,SBrkr,1026.0,665.0,0.0,1691.0,0.0,0.0,2.0,0.0,3.0,1.0,Gd,6.0,Typ,1.0,Gd,Detchd,1924.0,Unf,1.0,308.0,TA,TA,Y,0.0,0.0,242.0,0.0,0.0,0.0,Gd,MnPrv,Shed,0.0,5.0,2010.0,WD,Normal,127000.0,-0.724648095324857,1.0,低
382.0,20.0,FV,60.0,7200.0,Pave,Pave,Reg,Lvl,AllPub,Inside,Gtl,Somerst,Norm,Norm,1Fam,1Story,7.0,5.0,2006.0,2006.0,Gable,CompShg,VinylSd,VinylSd,BrkFace,0.0,Gd,TA,PConc,Gd,Gd,No,Unf,0.0,Unf,0.0,1293.0,1293.0,GasA,Ex,Y,SBrkr,1301.0,0.0,0.0,1301.0,1.0,0.0,2.0,0.0,2.0,1.0,Gd,5.0,Typ,1.0,Gd,Attchd,2006.0,RFn,2.0,572.0,TA,TA,Y,216.0,121.0,0.0,0.0,0.0,0.0,Gd,MnPrv,Shed,0.0,8.0,2006.0,New,Partial,187750.0,0.20517787607970434,3.0,高
383.0,60.0,RL,79.0,9245.0,Pave,Grvl,IR1,Lvl,AllPub,Inside,Gtl,CollgCr,Norm,Norm,1Fam,2Story,7.0,5.0,2006.0,2006.0,Gable,CompShg,VinylSd,VinylSd,BrkFace,0.0,Gd,TA,PConc,Gd,TA,Av,Unf,0.0,Unf,0.0,939.0,939.0,GasA,Ex,Y,SBrkr,939.0,858.0,0.0,1797.0,0.0,0.0,2.0,1.0,3.0,1.0,Gd,8.0,Typ,0.0,Gd,Attchd,2006.0,RFn,2.0,639.0,TA,TA,Y,144.0,53.0,0.0,0.0,0.0,0.0,Gd,MnPrv,Shed,0.0,4.0,2007.0,WD,Normal,213500.0,0.5993016417367818,3.0,高
384.0,45.0,RH,60.0,9000.0,Pave,Grvl,Reg,Lvl,AllPub,Corner,Gtl,SawyerW,Norm,Norm,1Fam,1.5Unf,6.0,3.0,1928.0,1950.0,Gable,CompShg,Wd Sdng,Wd Sdng,BrkFace,0.0,TA,TA,BrkTil,Fa,Fa,No,Unf,0.0,Unf,0.0,784.0,784.0,GasA,TA,N,FuseA,784.0,0.0,0.0,784.0,0.0,0.0,1.0,0.0,2.0,1.0,TA,5.0,Typ,0.0,Gd,Detchd,1950.0,Unf,2.0,360.0,Fa,Fa,N,0.0,0.0,91.0,0.0,0.0,0.0,Gd,MnPrv,Shed,0.0,10.0,2009.0,WD,Normal,76000.0,-1.5052427379854763,0.0,极低
730.5,50.0,RL,70.0,9478.5,Pave,Grvl,IR2,Low,AllPub,Corner,Mod,ClearCr,Feedr,Norm,1Fam,2Story,6.0,5.0,1973.0,1994.0,Gable,CompShg,HdBoard,HdBoard,BrkFace,0.0,Gd,TA,PConc,Gd,TA,Av,GLQ,383.5,Unf,0.0,477.5,991.5,GasA,Ex,Y,SBrkr,1087.0,0.0,0.0,1464.0,0.0,0.0,2.0,0.0,3.0,1.0,Gd,6.0,Typ,1.0,Fa,Attchd,1978.0,Fin,2.0,480.0,TA,TA,Y,0.0,25.0,0.0,0.0,0.0,0.0,Gd,MnPrv,Shed,0.0,6.0,2008.0,WD,Normal,163000.0,-0.1736401122703021,2.0,中
386.0,120.0,RL,43.0,3182.0,Pave,Grvl,Reg,Lvl,AllPub,Inside,Gtl,Blmngtn,Norm,Norm,TwnhsE,1Story,8.0,5.0,2004.0,2005.0,Gable,CompShg,VinylSd,VinylSd,BrkFace,16.0,Gd,TA,PConc,Gd,TA,No,GLQ,24.0,Unf,0.0,1232.0,1256.0,GasA,Ex,Y,SBrkr,1269.0,0.0,0.0,1269.0,0.0,0.0,2.0,0.0,2.0,1.0,Gd,6.0,Typ,1.0,TA,Attchd,2004.0,Fin,2.0,430.0,TA,TA,Y,146.0,20.0,0.0,0.0,144.0,0.0,Gd,MnPrv,Shed,0.0,4.0,2010.0,WD,Normal,192000.0,0.27022742963475593,3.0,高
387.0,50.0,RL,58.0,8410.0,Pave,Grvl,Reg,Lvl,AllPub,FR2,Gtl,Edwards,Feedr,Norm,1Fam,1.5Fin,5.0,3.0,1910.0,1996.0,Gambrel,CompShg,Wd Sdng,VinylSd,BrkFace,0.0,TA,Fa,PConc,TA,TA,No,Unf,0.0,Unf,0.0,658.0,658.0,GasA,TA,Y,SBrkr,658.0,526.0,0.0,1184.0,0.0,0.0,1.0,0.0,5.0,1.0,TA,8.0,Typ,0.0,Gd,Attchd,1953.4,Unf,0.0,0.0,TA,TA,N,0.0,151.0,0.0,0.0,0.0,0.0,Gd,MnPrv,Shed,0.0,5.0,2006.0,WD,AdjLand,81000.0,-1.4287138514501214,0.0,极低
388.0,80.0,RL,72.0,7200.0,Pave,Grvl,Reg,Lvl,AllPub,Inside,Gtl,Edwards,Norm,Norm,1Fam,SLvl,6.0,6.0,1976.0,1976.0,Hip,CompShg,MetalSd,MetalSd,BrkFace,255.0,TA,TA,CBlock,TA,TA,Av,ALQ,631.0,Unf,0.0,410.0,1041.0,GasA,Ex,Y,SBrkr,1125.0,0.0,0.0,1125.0,1.0,0.0,1.0,0.0,3.0,1.0,TA,6.0,Typ,1.0,Fa,Detchd,1977.0,Unf,1.0,352.0,TA,TA,Y,296.0,0.0,0.0,0.0,0.0,0.0,Gd,GdWo,Shed,0.0,10.0,2009.0,WD,Abnorml,125000.0,-0.7552596499389989,0.0,极低
389.0,20.0,RL,93.0,9382.0,Pave,Grvl,IR1,Lvl,AllPub,CulDSac,Gtl,CollgCr,Norm,Norm,1Fam,1Story,7.0,5.0,1999.0,2000.0,Gable,CompShg,VinylSd,VinylSd,BrkFace,125.0,Gd,TA,PConc,Gd,TA,No,Unf,0.0,Unf,0.0,1468.0,1468.0,GasA,Ex,Y,SBrkr,1479.0,0.0,0.0,1479.0,0.0,0.0,2.0,0.0,3.0,1.0,Gd,6.0,Typ,0.0,Gd,Attchd,1999.0,RFn,2.0,577.0,TA,TA,Y,120.0,25.0,0.0,0.0,0.0,0.0,Gd,MnPrv,Shed,0.0,7.0,2008.0,WD,Normal,191000.0,0.254921652327685,3.0,高
390.0,60.0,RL,96.0,12474.0,Pave,Grvl,Reg,Lvl,AllPub,Inside,Gtl,NridgHt,Norm,Norm,1Fam,2Story,10.0,5.0,2007.0,2008.0,Gable,CompShg,VinylSd,VinylSd,Stone,272.0,Ex,TA,PConc,Ex,TA,Av,GLQ,1280.0,Unf,0.0,402.0,1682.0,GasA,Ex,Y,SBrkr,1742.0,590.0,0.0,2332.0,1.0,0.0,2.0,1.0,3.0,1.0,Ex,9.0,Typ,1.0,Ex,BuiltIn,2008.0,Fin,3.0,846.0,TA,TA,Y,196.0,134.0,0.0,0.0,0.0,0.0,Gd,MnPrv,Shed,0.0,8.0,2008.0,New,Partial,426000.0,3.851779319489362,4.0,极高
391.0,50.0,RL,50.0,8405.0,Pave,Grvl,Reg,Lvl,AllPub,Inside,Gtl,Edwards,Norm,Norm,1Fam,1.5Fin,5.0,8.0,1900.0,1950.0,Gable,CompShg,MetalSd,MetalSd,BrkFace,0.0,TA,TA,BrkTil,TA,Gd,No,Rec,241.0,BLQ,391.0,229.0,861.0,GasA,Ex,Y,SBrkr,961.0,406.0,0.0,1367.0,1.0,0.0,1.0,0.0,4.0,1.0,TA,7.0,Typ,0.0,Gd,Detchd,1978.0,Unf,1.0,384.0,TA,TA,Y,0.0,130.0,112.0,0.0,0.0,0.0,Gd,MnPrv,Shed,0.0,4.0,2008.0,WD,Normal,119000.0,-0.8470943137814246,0.0,极低
392.0,60.0,RL,71.0,12209.0,Pave,Grvl,IR1,Lvl,AllPub,CulDSac,Gtl,Mitchel,Norm,Norm,1Fam,2Story,6.0,5.0,2001.0,2002.0,Gable,CompShg,VinylSd,VinylSd,BrkFace,0.0,TA,TA,PConc,Ex,TA,No,ALQ,690.0,Unf,0.0,114.0,804.0,GasA,Ex,Y,SBrkr,804.0,1157.0,0.0,1961.0,1.0,0.0,2.0,1.0,3.0,1.0,Gd,7.0,Typ,1.0,TA,BuiltIn,2001.0,Fin,2.0,560.0,TA,TA,Y,125.0,192.0,0.0,0.0,0.0,0.0,Gd,MnPrv,Shed,0.0,6.0,2009.0,WD,Normal,215000.0,0.6222603076973882,3.0,高
393.0,20.0,RL,66.2,8339.0,Pave,Grvl,IR1,Lvl,AllPub,Inside,Gtl,NAmes,Norm,Norm,1Fam,1Story,5.0,7.0,1959.0,1959.0,Gable,CompShg,MetalSd,MetalSd,BrkFace,0.0,TA,TA,Slab,TA,TA,No,Unf,0.0,Unf,0.0,0.0,0.0,GasA,TA,Y,SBrkr,882.0,0.0,0.0,882.0,0.0,0.0,1.0,0.0,3.0,1.0,TA,5.0,Typ,0.0,Gd,Attchd,1959.0,RFn,1.0,294.0,TA,TA,Y,0.0,0.0,0.0,0.0,0.0,0.0,Gd,MnPrv,Shed,1200.0,7.0,2007.0,WD,Normal,106500.0,-1.0384165301198118,0.0,极低
394.0,30.0,RL,60.0,7446.0,Pave,Grvl,Reg,Lvl,AllPub,Corner,Gtl,BrkSide,Feedr,Norm,1Fam,1Story,4.0,5.0,1941.0,1950.0,Gable,CompShg,WdShing,Wd Shng,BrkFace,0.0,TA,TA,CBlock,TA,TA,No,Rec,266.0,Unf,0.0,522.0,788.0,GasA,TA,Y,FuseA,788.0,0.0,0.0,788.0,0.0,0.0,1.0,0.0,2.0,1.0,TA,4.0,Typ,2.0,TA,Attchd,1956.2,Unf,0.0,0.0,TA,TA,Y,0.0,0.0,0.0,0.0,0.0,0.0,Gd,GdWo,Shed,0.0,4.0,2006.0,WD,Abnorml,100000.0,-1.1379040826157731,0.0,极低
395.0,50.0,RL,60.0,10134.0,Pave,Grvl,Reg,Lvl,AllPub,Inside,Gtl,OldTown,Norm,Norm,1Fam,1.5Fin,5.0,6.0,1940.0,1950.0,Gable,CompShg,MetalSd,MetalSd,BrkFace,0.0,TA,TA,CBlock,TA,TA,No,Unf,0.0,Unf,0.0,735.0,735.0,GasA,Gd,Y,FuseA,735.0,299.0,0.0,1034.0,0.0,0.0,1.0,0.0,2.0,1.0,TA,5.0,Typ,0.0,Gd,Detchd,1940.0,Unf,1.0,240.0,TA,TA,Y,0.0,39.0,0.0,0.0,0.0,0.0,Gd,MnPrv,Shed,0.0,7.0,2007.0,WD,Normal,109000.0,-1.0001520868521343,0.0,极低
396.0,20.0,RL,68.0,9571.0,Pave,Grvl,Reg,Lvl,AllPub,Inside,Gtl,Edwards,Norm,Norm,1Fam,1Story,5.0,6.0,1956.0,1956.0,Gable,CompShg,Wd Sdng,Wd Sdng,BrkFace,0.0,TA,TA,CBlock,TA,TA,Av,BLQ,739.0,Unf,0.0,405.0,1144.0,GasA,TA,Y,SBrkr,1144.0,0.0,0.0,1144.0,1.0,0.0,1.0,0.0,3.0,1.0,TA,6.0,Typ,0.0,Gd,Attchd,1956.0,Unf,1.0,596.0,TA,TA,Y,44.0,0.0,0.0,0.0,0.0,0.0,Gd,MnPrv,Shed,0.0,6.0,2010.0,WD,Normal,129000.0,-0.694036540710715,1.0,低
397.0,20.0,RL,60.0,7200.0,Pave,Grvl,Reg,Low,AllPub,Inside,Gtl,CollgCr,Norm,Norm,1Fam,1Story,5.0,5.0,1972.0,1972.0,Hip,CompShg,MetalSd,MetalSd,BrkFace,0.0,TA,TA,CBlock,TA,TA,Av,Rec,777.0,Unf,0.0,117.0,894.0,GasA,TA,Y,SBrkr,894.0,0.0,0.0,894.0,0.0,0.0,1.0,0.0,2.0,1.0,TA,6.0,Typ,0.0,Gd,Detchd,1985.0,RFn,2.0,600.0,TA,TA,Y,215.0,0.0,0.0,0.0,0.0,0.0,Gd,MnPrv,Shed,0.0,9.0,2009.0,WD,Normal,123000.0,-0.7858712045531407,0.0,极低
398.0,60.0,RL,69.0,7590.0,Pave,Grvl,Reg,Lvl,AllPub,Inside,Gtl,NAmes,PosN,Norm,1Fam,2Story,5.0,5.0,1962.0,1962.0,Gable,CompShg,VinylSd,VinylSd,BrkFace,288.0,TA,TA,CBlock,TA,TA,No,ALQ,540.0,Unf,0.0,324.0,864.0,GasA,TA,Y,SBrkr,876.0,936.0,0.0,1812.0,0.0,0.0,2.0,0.0,4.0,1.0,TA,8.0,Typ,1.0,TA,Attchd,1962.0,RFn,1.0,264.0,TA,TA,Y,0.0,168.0,0.0,0.0,0.0,0.0,Gd,MnPrv,Shed,0.0,7.0,2007.0,WD,Normal,169500.0,-0.07415255977434082,2.0,中
399.0,30.0,RM,60.0,8967.0,Pave,Grvl,Reg,Lvl,AllPub,Corner,Gtl,IDOTRR,Norm,Norm,1Fam,1Story,5.0,2.0,1920.0,1950.0,Gable,CompShg,MetalSd,MetalSd,BrkFace,0.0,TA,Fa,BrkTil,Fa,Po,No,Unf,0.0,Unf,0.0,961.0,961.0,GasA,Gd,Y,Mix,1077.0,0.0,0.0,1077.0,0.0,0.0,1.0,0.0,2.0,1.0,TA,6.0,Maj2,0.0,Gd,Detchd,1920.0,Unf,1.0,338.0,Po,Po,N,0.0,0.0,0.0,0.0,0.0,0.0,Gd,MnPrv,Shed,0.0,11.0,2007.0,WD,Abnorml,67000.0,-1.6429947337491149,0.0,极低
400.0,60.0,FV,65.0,8125.0,Pave,Grvl,Reg,Lvl,AllPub,Inside,Gtl,Somerst,Norm,Norm,1Fam,2Story,7.0,5.0,2006.0,2007.0,Gable,CompShg,CemntBd,CmentBd,Stone,100.0,Gd,TA,PConc,Gd,TA,No,GLQ,812.0,Unf,0.0,280.0,1092.0,GasA,Ex,Y,SBrkr,1112.0,438.0,0.0,1550.0,1.0,0.0,2.0,0.0,2.0,1.0,Gd,7.0,Typ,0.0,Gd,Attchd,2007.0,Fin,2.0,438.0,TA,TA,Y,0.0,168.0,0.0,0.0,0.0,0.0,Gd,MnPrv,Shed,0.0,10.0,2009.0,WD,Normal,241000.0,1.0202105176812333,4.0,极高
401.0,120.0,RL,38.0,14963.0,Pave,Grvl,IR2,Lvl,AllPub,Inside,Gtl,Veenker,Norm,Norm,TwnhsE,1Story,8.0,5.0,1996.0,1996.0,Gable,CompShg,BrkFace,BrkFace,BrkFace,0.0,Gd,TA,PConc,Gd,TA,No,GLQ,786.0,Unf,0.0,474.0,1260.0,GasA,Ex,Y,SBrkr,1288.0,0.0,0.0,1288.0,1.0,0.0,1.0,1.0,1.0,1.0,Ex,4.0,Typ,2.0,Gd,Attchd,1996.0,Fin,2.0,500.0,TA,TA,Y,120.0,30.0,0.0,0.0,224.0,0.0,Gd,MnPrv,Shed,0.0,12.0,2008.0,WD,Normal,245500.0,1.0890865155630527,4.0,极高
402.0,20.0,RL,65.0,8767.0,Pave,Grvl,IR1,Lvl,AllPub,Inside,Gtl,CollgCr,Norm,Norm,1Fam,1Story,7.0,5.0,2005.0,2005.0,Gable,CompShg,VinylSd,VinylSd,BrkFace,0.0,Gd,TA,PConc,Gd,TA,Av,GLQ,24.0,Unf,0.0,1286.0,1310.0,GasA,Ex,Y,SBrkr,1310.0,0.0,0.0,1310.0,0.0,0.0,2.0,0.0,3.0,1.0,Gd,6.0,Typ,1.0,Gd,Attchd,2005.0,Fin,2.0,400.0,TA,TA,Y,0.0,0.0,0.0,0.0,0.0,0.0,Gd,MnPrv,Shed,0.0,7.0,2006.0,New,Partial,164990.0,-0.14318161542923089,2.0,中
403.0,30.0,RL,60.0,10200.0,Pave,Grvl,Reg,Lvl,AllPub,Inside,Gtl,Sawyer,Norm,Norm,1Fam,1Story,5.0,8.0,1940.0,1997.0,Gable,CompShg,Wd Sdng,Wd Sdng,BrkFace,0.0,TA,TA,PConc,TA,TA,No,Unf,0.0,Unf,0.0,672.0,672.0,GasA,Ex,Y,SBrkr,672.0,0.0,0.0,672.0,0.0,0.0,1.0,0.0,2.0,1.0,TA,4.0,Typ,0.0,Gd,Detchd,1940.0,Unf,1.0,240.0,TA,TA,N,168.0,0.0,0.0,0.0,0.0,0.0,Gd,GdPrv,Shed,0.0,8.0,2008.0,WD,Normal,108000.0,-1.0154578641592054,0.0,极低
404.0,60.0,RL,93.0,12090.0,Pave,Grvl,Reg,Lvl,AllPub,Corner,Gtl,NoRidge,Norm,Norm,1Fam,2Story,8.0,5.0,1998.0,1998.0,Hip,CompShg,VinylSd,VinylSd,BrkFace,650.0,Gd,TA,PConc,Gd,TA,No,Unf,0.0,Unf,0.0,1141.0,1141.0,GasA,Gd,Y,SBrkr,1165.0,1098.0,0.0,2263.0,0.0,0.0,2.0,1.0,4.0,1.0,Gd,10.0,Typ,1.0,TA,BuiltIn,1998.0,Fin,2.0,420.0,TA,TA,Y,144.0,123.0,0.0,0.0,0.0,0.0,Gd,MnPrv,Shed,0.0,7.0,2006.0,WD,Abnorml,258000.0,1.28040873190144,4.0,极高
405.0,60.0,RL,79.6,10364.0,Pave,Grvl,IR1,Lvl,AllPub,Inside,Gtl,Gilbert,Norm,Norm,1Fam,2Story,6.0,5.0,1995.0,1996.0,Gable,CompShg,MetalSd,MetalSd,BrkFace,0.0,TA,TA,PConc,Gd,TA,No,Unf,0.0,Unf,0.0,806.0,806.0,GasA,Gd,Y,SBrkr,806.0,766.0,0.0,1572.0,0.0,0.0,2.0,1.0,3.0,1.0,TA,7.0,Typ,1.0,TA,BuiltIn,1995.0,Fin,2.0,373.0,TA,TA,Y,0.0,40.0,0.0,0.0,0.0,0.0,Gd,MnPrv,Shed,0.0,5.0,2007.0,WD,Normal,168000.0,-0.09711122573494727,2.0,中
406.0,20.0,RL,66.0,9991.0,Pave,Grvl,IR1,Lvl,AllPub,Corner,Gtl,Sawyer,Feedr,Norm,1Fam,1Story,4.0,4.0,1976.0,1993.0,Gable,CompShg,Plywood,Plywood,BrkFace,0.0,TA,TA,CBlock,TA,TA,No,BLQ,1116.0,Unf,0.0,165.0,1281.0,GasA,Ex,Y,SBrkr,1620.0,0.0,0.0,1620.0,1.0,0.0,2.0,0.0,3.0,1.0,TA,8.0,Min1,1.0,TA,Attchd,1993.0,Unf,2.0,490.0,TA,TA,Y,120.0,78.0,0.0,0.0,0.0,0.0,Gd,GdWo,Shed,0.0,6.0,2009.0,WD,Normal,150000.0,-0.3726152172622247,1.0,低
407.0,50.0,RL,51.0,10480.0,Pave,Grvl,Reg,Lvl,AllPub,Inside,Gtl,SWISU,Norm,Norm,1Fam,1.5Fin,6.0,5.0,1936.0,1950.0,Gable,CompShg,MetalSd,MetalSd,BrkFace,0.0,TA,TA,BrkTil,TA,TA,No,Unf,0.0,Unf,0.0,1064.0,1064.0,GasA,Ex,Y,FuseA,1166.0,0.0,473.0,1639.0,0.0,0.0,1.0,0.0,3.0,1.0,TA,6.0,Maj2,0.0,Gd,Detchd,1936.0,Unf,1.0,240.0,TA,TA,Y,0.0,0.0,0.0,0.0,0.0,0.0,Gd,MnPrv,Shed,0.0,3.0,2008.0,WD,Normal,115000.0,-0.9083174230097085,0.0,极低
408.0,70.0,RL,63.0,15576.0,Pave,Grvl,Reg,Lvl,AllPub,Inside,Gtl,Crawfor,Norm,Norm,1Fam,2Story,6.0,7.0,1915.0,1976.0,Gable,CompShg,Wd Sdng,Plywood,BrkFace,0.0,TA,TA,BrkTil,Gd,TA,No,Unf,0.0,Unf,0.0,840.0,840.0,GasA,Ex,Y,SBrkr,840.0,840.0,0.0,1680.0,0.0,0.0,2.0,0.0,4.0,1.0,TA,8.0,Typ,0.0,Gd,Attchd,1960.0,Unf,1.0,308.0,TA,TA,Y,0.0,0.0,160.0,0.0,0.0,0.0,Gd,MnPrv,Shed,0.0,3.0,2008.0,WD,Normal,177000.0,0.04064077002869144,3.0,高
409.0,60.0,RL,109.0,14154.0,Pave,Grvl,Reg,Lvl,AllPub,Corner,Gtl,NridgHt,Norm,Norm,1Fam,2Story,7.0,5.0,2006.0,2006.0,Gable,CompShg,VinylSd,VinylSd,BrkFace,350.0,Gd,TA,PConc,Ex,Gd,No,Unf,0.0,Unf,0.0,1063.0,1063.0,GasA,Ex,Y,SBrkr,1071.0,1101.0,0.0,2172.0,0.0,0.0,2.0,1.0,3.0,1.0,Gd,9.0,Typ,1.0,Gd,Attchd,2006.0,RFn,3.0,947.0,TA,TA,Y,192.0,62.0,0.0,0.0,0.0,0.0,Gd,MnPrv,Shed,0.0,8.0,2007.0,New,Partial,280000.0,1.6171358326570011,4.0,极高
410.0,60.0,FV,85.0,10800.0,Pave,Grvl,Reg,Lvl,AllPub,Inside,Gtl,Somerst,Norm,Norm,1Fam,2Story,8.0,5.0,2007.0,2008.0,Gable,CompShg,VinylSd,VinylSd,Stone,100.0,Gd,TA,PConc,Ex,TA,No,GLQ,789.0,Unf,0.0,245.0,1034.0,GasA,Ex,Y,SBrkr,1050.0,1028.0,0.0,2078.0,1.0,0.0,2.0,1.0,3.0,1.0,Ex,8.0,Typ,1.0,Gd,Attchd,2008.0,Fin,3.0,836.0,TA,TA,Y,0.0,102.0,0.0,0.0,0.0,0.0,Gd,MnPrv,Shed,0.0,4.0,2008.0,New,Partial,339750.0,2.5316560267544914,4.0,极高
411.0,20.0,RL,68.0,9571.0,Pave,Grvl,Reg,Lvl,AllPub,Inside,Gtl,Edwards,Norm,Norm,1Fam,1Story,5.0,3.0,1958.0,1958.0,Gable,CompShg,BrkComm,Brk Cmn,BrkFace,0.0,TA,Fa,CBlock,TA,Fa,No,Unf,0.0,Unf,0.0,1276.0,1276.0,GasA,TA,Y,FuseA,1276.0,0.0,0.0,1276.0,0.0,0.0,1.0,0.0,3.0,1.0,TA,5.0,Mod,0.0,Gd,Attchd,1958.0,Unf,1.0,350.0,TA,TA,Y,0.0,0.0,0.0,0.0,0.0,0.0,Gd,MnPrv,Shed,0.0,6.0,2009.0,COD,Abnorml,60000.0,-1.7501351748986118,0.0,极低
412.0,190.0,RL,100.0,34650.0,Pave,Grvl,Reg,Bnk,AllPub,Inside,Gtl,Gilbert,Norm,Norm,2fmCon,1Story,5.0,5.0,1955.0,1955.0,Hip,CompShg,Wd Sdng,Wd Sdng,BrkFace,0.0,TA,TA,CBlock,TA,TA,Mn,Rec,1056.0,Unf,0.0,0.0,1056.0,GasA,TA,N,SBrkr,1056.0,0.0,0.0,1056.0,1.0,0.0,1.0,0.0,3.0,1.0,TA,5.0,Typ,0.0,Gd,Attchd,1955.0,Fin,2.0,572.0,TA,TA,Y,264.0,0.0,0.0,0.0,0.0,0.0,Gd,MnPrv,Shed,0.0,1.0,2006.0,WD,Normal,145000.0,-0.4491441037975795,1.0,低
413.0,20.0,FV,64.0,4403.0,Pave,Grvl,IR2,Lvl,AllPub,Inside,Gtl,Somerst,Norm,Norm,1Fam,1Story,7.0,5.0,2009.0,2009.0,Gable,CompShg,MetalSd,MetalSd,Stone,432.0,Ex,TA,PConc,Ex,TA,Av,GLQ,578.0,Unf,0.0,892.0,1470.0,GasA,Ex,Y,SBrkr,1478.0,0.0,0.0,1478.0,1.0,0.0,2.0,1.0,2.0,1.0,Gd,7.0,Typ,1.0,Gd,Attchd,2009.0,Fin,2.0,484.0,TA,TA,Y,0.0,144.0,0.0,0.0,0.0,0.0,Gd,MnPrv,Shed,0.0,6.0,2010.0,New,Partial,222000.0,0.729400748846885,4.0,极高
414.0,30.0,RM,56.0,8960.0,Pave,Grvl,Reg,Lvl,AllPub,Inside,Gtl,OldTown,Artery,Norm,1Fam,1Story,5.0,6.0,1927.0,1950.0,Gable,CompShg,WdShing,Wd Shng,BrkFace,0.0,TA,TA,CBlock,TA,TA,No,Unf,0.0,Unf,0.0,1008.0,1008.0,GasA,Gd,Y,FuseA,1028.0,0.0,0.0,1028.0,0.0,0.0,1.0,0.0,2.0,1.0,TA,5.0,Typ,1.0,Gd,Detchd,1927.0,Unf,2.0,360.0,TA,TA,Y,0.0,0.0,130.0,0.0,0.0,0.0,Gd,MnPrv,Shed,0.0,3.0,2010.0,WD,Normal,115000.0,-0.9083174230097085,0.0,极低
730.5,50.0,RL,70.0,9478.5,Pave,Grvl,IR2,Lvl,AllPub,CulDSac,Gtl,SawyerW,Norm,Norm,1Fam,2Story,6.0,5.0,1973.0,1994.0,Gable,CompShg,VinylSd,VinylSd,BrkFace,0.0,Gd,TA,PConc,Gd,TA,No,BLQ,383.5,GLQ,0.0,477.5,991.5,GasA,Ex,Y,SBrkr,1087.0,0.0,0.0,1464.0,0.0,0.0,2.0,0.0,3.0,1.0,Gd,6.0,Typ,1.0,TA,Attchd,1978.0,Unf,2.0,480.0,TA,TA,Y,0.0,25.0,0.0,0.0,0.0,0.0,Gd,MnPrv,Shed,0.0,6.0,2008.0,WD,Normal,163000.0,-0.1736401122703021,2.0,中
416.0,20.0,RL,73.0,8899.0,Pave,Grvl,IR1,Lvl,AllPub,Inside,Gtl,Gilbert,Norm,Norm,1Fam,1Story,7.0,5.0,2007.0,2007.0,Gable,CompShg,VinylSd,VinylSd,BrkFace,0.0,Gd,TA,PConc,Gd,TA,Av,GLQ,24.0,Unf,0.0,1316.0,1340.0,GasA,Ex,Y,SBrkr,1340.0,0.0,0.0,1340.0,0.0,0.0,2.0,0.0,3.0,1.0,Gd,6.0,Typ,0.0,Gd,Attchd,2007.0,Fin,2.0,396.0,TA,TA,Y,100.0,30.0,0.0,0.0,0.0,0.0,Gd,MnPrv,Shed,0.0,8.0,2007.0,New,Partial,181134.0,0.10391485341612282,3.0,高
417.0,60.0,RL,74.0,7844.0,Pave,Grvl,Reg,Lvl,AllPub,Inside,Gtl,Sawyer,Norm,Norm,1Fam,2Story,6.0,7.0,1978.0,1978.0,Hip,CompShg,HdBoard,HdBoard,BrkFace,203.0,TA,TA,CBlock,TA,TA,No,ALQ,209.0,Unf,0.0,463.0,672.0,GasA,TA,Y,SBrkr,672.0,728.0,0.0,1400.0,0.0,0.0,1.0,1.0,3.0,1.0,TA,6.0,Typ,1.0,TA,Attchd,1978.0,Fin,2.0,440.0,TA,TA,Y,0.0,0.0,0.0,0.0,0.0,0.0,Gd,MnPrv,Shed,0.0,3.0,2006.0,WD,Normal,149500.0,-0.38026810591576016,1.0,低
418.0,70.0,RL,86.0,22420.0,Pave,Grvl,IR1,Lvl,AllPub,Inside,Gtl,Crawfor,Feedr,Norm,1Fam,2Story,6.0,6.0,1918.0,1950.0,Hip,CompShg,Wd Sdng,Stucco,BrkFace,0.0,TA,TA,BrkTil,Gd,TA,No,BLQ,1128.0,Unf,0.0,242.0,1370.0,GasW,TA,N,FuseA,1370.0,1254.0,0.0,2624.0,1.0,0.0,2.0,1.0,4.0,1.0,TA,10.0,Typ,1.0,Gd,Detchd,1918.0,Unf,3.0,864.0,TA,TA,N,0.0,0.0,0.0,0.0,0.0,0.0,Gd,MnPrv,Shed,0.0,11.0,2007.0,WD,Normal,239000.0,0.9895989630670914,4.0,极高
419.0,50.0,RL,60.0,8160.0,Pave,Grvl,Reg,Lvl,AllPub,Inside,Gtl,Edwards,Norm,Norm,1Fam,1.5Fin,5.0,6.0,1940.0,1950.0,Gable,CompShg,MetalSd,MetalSd,BrkFace,0.0,TA,TA,BrkTil,TA,TA,No,ALQ,312.0,Unf,0.0,444.0,756.0,GasA,Fa,N,FuseF,756.0,378.0,0.0,1134.0,1.0,0.0,1.0,1.0,3.0,1.0,TA,7.0,Typ,0.0,Gd,Detchd,1940.0,Unf,1.0,240.0,TA,TA,P,0.0,0.0,0.0,0.0,0.0,0.0,Gd,MnPrv,Shed,0.0,4.0,2007.0,WD,AdjLand,126000.0,-0.7399538726319279,1.0,低
420.0,20.0,RL,65.0,8450.0,Pave,Grvl,Reg,Lvl,AllPub,Inside,Gtl,NAmes,Norm,Norm,1Fam,1Story,5.0,6.0,1968.0,1968.0,Gable,CompShg,VinylSd,VinylSd,BrkFace,0.0,TA,TA,CBlock,TA,TA,No,BLQ,775.0,Unf,0.0,281.0,1056.0,GasA,Ex,Y,SBrkr,1056.0,0.0,0.0,1056.0,1.0,0.0,1.0,0.0,3.0,1.0,TA,6.0,Typ,1.0,Fa,Attchd,1968.0,Unf,1.0,304.0,TA,TA,Y,0.0,85.0,184.0,0.0,0.0,0.0,Gd,MnPrv,Shed,0.0,7.0,2010.0,WD,Normal,142000.0,-0.4950614357187924,1.0,低
730.5,50.0,RM,70.0,9478.5,Pave,Grvl,Reg,Lvl,AllPub,Inside,Gtl,Mitchel,Norm,Norm,Duplex,SFoyer,6.0,5.0,1973.0,1994.0,Gable,CompShg,VinylSd,VinylSd,BrkFace,0.0,TA,Gd,PConc,Gd,Gd,Gd,GLQ,383.5,Unf,0.0,477.5,991.5,GasA,Ex,Y,SBrkr,1087.0,0.0,0.0,1464.0,0.0,0.0,2.0,0.0,3.0,1.0,TA,6.0,Typ,1.0,Gd,Attchd,1978.0,Fin,2.0,480.0,TA,TA,Y,0.0,25.0,0.0,0.0,0.0,0.0,Gd,MnPrv,Shed,0.0,6.0,2008.0,WD,Alloca,163000.0,-0.1736401122703021,2.0,中
422.0,20.0,RL,68.4,16635.0,Pave,Grvl,IR1,Lvl,AllPub,FR2,Gtl,NWAmes,Norm,Norm,1Fam,1Story,6.0,7.0,1977.0,2000.0,Gable,CompShg,CemntBd,CmentBd,Stone,126.0,Gd,TA,CBlock,Gd,TA,No,ALQ,1246.0,Unf,0.0,356.0,1602.0,GasA,Gd,Y,SBrkr,1602.0,0.0,0.0,1602.0,0.0,1.0,2.0,0.0,3.0,1.0,Gd,8.0,Typ,1.0,TA,Attchd,1977.0,Fin,2.0,529.0,TA,TA,Y,240.0,0.0,0.0,0.0,0.0,0.0,Gd,MnPrv,Shed,0.0,6.0,2009.0,WD,Normal,215000.0,0.6222603076973882,3.0,高
423.0,20.0,RL,100.0,21750.0,Pave,Grvl,Reg,HLS,AllPub,Inside,Mod,Mitchel,Artery,Norm,1Fam,1Story,5.0,5.0,1954.0,1954.0,Hip,CompShg,HdBoard,HdBoard,BrkFace,0.0,TA,TA,CBlock,TA,TA,No,Unf,0.0,Unf,0.0,988.0,988.0,GasA,Ex,Y,FuseA,988.0,0.0,0.0,988.0,0.0,0.0,1.0,0.0,2.0,1.0,TA,4.0,Typ,0.0,Gd,Attchd,1954.0,RFn,2.0,520.0,TA,TA,N,0.0,0.0,0.0,0.0,0.0,0.0,Gd,MnPrv,Shed,0.0,2.0,2008.0,WD,Normal,113000.0,-0.9389289776238504,0.0,极低
424.0,60.0,RL,80.0,9200.0,Pave,Grvl,Reg,Lvl,AllPub,Inside,Gtl,NoRidge,Norm,Norm,1Fam,2Story,8.0,5.0,1998.0,1998.0,Gable,CompShg,VinylSd,VinylSd,BrkFace,473.0,Gd,TA,PConc,Gd,TA,No,GLQ,986.0,Unf,0.0,484.0,1470.0,GasA,Gd,Y,SBrkr,1470.0,1160.0,0.0,2630.0,1.0,0.0,2.0,1.0,4.0,1.0,Gd,8.0,Typ,1.0,TA,Attchd,1998.0,Fin,3.0,696.0,TA,TA,Y,0.0,66.0,0.0,0.0,0.0,0.0,Gd,MnPrv,Shed,0.0,6.0,2008.0,WD,Normal,315000.0,2.152838038404485,4.0,极高
425.0,20.0,RL,72.0,9000.0,Pave,Grvl,Reg,Lvl,AllPub,Inside,Gtl,NAmes,Norm,Norm,1Fam,1Story,6.0,5.0,1956.0,1956.0,Gable,CompShg,Wd Sdng,Wd Sdng,BrkFace,74.0,TA,TA,CBlock,Gd,TA,No,LwQ,616.0,Unf,0.0,580.0,1196.0,GasA,Gd,Y,FuseA,1196.0,0.0,0.0,1196.0,1.0,0.0,1.0,0.0,2.0,1.0,TA,6.0,Typ,1.0,Gd,Attchd,1956.0,RFn,1.0,297.0,TA,TA,Y,0.0,44.0,0.0,0.0,0.0,0.0,Gd,MnPrv,Shed,0.0,5.0,2008.0,WD,Normal,139000.0,-0.5409787676400053,1.0,低
426.0,60.0,RM,60.0,3378.0,Pave,Grvl,Reg,HLS,AllPub,Inside,Gtl,OldTown,Norm,Norm,1Fam,2Story,7.0,8.0,1946.0,1992.0,Gable,CompShg,HdBoard,HdBoard,BrkFace,0.0,TA,Gd,CBlock,TA,TA,No,Unf,0.0,Unf,0.0,651.0,651.0,GasA,Gd,Y,SBrkr,707.0,682.0,0.0,1389.0,0.0,0.0,1.0,1.0,3.0,1.0,TA,6.0,Typ,2.0,Gd,Detchd,1947.0,Unf,1.0,240.0,TA,TA,P,0.0,0.0,126.0,0.0,0.0,0.0,Gd,MnPrv,Shed,0.0,9.0,2009.0,WD,Normal,135000.0,-0.6022018768682892,1.0,低
730.5,50.0,RL,70.0,9478.5,Pave,Grvl,Reg,Low,AllPub,Inside,Mod,SawyerW,Norm,Norm,1Fam,SLvl,6.0,5.0,1973.0,1994.0,Gable,CompShg,Wd Sdng,Wd Sdng,BrkFace,0.0,Gd,TA,PConc,Gd,TA,Gd,GLQ,383.5,Unf,0.0,477.5,991.5,GasA,Gd,Y,SBrkr,1087.0,0.0,0.0,1464.0,0.0,0.0,2.0,0.0,3.0,1.0,Gd,6.0,Typ,1.0,TA,Attchd,1978.0,Fin,2.0,480.0,TA,TA,Y,0.0,25.0,0.0,0.0,0.0,0.0,Gd,MnPrv,Shed,0.0,6.0,2008.0,WD,Normal,163000.0,-0.1736401122703021,2.0,中
428.0,20.0,RL,77.0,8593.0,Pave,Grvl,IR1,Lvl,AllPub,Inside,Gtl,NAmes,Norm,Norm,1Fam,1Story,4.0,6.0,1957.0,1957.0,Hip,CompShg,MetalSd,MetalSd,BrkFace,0.0,TA,TA,CBlock,TA,TA,No,Rec,288.0,Unf,0.0,619.0,907.0,GasA,Ex,Y,SBrkr,907.0,0.0,0.0,907.0,0.0,0.0,1.0,0.0,3.0,1.0,TA,5.0,Typ,0.0,Gd,Detchd,1964.0,Unf,1.0,352.0,TA,TA,Y,0.0,0.0,0.0,0.0,0.0,0.0,Gd,MnPrv,Shed,0.0,7.0,2008.0,WD,Normal,109008.0,-1.0000296406336777,0.0,极低
429.0,20.0,RL,64.0,6762.0,Pave,Grvl,Reg,Lvl,AllPub,Inside,Gtl,CollgCr,Norm,Norm,1Fam,1Story,7.0,5.0,2007.0,2007.0,Gable,CompShg,VinylSd,VinylSd,BrkFace,108.0,Gd,TA,PConc,Gd,TA,No,GLQ,664.0,Unf,0.0,544.0,1208.0,GasA,Ex,Y,SBrkr,1208.0,0.0,0.0,1208.0,1.0,0.0,2.0,0.0,2.0,1.0,Gd,6.0,Typ,0.0,Gd,Attchd,2007.0,RFn,2.0,628.0,TA,TA,Y,105.0,54.0,0.0,0.0,0.0,0.0,Gd,MnPrv,Shed,0.0,9.0,2007.0,New,Partial,195400.0,0.3222670724787972,3.0,高
430.0,20.0,RL,130.0,11457.0,Pave,Grvl,IR1,Lvl,AllPub,Corner,Gtl,Timber,Norm,Norm,1Fam,1Story,6.0,5.0,1988.0,1988.0,Gable,CompShg,HdBoard,HdBoard,BrkFace,0.0,TA,TA,CBlock,Gd,TA,Mn,GLQ,1005.0,Unf,0.0,387.0,1392.0,GasA,TA,Y,SBrkr,1412.0,0.0,0.0,1412.0,1.0,0.0,2.0,0.0,3.0,1.0,Gd,6.0,Typ,1.0,TA,Attchd,1988.0,Unf,2.0,576.0,TA,TA,Y,0.0,0.0,169.0,0.0,0.0,0.0,Gd,MnPrv,Shed,0.0,3.0,2009.0,WD,Normal,175000.0,0.010029215414549505,3.0,高
431.0,160.0,RM,21.0,1680.0,Pave,Grvl,Reg,Lvl,AllPub,Inside,Gtl,BrDale,Norm,Norm,Twnhs,2Story,6.0,5.0,1971.0,1971.0,Gable,CompShg,HdBoard,HdBoard,BrkFace,232.0,TA,TA,CBlock,TA,TA,No,ALQ,387.0,Unf,0.0,96.0,483.0,GasA,TA,Y,SBrkr,483.0,504.0,0.0,987.0,0.0,0.0,1.0,1.0,2.0,1.0,TA,4.0,Typ,0.0,Gd,Detchd,1971.0,Unf,1.0,264.0,TA,TA,Y,0.0,0.0,0.0,0.0,0.0,0.0,Gd,MnPrv,Shed,0.0,7.0,2008.0,COD,Abnorml,85400.0,-1.361368431299009,0.0,极低
432.0,50.0,RM,60.0,5586.0,Pave,Grvl,IR1,Bnk,AllPub,Inside,Gtl,OldTown,Feedr,Norm,1Fam,1.5Fin,6.0,7.0,1920.0,1998.0,Gable,CompShg,MetalSd,MetalSd,BrkFace,0.0,TA,TA,BrkTil,TA,TA,No,Unf,0.0,Unf,0.0,901.0,901.0,GasA,Gd,Y,SBrkr,1088.0,110.0,0.0,1198.0,0.0,0.0,1.0,0.0,4.0,1.0,TA,7.0,Typ,0.0,Gd,Attchd,1941.6,Unf,0.0,0.0,TA,TA,N,0.0,98.0,0.0,0.0,0.0,0.0,Gd,MnPrv,Shed,0.0,9.0,2008.0,ConLD,Abnorml,79900.0,-1.4455502064878996,0.0,极低
433.0,160.0,RM,24.0,1920.0,Pave,Grvl,Reg,Lvl,AllPub,Inside,Gtl,BrDale,Norm,Norm,TwnhsE,2Story,5.0,5.0,1971.0,1971.0,Gable,CompShg,HdBoard,HdBoard,BrkFace,376.0,TA,TA,CBlock,TA,TA,No,ALQ,471.0,Unf,0.0,294.0,765.0,GasA,Ex,Y,SBrkr,765.0,600.0,0.0,1365.0,1.0,0.0,1.0,1.0,2.0,1.0,TA,6.0,Min1,0.0,Gd,Detchd,1971.0,Unf,2.0,440.0,TA,TA,Y,240.0,36.0,0.0,0.0,0.0,0.0,Gd,MnPrv,Shed,0.0,8.0,2007.0,WD,Normal,122500.0,-0.7935240932066763,0.0,极低
434.0,60.0,RL,100.0,10839.0,Pave,Grvl,IR1,Lvl,AllPub,Corner,Gtl,Gilbert,Norm,Norm,1Fam,2Story,6.0,5.0,1997.0,1998.0,Gable,CompShg,VinylSd,VinylSd,BrkFace,0.0,TA,TA,PConc,Gd,TA,No,Unf,0.0,Unf,0.0,926.0,926.0,GasA,Ex,Y,SBrkr,926.0,678.0,0.0,1604.0,0.0,0.0,2.0,1.0,3.0,1.0,TA,7.0,Typ,1.0,TA,Attchd,1997.0,Fin,2.0,470.0,TA,TA,Y,0.0,36.0,0.0,0.0,0.0,0.0,Gd,MnPrv,Shed,0.0,7.0,2008.0,WD,Normal,181000.0,0.1018638792569753,3.0,高
435.0,180.0,RM,21.0,1890.0,Pave,Grvl,Reg,Lvl,AllPub,Inside,Gtl,MeadowV,Norm,Norm,Twnhs,SFoyer,4.0,7.0,1972.0,1972.0,Gable,CompShg,CemntBd,CmentBd,BrkFace,0.0,TA,Gd,CBlock,Gd,TA,Av,ALQ,495.0,Unf,0.0,135.0,630.0,GasA,Gd,Y,SBrkr,630.0,0.0,0.0,630.0,1.0,0.0,1.0,0.0,1.0,1.0,TA,3.0,Typ,0.0,Gd,Attchd,1960.2,Unf,0.0,0.0,TA,TA,Y,88.0,0.0,0.0,0.0,0.0,0.0,Gd,MnPrv,Shed,0.0,6.0,2008.0,WD,Normal,81000.0,-1.4287138514501214,0.0,极低
436.0,60.0,RL,43.0,10667.0,Pave,Grvl,IR2,Lvl,AllPub,CulDSac,Gtl,CollgCr,PosN,Norm,1Fam,2Story,7.0,6.0,1996.0,1996.0,Gable,CompShg,VinylSd,VinylSd,BrkFace,0.0,Gd,TA,PConc,Gd,TA,Av,GLQ,385.0,ALQ,344.0,70.0,799.0,GasA,Ex,Y,SBrkr,827.0,834.0,0.0,1661.0,1.0,0.0,2.0,1.0,3.0,1.0,Gd,6.0,Typ,1.0,TA,Attchd,1996.0,RFn,2.0,550.0,TA,TA,Y,158.0,61.0,0.0,0.0,0.0,0.0,Gd,MnPrv,Shed,0.0,4.0,2009.0,ConLw,Normal,212000.0,0.5763429757761753,3.0,高
437.0,50.0,RM,40.0,4400.0,Pave,Grvl,Reg,Lvl,AllPub,Inside,Gtl,OldTown,Norm,Norm,1Fam,1.5Fin,6.0,8.0,1920.0,1950.0,Gable,CompShg,Stucco,Stucco,BrkFace,0.0,TA,TA,BrkTil,Fa,TA,No,Unf,0.0,Unf,0.0,648.0,648.0,GasA,TA,Y,FuseA,734.0,384.0,0.0,1118.0,0.0,0.0,1.0,0.0,2.0,1.0,TA,6.0,Typ,0.0,Gd,Detchd,1990.0,Unf,2.0,440.0,TA,TA,Y,0.0,0.0,0.0,0.0,0.0,0.0,Gd,MnPrv,Shed,0.0,10.0,2006.0,WD,Normal,116000.0,-0.8930116457026376,0.0,极低
438.0,45.0,RM,50.0,6000.0,Pave,Grvl,Reg,Lvl,AllPub,Inside,Gtl,BrkSide,Norm,Norm,1Fam,1.5Unf,6.0,7.0,1926.0,2004.0,Gable,CompShg,Wd Sdng,Wd Sdng,BrkFace,0.0,Gd,TA,PConc,TA,TA,No,Unf,0.0,Unf,0.0,884.0,884.0,GasA,Gd,Y,SBrkr,904.0,0.0,0.0,904.0,0.0,0.0,1.0,0.0,2.0,1.0,TA,4.0,Typ,0.0,Gd,Detchd,1926.0,Unf,1.0,180.0,TA,TA,Y,0.0,0.0,105.0,0.0,0.0,0.0,Gd,MnPrv,Shed,0.0,1.0,2009.0,WD,Normal,119000.0,-0.8470943137814246,0.0,极低
439.0,30.0,RL,40.0,4280.0,Pave,Grvl,Reg,Lvl,AllPub,Inside,Gtl,Crawfor,Norm,Norm,1Fam,1Story,5.0,6.0,1913.0,2002.0,Gable,CompShg,WdShing,Stucco,BrkFace,0.0,TA,TA,PConc,TA,TA,No,LwQ,365.0,Unf,0.0,75.0,440.0,GasA,TA,N,SBrkr,694.0,0.0,0.0,694.0,0.0,0.0,1.0,0.0,2.0,1.0,Gd,4.0,Typ,1.0,Gd,Detchd,1990.0,Unf,1.0,352.0,Gd,TA,P,0.0,0.0,34.0,0.0,0.0,0.0,Gd,MnPrv,Shed,0.0,3.0,2007.0,WD,Normal,90350.0,-1.2856048336290078,0.0,极低
440.0,50.0,RL,67.0,12354.0,Pave,Grvl,Reg,Lvl,AllPub,Corner,Gtl,Edwards,Norm,Norm,1Fam,1.5Fin,6.0,8.0,1920.0,2000.0,Gable,CompShg,Wd Sdng,Wd Sdng,BrkFace,0.0,TA,TA,BrkTil,TA,Fa,Mn,Unf,0.0,Unf,0.0,684.0,684.0,GasA,Gd,Y,SBrkr,684.0,512.0,0.0,1196.0,0.0,0.0,1.0,0.0,3.0,1.0,Gd,7.0,Typ,0.0,Gd,Detchd,2005.0,Unf,2.0,528.0,TA,TA,Y,0.0,46.0,0.0,0.0,0.0,0.0,Gd,GdPrv,Shed,800.0,8.0,2009.0,ConLI,Normal,110000.0,-0.9848463095450634,0.0,极低
730.5,50.0,RL,70.0,9478.5,Pave,Grvl,Reg,Lvl,AllPub,Inside,Gtl,NridgHt,Norm,Norm,1Fam,1Story,6.0,5.0,1973.0,1994.0,Hip,CompShg,VinylSd,VinylSd,Stone,0.0,Ex,TA,PConc,Ex,TA,Gd,GLQ,383.5,ALQ,0.0,477.5,991.5,GasA,Ex,Y,SBrkr,1087.0,0.0,0.0,1464.0,0.0,0.0,2.0,0.0,3.0,1.0,Ex,6.0,Typ,1.0,Gd,Attchd,1978.0,Fin,2.0,480.0,TA,TA,Y,0.0,25.0,0.0,0.0,0.0,0.0,Gd,MnPrv,Shed,0.0,6.0,2008.0,WD,Normal,163000.0,-0.1736401122703021,2.0,中
442.0,90.0,RL,92.0,12108.0,Pave,Grvl,Reg,Lvl,AllPub,Inside,Gtl,Edwards,Norm,Norm,Duplex,1Story,4.0,4.0,1955.0,1955.0,Gable,CompShg,VinylSd,VinylSd,BrkFace,270.0,TA,TA,CBlock,TA,TA,No,ALQ,133.0,Unf,0.0,1307.0,1440.0,GasA,TA,N,FuseF,1440.0,0.0,0.0,1440.0,0.0,0.0,2.0,0.0,4.0,2.0,Fa,8.0,Typ,0.0,Gd,Attchd,1967.4,Unf,0.0,0.0,TA,TA,Y,0.0,0.0,0.0,0.0,0.0,0.0,Gd,MnPrv,Shed,0.0,9.0,2008.0,WD,Normal,118000.0,-0.8624000910884956,0.0,极低
443.0,50.0,RM,52.0,6240.0,Pave,Grvl,Reg,Lvl,AllPub,Inside,Gtl,BrkSide,Norm,Norm,1Fam,1.5Fin,5.0,7.0,1930.0,1992.0,Gable,CompShg,MetalSd,MetalSd,BrkFace,0.0,TA,TA,PConc,TA,TA,No,Unf,0.0,Unf,0.0,1078.0,1078.0,GasA,TA,Y,SBrkr,1128.0,445.0,0.0,1573.0,0.0,0.0,2.0,0.0,3.0,1.0,TA,8.0,Typ,1.0,Gd,Detchd,1930.0,Unf,2.0,360.0,TA,TA,P,0.0,0.0,0.0,0.0,0.0,0.0,Gd,MnPrv,Shed,0.0,6.0,2008.0,WD,Normal,162900.0,-0.1751706900010092,2.0,中
444.0,120.0,RL,53.0,3922.0,Pave,Grvl,Reg,Lvl,AllPub,Inside,Gtl,Blmngtn,Norm,Norm,TwnhsE,1Story,7.0,5.0,2006.0,2007.0,Gable,CompShg,WdShing,Wd Shng,BrkFace,72.0,Gd,TA,PConc,Ex,TA,Av,Unf,0.0,Unf,0.0,1258.0,1258.0,GasA,Ex,Y,SBrkr,1258.0,0.0,0.0,1258.0,0.0,0.0,2.0,0.0,2.0,1.0,Gd,6.0,Typ,1.0,Gd,Attchd,2007.0,Fin,3.0,648.0,TA,TA,Y,144.0,16.0,0.0,0.0,0.0,0.0,Gd,MnPrv,Shed,0.0,6.0,2007.0,New,Partial,172500.0,-0.028235227853127914,3.0,高
445.0,60.0,RL,70.0,8750.0,Pave,Grvl,Reg,Lvl,AllPub,Inside,Gtl,CollgCr,Norm,Norm,1Fam,2Story,7.0,5.0,1994.0,1995.0,Gable,CompShg,VinylSd,VinylSd,BrkFace,0.0,Gd,Gd,PConc,Gd,TA,No,GLQ,642.0,Unf,0.0,273.0,915.0,GasA,Ex,Y,SBrkr,933.0,975.0,0.0,1908.0,1.0,0.0,2.0,1.0,4.0,1.0,Gd,8.0,Typ,1.0,TA,Attchd,1994.0,Unf,2.0,493.0,TA,TA,Y,144.0,133.0,0.0,0.0,0.0,0.0,Gd,MnPrv,Shed,0.0,7.0,2008.0,WD,Normal,210000.0,0.5457314211620333,3.0,高
446.0,20.0,RL,73.0,9855.0,Pave,Grvl,Reg,Lvl,AllPub,Corner,Gtl,Edwards,Norm,Norm,1Fam,1Story,6.0,5.0,1956.0,1956.0,Hip,CompShg,Wd Sdng,Wd Sdng,BrkFace,0.0,TA,TA,CBlock,TA,TA,No,Unf,0.0,Unf,0.0,1436.0,1436.0,GasA,Fa,Y,SBrkr,1689.0,0.0,0.0,1689.0,0.0,0.0,1.0,0.0,3.0,1.0,TA,7.0,Typ,1.0,Gd,Attchd,1956.0,Unf,2.0,480.0,TA,TA,Y,0.0,0.0,0.0,0.0,0.0,0.0,Gd,MnPrv,Shed,0.0,11.0,2009.0,COD,Normal,127500.0,-0.7169952066713214,1.0,低
447.0,20.0,RL,137.0,16492.0,Pave,Grvl,IR1,Lvl,AllPub,Corner,Gtl,NAmes,PosA,Norm,1Fam,1Story,6.0,6.0,1966.0,2002.0,Gable,CompShg,BrkFace,Plywood,BrkFace,0.0,Gd,TA,CBlock,TA,TA,No,ALQ,247.0,Rec,713.0,557.0,1517.0,GasA,Ex,Y,SBrkr,1888.0,0.0,0.0,1888.0,0.0,0.0,2.0,1.0,2.0,1.0,Gd,6.0,Mod,1.0,Gd,Attchd,1966.0,Fin,2.0,578.0,TA,TA,Y,0.0,0.0,0.0,0.0,0.0,0.0,Gd,MnPrv,Shed,0.0,6.0,2010.0,WD,Normal,190000.0,0.23961587502061402,3.0,高
448.0,60.0,RL,82.2,11214.0,Pave,Grvl,IR1,Lvl,AllPub,Corner,Gtl,Gilbert,Norm,Norm,1Fam,2Story,7.0,5.0,1998.0,1999.0,Gable,CompShg,VinylSd,VinylSd,BrkFace,0.0,Gd,TA,PConc,Gd,TA,No,Unf,0.0,Unf,0.0,930.0,930.0,GasA,Gd,Y,SBrkr,956.0,930.0,0.0,1886.0,0.0,0.0,2.0,1.0,4.0,1.0,Gd,10.0,Typ,1.0,TA,Attchd,1998.0,Fin,2.0,431.0,TA,TA,Y,89.0,0.0,0.0,0.0,0.0,0.0,Gd,MnPrv,Shed,0.0,7.0,2006.0,WD,Normal,199900.0,0.3911430703606166,3.0,高
449.0,50.0,RM,50.0,8600.0,Pave,Grvl,Reg,Bnk,AllPub,Inside,Gtl,IDOTRR,Norm,Norm,1Fam,1.5Fin,6.0,6.0,1937.0,1950.0,Gable,CompShg,MetalSd,MetalSd,BrkFace,0.0,TA,TA,BrkTil,TA,TA,No,Unf,0.0,Unf,0.0,780.0,780.0,GasA,TA,Y,SBrkr,780.0,596.0,0.0,1376.0,0.0,0.0,2.0,0.0,3.0,1.0,TA,7.0,Typ,1.0,Gd,Detchd,1937.0,Unf,1.0,198.0,TA,TA,N,0.0,0.0,0.0,0.0,0.0,0.0,Gd,MnPrv,Shed,0.0,6.0,2006.0,WD,Normal,119500.0,-0.8394414251278892,0.0,极低
450.0,50.0,RM,50.0,6000.0,Pave,Grvl,Reg,Lvl,AllPub,Inside,Gtl,OldTown,Norm,Norm,1Fam,1.5Fin,3.0,7.0,1948.0,2002.0,Gable,CompShg,MetalSd,MetalSd,BrkFace,0.0,TA,Gd,CBlock,TA,TA,No,ALQ,331.0,Unf,0.0,318.0,649.0,GasA,Ex,Y,SBrkr,679.0,504.0,0.0,1183.0,0.0,0.0,1.0,1.0,2.0,1.0,TA,6.0,Typ,0.0,Gd,Detchd,1981.0,Unf,1.0,308.0,TA,TA,Y,0.0,176.0,0.0,0.0,0.0,0.0,Gd,MnPrv,Shed,0.0,6.0,2007.0,WD,Normal,120000.0,-0.8317885364743537,0.0,极低
451.0,30.0,RM,70.0,5684.0,Pave,Grvl,Reg,Lvl,AllPub,Inside,Gtl,OldTown,Norm,Norm,1Fam,1Story,6.0,8.0,1930.0,2005.0,Hip,CompShg,Wd Sdng,Wd Sdng,BrkFace,0.0,TA,TA,BrkTil,TA,TA,No,Unf,0.0,Unf,0.0,813.0,813.0,GasA,Ex,Y,FuseA,813.0,0.0,0.0,813.0,0.0,0.0,1.0,0.0,2.0,1.0,Gd,5.0,Typ,0.0,Gd,Detchd,1932.0,Unf,1.0,270.0,Fa,Fa,N,0.0,113.0,0.0,0.0,0.0,0.0,Gd,MnPrv,Shed,0.0,6.0,2006.0,WD,Normal,110000.0,-0.9848463095450634,0.0,极低
452.0,20.0,RL,62.0,70761.0,Pave,Grvl,IR1,Low,AllPub,Inside,Mod,ClearCr,Norm,Norm,1Fam,1Story,7.0,5.0,1975.0,1975.0,Gable,WdShngl,Plywood,Plywood,BrkFace,0.0,TA,TA,CBlock,Gd,TA,Gd,ALQ,655.0,Unf,0.0,878.0,1533.0,GasA,TA,Y,SBrkr,1533.0,0.0,0.0,1533.0,1.0,0.0,2.0,0.0,2.0,1.0,Gd,5.0,Typ,2.0,TA,Attchd,1975.0,Unf,2.0,576.0,TA,TA,Y,200.0,54.0,0.0,0.0,0.0,0.0,Gd,MnPrv,Shed,0.0,12.0,2006.0,WD,Normal,280000.0,1.6171358326570011,4.0,极高
453.0,60.0,RL,73.6,9303.0,Pave,Grvl,IR1,Lvl,AllPub,Corner,Gtl,Timber,Norm,Norm,1Fam,2Story,6.0,5.0,1996.0,1997.0,Hip,CompShg,VinylSd,VinylSd,BrkFace,42.0,Gd,TA,PConc,Ex,TA,No,ALQ,742.0,Unf,0.0,130.0,872.0,GasA,Ex,Y,SBrkr,888.0,868.0,0.0,1756.0,1.0,0.0,2.0,1.0,3.0,1.0,TA,7.0,Typ,0.0,Gd,Attchd,1996.0,Fin,2.0,422.0,TA,TA,Y,144.0,122.0,0.0,0.0,0.0,0.0,Gd,MnPrv,Shed,0.0,7.0,2007.0,WD,Normal,204000.0,0.45389675731960755,3.0,高
454.0,60.0,FV,75.0,9000.0,Pave,Grvl,Reg,Lvl,AllPub,Inside,Gtl,Somerst,Norm,Norm,1Fam,2Story,8.0,5.0,2008.0,2008.0,Gable,CompShg,VinylSd,VinylSd,BrkFace,0.0,Gd,TA,PConc,Gd,TA,No,Unf,0.0,Unf,0.0,768.0,768.0,GasA,Ex,Y,SBrkr,786.0,804.0,0.0,1590.0,0.0,0.0,2.0,1.0,3.0,1.0,Gd,6.0,Typ,0.0,Gd,Attchd,2008.0,RFn,2.0,676.0,TA,TA,Y,0.0,30.0,0.0,0.0,0.0,0.0,Gd,MnPrv,Shed,0.0,6.0,2009.0,WD,Normal,210000.0,0.5457314211620333,3.0,高
730.5,50.0,RL,70.0,9478.5,Pave,Grvl,Reg,Lvl,AllPub,Inside,Gtl,Mitchel,Norm,Norm,Duplex,1Story,6.0,5.0,1973.0,1994.0,Gable,CompShg,Plywood,Plywood,BrkFace,0.0,TA,TA,CBlock,TA,TA,No,ALQ,383.5,Unf,0.0,477.5,991.5,GasA,TA,Y,SBrkr,1087.0,0.0,0.0,1464.0,0.0,0.0,2.0,0.0,3.0,1.0,TA,6.0,Typ,1.0,Gd,Detchd,1978.0,Unf,2.0,480.0,TA,TA,Y,0.0,25.0,0.0,0.0,0.0,0.0,Gd,MnPrv,Shed,0.0,6.0,2008.0,WD,Family,163000.0,-0.1736401122703021,2.0,中
456.0,20.0,RL,80.0,9600.0,Pave,Grvl,Reg,Lvl,AllPub,Inside,Gtl,NWAmes,Norm,Norm,1Fam,1Story,7.0,6.0,1973.0,1973.0,Hip,CompShg,HdBoard,HdBoard,BrkFace,320.0,TA,TA,CBlock,TA,TA,No,ALQ,916.0,Unf,0.0,326.0,1242.0,GasA,Fa,Y,SBrkr,1242.0,0.0,0.0,1242.0,0.0,0.0,1.0,1.0,3.0,1.0,TA,6.0,Typ,1.0,TA,Attchd,1973.0,Unf,2.0,528.0,TA,TA,Y,0.0,0.0,0.0,0.0,0.0,0.0,Gd,MnPrv,Shed,0.0,9.0,2007.0,WD,Normal,175500.0,0.01768210406808499,3.0,高
457.0,70.0,RM,34.0,4571.0,Pave,Grvl,Reg,Lvl,AllPub,Inside,Gtl,OldTown,Norm,Norm,1Fam,2Story,5.0,5.0,1916.0,1950.0,Gable,CompShg,AsbShng,AsbShng,BrkFace,0.0,TA,TA,BrkTil,TA,TA,No,Unf,0.0,Unf,0.0,624.0,624.0,GasA,Fa,N,SBrkr,624.0,720.0,0.0,1344.0,0.0,0.0,1.0,0.0,4.0,1.0,TA,7.0,Typ,0.0,Gd,Detchd,1916.0,Unf,3.0,513.0,Fa,Fa,Y,0.0,0.0,96.0,0.0,0.0,0.0,Gd,MnPrv,Shed,0.0,5.0,2008.0,COD,Abnorml,98000.0,-1.168515637229915,0.0,极低
458.0,20.0,RL,139.4,53227.0,Pave,Grvl,IR1,Low,AllPub,CulDSac,Mod,ClearCr,Norm,Norm,1Fam,1Story,4.0,6.0,1954.0,1994.0,Flat,Tar&Grv,Plywood,Plywood,BrkFace,0.0,TA,TA,CBlock,Gd,TA,Gd,BLQ,1116.0,Unf,0.0,248.0,1364.0,GasA,Ex,Y,SBrkr,1663.0,0.0,0.0,1663.0,1.0,0.0,1.0,0.0,2.0,1.0,Gd,6.0,Min1,2.0,Gd,Attchd,1954.0,Fin,2.0,529.0,TA,TA,Y,224.0,137.0,0.0,0.0,0.0,0.0,Gd,MnPrv,Shed,0.0,3.0,2008.0,WD,Normal,256000.0,1.2497971772872978,4.0,极高
459.0,70.0,RM,46.4,5100.0,Pave,Grvl,Reg,Lvl,AllPub,Inside,Gtl,OldTown,Norm,Norm,1Fam,2Story,8.0,7.0,1925.0,1996.0,Hip,CompShg,Stucco,Wd Shng,BrkFace,0.0,TA,Gd,PConc,TA,TA,No,Unf,0.0,Unf,0.0,588.0,588.0,GasA,Fa,Y,SBrkr,833.0,833.0,0.0,1666.0,0.0,0.0,1.0,0.0,3.0,1.0,Gd,7.0,Typ,1.0,Gd,Detchd,1925.0,Unf,1.0,228.0,TA,TA,Y,192.0,63.0,0.0,0.0,0.0,0.0,Gd,MnPrv,Shed,0.0,6.0,2008.0,WD,Normal,161000.0,-0.20425166688444404,2.0,中
460.0,50.0,RL,65.0,7015.0,Pave,Grvl,IR1,Bnk,AllPub,Corner,Gtl,BrkSide,Norm,Norm,1Fam,1.5Fin,5.0,4.0,1950.0,1950.0,Gable,CompShg,MetalSd,MetalSd,BrkCmn,161.0,TA,TA,CBlock,TA,TA,No,LwQ,185.0,Unf,0.0,524.0,709.0,GasA,TA,Y,SBrkr,979.0,224.0,0.0,1203.0,1.0,0.0,1.0,0.0,3.0,1.0,Gd,5.0,Typ,1.0,TA,Detchd,1950.0,Unf,1.0,352.0,TA,TA,Y,0.0,0.0,248.0,0.0,0.0,0.0,Gd,MnPrv,Shed,0.0,7.0,2009.0,WD,Normal,110000.0,-0.9848463095450634,0.0,极低
461.0,60.0,FV,75.0,8004.0,Pave,Grvl,IR1,Lvl,AllPub,Inside,Gtl,Somerst,RRAn,Norm,1Fam,2Story,8.0,5.0,2009.0,2009.0,Gable,CompShg,VinylSd,VinylSd,Stone,110.0,Gd,TA,PConc,Gd,TA,No,GLQ,544.0,Unf,0.0,288.0,832.0,GasA,Ex,Y,SBrkr,832.0,1103.0,0.0,1935.0,1.0,0.0,2.0,1.0,3.0,1.0,TA,8.0,Typ,0.0,Gd,BuiltIn,2009.0,Fin,2.0,552.0,TA,TA,Y,0.0,150.0,0.0,0.0,0.0,0.0,Gd,MnPrv,Shed,0.0,12.0,2009.0,New,Partial,263435.0,1.3635956315653706,4.0,极高
462.0,70.0,RL,60.0,7200.0,Pave,Grvl,Reg,Lvl,AllPub,Inside,Gtl,SWISU,Feedr,Norm,1Fam,2Story,7.0,9.0,1936.0,2007.0,Gable,CompShg,Wd Sdng,Wd Sdng,BrkFace,0.0,Gd,Gd,PConc,Gd,Gd,No,ALQ,350.0,BLQ,210.0,0.0,560.0,GasA,Ex,Y,SBrkr,575.0,560.0,0.0,1135.0,1.0,0.0,1.0,0.0,3.0,1.0,Gd,6.0,Typ,0.0,Gd,Detchd,1971.0,RFn,2.0,576.0,TA,TA,Y,256.0,0.0,0.0,0.0,0.0,0.0,Gd,MnPrv,Shed,0.0,4.0,2009.0,WD,Normal,155000.0,-0.29608633072686985,2.0,中
463.0,20.0,RL,60.0,8281.0,Pave,Grvl,IR1,Lvl,AllPub,Inside,Gtl,Sawyer,Norm,Norm,1Fam,1Story,5.0,5.0,1965.0,1965.0,Gable,CompShg,MetalSd,MetalSd,BrkFace,0.0,TA,TA,CBlock,TA,TA,No,Rec,553.0,BLQ,311.0,0.0,864.0,GasA,Gd,Y,SBrkr,864.0,0.0,0.0,864.0,0.0,0.0,1.0,0.0,3.0,1.0,TA,5.0,Typ,1.0,Po,Detchd,1965.0,Unf,1.0,360.0,TA,TA,Y,0.0,0.0,236.0,0.0,0.0,0.0,Gd,GdWo,Shed,0.0,12.0,2009.0,WD,Normal,62383.0,-1.7136615075758617,0.0,极低
464.0,70.0,RL,74.0,11988.0,Pave,Grvl,IR1,HLS,AllPub,Inside,Mod,Crawfor,Norm,Norm,1Fam,2Story,6.0,7.0,1934.0,1995.0,Hip,CompShg,Stucco,Stucco,BrkFace,0.0,TA,TA,CBlock,TA,TA,No,LwQ,326.0,Unf,0.0,389.0,715.0,GasA,Fa,Y,FuseA,849.0,811.0,0.0,1660.0,0.0,0.0,1.0,1.0,3.0,1.0,TA,6.0,Typ,1.0,Gd,Detchd,1939.0,Unf,1.0,240.0,TA,TA,Y,0.0,0.0,0.0,0.0,0.0,0.0,Gd,MnPrv,Shed,0.0,8.0,2008.0,WD,Normal,188700.0,0.21971836452142177,3.0,高
465.0,20.0,RL,60.0,8430.0,Pave,Grvl,Reg,HLS,AllPub,Inside,Mod,CollgCr,Norm,Norm,1Fam,1Story,5.0,5.0,1978.0,1978.0,Gable,CompShg,HdBoard,HdBoard,BrkFace,136.0,TA,TA,CBlock,Gd,TA,No,Rec,616.0,Unf,0.0,424.0,1040.0,GasA,TA,Y,SBrkr,1040.0,0.0,0.0,1040.0,0.0,0.0,2.0,0.0,3.0,1.0,TA,5.0,Typ,0.0,Gd,Attchd,1971.8,Unf,0.0,0.0,TA,TA,Y,0.0,0.0,0.0,0.0,0.0,0.0,Gd,MnPrv,Shed,0.0,8.0,2009.0,WD,Normal,124000.0,-0.7705654272460698,0.0,极低
466.0,120.0,RM,38.6,3072.0,Pave,Grvl,Reg,Lvl,AllPub,Inside,Gtl,Blmngtn,Norm,Norm,TwnhsE,1Story,7.0,5.0,2004.0,2004.0,Hip,CompShg,VinylSd,VinylSd,BrkFace,18.0,Gd,TA,PConc,Gd,TA,No,Unf,0.0,Unf,0.0,1375.0,1375.0,GasA,Ex,Y,SBrkr,1414.0,0.0,0.0,1414.0,0.0,0.0,2.0,0.0,2.0,1.0,Gd,6.0,Typ,1.0,TA,Attchd,2004.0,Fin,2.0,398.0,TA,TA,Y,144.0,20.0,0.0,0.0,0.0,0.0,Gd,MnPrv,Shed,0.0,5.0,2006.0,WD,Normal,178740.0,0.06727282254299492,3.0,高
467.0,20.0,RL,85.0,10628.0,Pave,Grvl,Reg,Lvl,AllPub,Inside,Gtl,NAmes,Norm,Norm,1Fam,1Story,7.0,5.0,1970.0,1970.0,Flat,Tar&Grv,Plywood,Plywood,BrkFace,0.0,TA,Gd,CBlock,TA,Gd,Gd,GLQ,778.0,Unf,0.0,499.0,1277.0,GasA,TA,Y,SBrkr,1277.0,0.0,0.0,1277.0,1.0,0.0,1.0,0.0,2.0,1.0,TA,5.0,Typ,1.0,Po,Attchd,1970.0,Unf,2.0,526.0,TA,TA,Y,0.0,0.0,0.0,0.0,176.0,0.0,Gd,GdWo,Shed,0.0,4.0,2007.0,WD,Normal,167000.0,-0.11241700304201824,2.0,中
468.0,70.0,RL,79.0,9480.0,Pave,Grvl,Reg,Lvl,AllPub,Inside,Gtl,NAmes,Artery,Norm,1Fam,2Story,5.0,7.0,1942.0,1995.0,Gable,CompShg,MetalSd,MetalSd,Stone,224.0,TA,TA,CBlock,TA,TA,No,LwQ,386.0,Unf,0.0,342.0,728.0,GasA,Ex,Y,SBrkr,888.0,756.0,0.0,1644.0,0.0,0.0,1.0,1.0,3.0,1.0,Gd,7.0,Typ,2.0,Gd,Attchd,1942.0,Unf,1.0,312.0,TA,TA,Y,168.0,0.0,0.0,0.0,0.0,0.0,Gd,MnPrv,Shed,0.0,6.0,2007.0,WD,Normal,146500.0,-0.42618543783697305,1.0,低
469.0,20.0,RL,98.0,11428.0,Pave,Grvl,IR1,Lvl,AllPub,Inside,Gtl,NridgHt,Norm,Norm,1Fam,1Story,8.0,5.0,2006.0,2006.0,Gable,CompShg,VinylSd,VinylSd,Stone,248.0,Gd,TA,PConc,Gd,TA,No,Unf,0.0,Unf,0.0,1626.0,1626.0,GasA,Ex,Y,SBrkr,1634.0,0.0,0.0,1634.0,0.0,0.0,2.0,0.0,3.0,1.0,Gd,7.0,Typ,1.0,Gd,Attchd,2006.0,RFn,3.0,866.0,TA,TA,Y,0.0,44.0,0.0,0.0,0.0,0.0,Gd,MnPrv,Shed,0.0,5.0,2007.0,WD,Normal,250000.0,1.157962513444872,4.0,极高
470.0,60.0,RL,76.0,9291.0,Pave,Grvl,IR1,Lvl,AllPub,Corner,Gtl,SawyerW,RRNe,Norm,1Fam,2Story,6.0,5.0,1993.0,1993.0,Gable,CompShg,HdBoard,HdBoard,BrkFace,120.0,Gd,TA,PConc,Gd,TA,No,GLQ,426.0,Unf,0.0,406.0,832.0,GasA,Ex,Y,SBrkr,832.0,878.0,0.0,1710.0,0.0,0.0,2.0,1.0,3.0,1.0,Gd,7.0,Typ,0.0,Gd,Attchd,1993.0,RFn,2.0,506.0,TA,TA,Y,144.0,70.0,0.0,0.0,0.0,0.0,Gd,MnPrv,Shed,0.0,6.0,2008.0,WD,Normal,187000.0,0.19369854309940113,3.0,高
471.0,120.0,RL,64.2,6820.0,Pave,Grvl,IR1,Lvl,AllPub,Corner,Gtl,StoneBr,Norm,Norm,TwnhsE,1Story,8.0,5.0,1985.0,1985.0,Gable,CompShg,HdBoard,HdBoard,BrkFace,0.0,Gd,TA,PConc,Gd,TA,Av,GLQ,368.0,BLQ,1120.0,0.0,1488.0,GasA,TA,Y,SBrkr,1502.0,0.0,0.0,1502.0,1.0,0.0,1.0,1.0,1.0,1.0,Gd,4.0,Typ,0.0,Gd,Attchd,1985.0,RFn,2.0,528.0,TA,TA,Y,0.0,54.0,0.0,0.0,140.0,0.0,Gd,MnPrv,Shed,0.0,6.0,2010.0,WD,Normal,212000.0,0.5763429757761753,3.0,高
472.0,60.0,RL,92.0,11952.0,Pave,Grvl,Reg,Lvl,AllPub,Inside,Gtl,NWAmes,PosA,Norm,1Fam,2Story,7.0,6.0,1977.0,1977.0,Mansard,WdShake,WdShing,Plywood,BrkFace,0.0,TA,TA,CBlock,Gd,TA,No,Unf,0.0,Unf,0.0,808.0,808.0,GasA,TA,Y,SBrkr,1161.0,808.0,0.0,1969.0,0.0,0.0,2.0,1.0,3.0,1.0,TA,8.0,Typ,1.0,Gd,Attchd,1977.0,RFn,2.0,534.0,TA,TA,Y,0.0,0.0,0.0,0.0,276.0,0.0,Gd,MnPrv,Shed,0.0,11.0,2007.0,WD,Normal,190000.0,0.23961587502061402,3.0,高
473.0,180.0,RM,35.0,3675.0,Pave,Grvl,Reg,Lvl,AllPub,Inside,Gtl,Edwards,Norm,Norm,TwnhsE,SLvl,6.0,5.0,2005.0,2005.0,Gable,CompShg,VinylSd,VinylSd,BrkFace,80.0,TA,TA,PConc,Gd,TA,Gd,GLQ,459.0,Unf,0.0,88.0,547.0,GasA,Ex,Y,SBrkr,1072.0,0.0,0.0,1072.0,1.0,0.0,1.0,0.0,2.0,1.0,TA,5.0,Typ,0.0,Gd,Basment,2005.0,RFn,2.0,525.0,TA,TA,Y,0.0,28.0,0.0,0.0,0.0,0.0,Gd,MnPrv,Shed,0.0,6.0,2008.0,WD,Normal,148000.0,-0.40322677187636663,1.0,低
474.0,20.0,RL,110.0,14977.0,Pave,Grvl,IR1,Lvl,AllPub,Inside,Gtl,NridgHt,Norm,Norm,1Fam,1Story,8.0,5.0,2006.0,2007.0,Gable,CompShg,VinylSd,VinylSd,BrkFace,304.0,Gd,TA,PConc,Ex,TA,Gd,GLQ,1350.0,Unf,0.0,626.0,1976.0,GasA,Ex,Y,SBrkr,1976.0,0.0,0.0,1976.0,1.0,0.0,2.0,0.0,2.0,1.0,Gd,7.0,Typ,1.0,Ex,Attchd,2006.0,RFn,3.0,908.0,TA,TA,Y,250.0,63.0,0.0,0.0,0.0,0.0,Gd,MnPrv,Shed,0.0,7.0,2007.0,New,Partial,440000.0,4.066060201788356,4.0,极高
475.0,120.0,RL,41.0,5330.0,Pave,Grvl,Reg,Lvl,AllPub,Inside,Gtl,StoneBr,Norm,Norm,TwnhsE,1Story,8.0,5.0,2000.0,2000.0,Gable,CompShg,CemntBd,CmentBd,BrkFace,0.0,Gd,TA,PConc,Gd,TA,Av,GLQ,1196.0,Unf,0.0,298.0,1494.0,GasA,Ex,Y,SBrkr,1652.0,0.0,0.0,1652.0,1.0,0.0,2.0,0.0,2.0,1.0,Ex,6.0,Typ,0.0,Gd,Attchd,2000.0,RFn,2.0,499.0,TA,TA,Y,96.0,48.0,0.0,0.0,0.0,0.0,Gd,MnPrv,Shed,0.0,8.0,2007.0,WD,Normal,251000.0,1.173268290751943,4.0,极高
476.0,20.0,RL,80.0,8480.0,Pave,Grvl,Reg,Lvl,AllPub,Corner,Gtl,Sawyer,Norm,Norm,1Fam,1Story,5.0,6.0,1963.0,1963.0,Hip,CompShg,HdBoard,HdBoard,BrkFace,0.0,TA,TA,CBlock,TA,TA,No,GLQ,630.0,Unf,0.0,340.0,970.0,GasA,TA,Y,SBrkr,970.0,0.0,0.0,970.0,1.0,0.0,1.0,0.0,2.0,1.0,TA,5.0,Typ,0.0,Gd,Detchd,1996.0,Unf,2.0,624.0,TA,TA,Y,0.0,24.0,0.0,0.0,192.0,0.0,Gd,MnPrv,Shed,0.0,7.0,2007.0,WD,Normal,132500.0,-0.6404663201359666,1.0,低
477.0,20.0,RL,75.0,13125.0,Pave,Grvl,Reg,Lvl,AllPub,Inside,Mod,CollgCr,Norm,Norm,1Fam,1Story,6.0,5.0,1997.0,1998.0,Gable,CompShg,VinylSd,VinylSd,BrkFace,215.0,TA,TA,PConc,Gd,TA,Gd,GLQ,994.0,Unf,0.0,484.0,1478.0,GasA,Ex,Y,SBrkr,1493.0,0.0,0.0,1493.0,1.0,0.0,2.0,0.0,3.0,1.0,Gd,7.0,Typ,1.0,TA,Attchd,1997.0,Fin,2.0,508.0,TA,TA,Y,140.0,39.0,0.0,0.0,0.0,0.0,Gd,MnPrv,Shed,0.0,4.0,2008.0,WD,Normal,208900.0,0.5288950661242553,3.0,高
730.5,50.0,RL,70.0,9478.5,Pave,Grvl,Reg,Lvl,AllPub,Inside,Gtl,NridgHt,Norm,Norm,1Fam,2Story,6.0,5.0,1973.0,1994.0,Hip,CompShg,VinylSd,VinylSd,BrkFace,0.0,Ex,TA,PConc,Gd,TA,Av,Unf,383.5,Unf,0.0,477.5,991.5,GasA,Ex,Y,SBrkr,1087.0,0.0,0.0,1464.0,0.0,0.0,2.0,0.0,3.0,1.0,Ex,6.0,Typ,1.0,Gd,BuiltIn,1978.0,Fin,2.0,480.0,TA,TA,Y,0.0,25.0,0.0,0.0,0.0,0.0,Gd,MnPrv,Shed,0.0,6.0,2008.0,WD,Normal,163000.0,-0.1736401122703021,2.0,中
479.0,20.0,RL,79.0,10637.0,Pave,Grvl,Reg,Lvl,AllPub,Inside,Gtl,CollgCr,Norm,Norm,1Fam,1Story,8.0,5.0,2007.0,2008.0,Hip,CompShg,VinylSd,VinylSd,Stone,336.0,Gd,TA,PConc,Ex,TA,Gd,GLQ,1288.0,Unf,0.0,417.0,1705.0,GasA,Ex,Y,SBrkr,1718.0,0.0,0.0,1718.0,1.0,0.0,2.0,0.0,3.0,1.0,Gd,7.0,Typ,1.0,Gd,Attchd,2007.0,RFn,3.0,826.0,TA,TA,Y,208.0,44.0,0.0,0.0,0.0,0.0,Gd,MnPrv,Shed,0.0,9.0,2009.0,WD,Normal,297000.0,1.8773340468772075,4.0,极高
480.0,30.0,RM,50.0,5925.0,Pave,Grvl,Reg,Bnk,AllPub,Inside,Gtl,OldTown,Norm,Norm,1Fam,1Story,4.0,7.0,1937.0,2000.0,Hip,CompShg,Stucco,Stucco,BrkCmn,435.0,TA,TA,BrkTil,Fa,TA,No,Rec,168.0,Unf,0.0,739.0,907.0,GasA,TA,Y,SBrkr,1131.0,0.0,0.0,1131.0,0.0,0.0,1.0,0.0,2.0,1.0,TA,7.0,Typ,0.0,Gd,Detchd,1995.0,Unf,2.0,672.0,TA,TA,Y,0.0,72.0,0.0,0.0,0.0,0.0,Gd,MnPrv,Shed,0.0,3.0,2007.0,WD,Alloca,89471.0,-1.2990586118819232,0.0,极低
481.0,20.0,RL,98.0,16033.0,Pave,Grvl,IR1,Lvl,AllPub,FR2,Gtl,NridgHt,Norm,Norm,1Fam,1Story,9.0,5.0,2004.0,2005.0,Hip,CompShg,VinylSd,VinylSd,BrkFace,378.0,Gd,TA,PConc,Ex,TA,Gd,GLQ,1261.0,Unf,0.0,572.0,1833.0,GasA,Ex,Y,SBrkr,1850.0,0.0,0.0,1850.0,1.0,0.0,2.0,0.0,3.0,1.0,Gd,8.0,Typ,1.0,Gd,Attchd,2004.0,Fin,3.0,772.0,TA,TA,Y,519.0,112.0,0.0,0.0,0.0,0.0,Gd,MnPrv,Shed,0.0,3.0,2006.0,WD,Normal,326000.0,2.3212015887822655,4.0,极高
482.0,20.0,RL,72.0,11846.0,Pave,Grvl,IR1,HLS,AllPub,Inside,Gtl,NridgHt,Norm,Norm,1Fam,1Story,9.0,5.0,2003.0,2004.0,Hip,CompShg,VinylSd,VinylSd,BrkFace,562.0,Gd,TA,PConc,Ex,TA,Gd,GLQ,1567.0,Unf,0.0,225.0,1792.0,GasA,Ex,Y,SBrkr,1792.0,0.0,0.0,1792.0,1.0,0.0,2.0,0.0,2.0,1.0,Ex,6.0,Typ,1.0,Gd,Attchd,2003.0,Fin,3.0,874.0,TA,TA,Y,206.0,49.0,0.0,0.0,0.0,0.0,Gd,MnPrv,Shed,0.0,8.0,2006.0,WD,Normal,374000.0,3.055878899521672,4.0,极高
483.0,70.0,RM,50.0,2500.0,Pave,Pave,Reg,Lvl,AllPub,Corner,Gtl,OldTown,Norm,Norm,1Fam,2Story,7.0,8.0,1915.0,2005.0,Gable,CompShg,Stucco,Stucco,BrkFace,0.0,Gd,TA,PConc,TA,TA,No,ALQ,299.0,Unf,0.0,611.0,910.0,GasA,Ex,Y,SBrkr,916.0,910.0,0.0,1826.0,1.0,0.0,1.0,1.0,4.0,1.0,Ex,7.0,Min2,1.0,Gd,Attchd,1915.0,Unf,1.0,164.0,Fa,Fa,Y,0.0,0.0,0.0,0.0,0.0,0.0,Gd,MnPrv,Shed,0.0,6.0,2009.0,WD,Normal,155000.0,-0.29608633072686985,2.0,中
484.0,120.0,RM,32.0,4500.0,Pave,Grvl,Reg,Lvl,AllPub,FR2,Gtl,Mitchel,Norm,Norm,Twnhs,1Story,6.0,5.0,1998.0,1998.0,Hip,CompShg,VinylSd,VinylSd,BrkFace,116.0,TA,TA,PConc,Ex,TA,No,GLQ,897.0,Unf,0.0,319.0,1216.0,GasA,Ex,Y,SBrkr,1216.0,0.0,0.0,1216.0,1.0,0.0,2.0,0.0,2.0,1.0,TA,5.0,Typ,0.0,Gd,Attchd,1998.0,Unf,2.0,402.0,TA,TA,Y,0.0,125.0,0.0,0.0,0.0,0.0,Gd,MnPrv,Shed,0.0,5.0,2006.0,WD,Normal,164000.0,-0.15833433496323113,2.0,中
485.0,20.0,RL,69.6,7758.0,Pave,Grvl,IR1,Lvl,AllPub,Corner,Gtl,Sawyer,Norm,Norm,1Fam,1Story,5.0,7.0,1962.0,2001.0,Gable,CompShg,HdBoard,Plywood,BrkFace,0.0,TA,Gd,CBlock,TA,TA,No,ALQ,588.0,Unf,0.0,411.0,999.0,GasA,Gd,Y,SBrkr,999.0,0.0,0.0,999.0,1.0,0.0,1.0,0.0,3.0,1.0,Gd,6.0,Typ,0.0,Gd,Detchd,1963.0,Unf,1.0,264.0,TA,TA,Y,0.0,132.0,0.0,0.0,0.0,0.0,Gd,MnPrv,Shed,0.0,3.0,2007.0,WD,Normal,132500.0,-0.6404663201359666,1.0,低
486.0,20.0,RL,80.0,9600.0,Pave,Grvl,Reg,Lvl,AllPub,Inside,Gtl,NAmes,Norm,Norm,1Fam,1Story,5.0,7.0,1950.0,2007.0,Gable,CompShg,MetalSd,MetalSd,BrkFace,0.0,Gd,TA,CBlock,TA,TA,No,ALQ,607.0,Unf,0.0,506.0,1113.0,GasA,Gd,Y,SBrkr,1113.0,0.0,0.0,1113.0,0.0,0.0,1.0,0.0,3.0,1.0,Gd,5.0,Typ,1.0,Gd,Attchd,1950.0,Unf,1.0,264.0,TA,TA,Y,0.0,80.0,120.0,0.0,0.0,0.0,Gd,MnPrv,Shed,0.0,7.0,2009.0,WD,Normal,147000.0,-0.4185325491834376,1.0,低
487.0,20.0,RL,79.0,10289.0,Pave,Grvl,Reg,Lvl,AllPub,Inside,Gtl,NAmes,Norm,Norm,1Fam,1Story,5.0,7.0,1965.0,1965.0,Hip,CompShg,MetalSd,MetalSd,BrkFace,168.0,TA,TA,CBlock,TA,TA,No,ALQ,836.0,Unf,0.0,237.0,1073.0,GasA,TA,Y,SBrkr,1073.0,0.0,0.0,1073.0,1.0,0.0,1.0,1.0,3.0,1.0,TA,6.0,Typ,0.0,Gd,Attchd,1965.0,RFn,2.0,515.0,TA,TA,Y,0.0,0.0,0.0,0.0,0.0,0.0,Gd,MnPrv,Shed,0.0,6.0,2007.0,WD,Normal,156000.0,-0.28078055341979885,2.0,中
488.0,20.0,RL,70.0,12243.0,Pave,Grvl,IR1,Lvl,AllPub,Inside,Gtl,NWAmes,Norm,Norm,1Fam,1Story,5.0,6.0,1971.0,1971.0,Gable,CompShg,Plywood,Plywood,BrkFace,0.0,TA,TA,CBlock,Gd,TA,Av,ALQ,998.0,Unf,0.0,486.0,1484.0,GasA,Gd,Y,SBrkr,1484.0,0.0,0.0,1484.0,0.0,0.0,2.0,0.0,3.0,1.0,TA,7.0,Typ,1.0,TA,Attchd,1971.0,Unf,2.0,487.0,TA,TA,Y,224.0,0.0,0.0,0.0,180.0,0.0,Gd,MnPrv,Shed,0.0,2.0,2007.0,WD,Normal,175000.0,0.010029215414549505,3.0,高
730.5,50.0,RL,70.0,9478.5,Pave,Grvl,Reg,Lvl,AllPub,Corner,Gtl,OldTown,Norm,Norm,2fmCon,1.5Fin,6.0,5.0,1973.0,1994.0,Gable,CompShg,Wd Sdng,Wd Sdng,BrkFace,0.0,TA,Fa,CBlock,TA,Fa,No,BLQ,383.5,Unf,0.0,477.5,991.5,GasA,TA,N,FuseA,1087.0,0.0,0.0,1464.0,0.0,0.0,2.0,0.0,3.0,1.0,TA,6.0,Mod,1.0,Gd,Attchd,1978.0,Unf,2.0,480.0,TA,Fa,N,0.0,25.0,0.0,0.0,0.0,0.0,Gd,MnPrv,Shed,0.0,6.0,2008.0,ConLD,Normal,163000.0,-0.1736401122703021,2.0,中
490.0,180.0,RM,21.0,1526.0,Pave,Grvl,Reg,Lvl,AllPub,Inside,Gtl,MeadowV,Norm,Norm,Twnhs,SFoyer,4.0,8.0,1970.0,2002.0,Gable,CompShg,CemntBd,CmentBd,BrkFace,0.0,TA,Gd,CBlock,Gd,TA,Av,GLQ,515.0,Unf,0.0,115.0,630.0,GasA,TA,Y,SBrkr,630.0,0.0,0.0,630.0,1.0,0.0,1.0,0.0,1.0,1.0,Gd,3.0,Typ,0.0,Gd,Attchd,1970.0,Unf,1.0,286.0,TA,TA,Y,0.0,0.0,0.0,0.0,0.0,0.0,Gd,MnPrv,Shed,0.0,5.0,2009.0,WD,Normal,86000.0,-1.3521849649147666,0.0,极低
491.0,160.0,RM,35.0,2665.0,Pave,Grvl,Reg,Lvl,AllPub,Inside,Gtl,MeadowV,Norm,Norm,TwnhsE,2Story,5.0,6.0,1976.0,1976.0,Gable,CompShg,CemntBd,CmentBd,BrkFace,0.0,TA,TA,PConc,Gd,TA,Mn,Unf,0.0,Unf,0.0,264.0,264.0,GasA,TA,Y,SBrkr,616.0,688.0,0.0,1304.0,0.0,0.0,1.0,1.0,3.0,1.0,TA,4.0,Typ,1.0,Gd,BuiltIn,1976.0,Fin,1.0,336.0,TA,TA,Y,141.0,24.0,0.0,0.0,0.0,0.0,Gd,MnPrv,Shed,0.0,6.0,2008.0,WD,Normal,115000.0,-0.9083174230097085,0.0,极低
492.0,50.0,RL,79.0,9490.0,Pave,Grvl,Reg,Lvl,AllPub,Inside,Gtl,NAmes,Artery,Norm,1Fam,1.5Fin,6.0,7.0,1941.0,1950.0,Gable,CompShg,Wd Sdng,Wd Sdng,BrkFace,0.0,TA,TA,CBlock,TA,TA,No,BLQ,403.0,Rec,165.0,238.0,806.0,GasA,TA,Y,FuseA,958.0,620.0,0.0,1578.0,1.0,0.0,1.0,0.0,3.0,1.0,Fa,5.0,Typ,2.0,TA,Attchd,1941.0,Unf,1.0,240.0,TA,TA,Y,0.0,0.0,32.0,0.0,0.0,0.0,Gd,MnPrv,Shed,0.0,8.0,2006.0,WD,Normal,133000.0,-0.6328134314824311,1.0,低
493.0,60.0,RL,105.0,15578.0,Pave,Grvl,IR1,Lvl,AllPub,Corner,Gtl,Gilbert,Norm,Norm,1Fam,2Story,6.0,5.0,2006.0,2006.0,Gable,CompShg,VinylSd,VinylSd,BrkFace,0.0,Gd,TA,PConc,Gd,TA,No,Unf,0.0,Unf,0.0,728.0,728.0,GasA,Gd,Y,SBrkr,728.0,728.0,0.0,1456.0,0.0,0.0,2.0,1.0,3.0,1.0,TA,8.0,Typ,0.0,Gd,Attchd,2006.0,RFn,2.0,429.0,TA,TA,Y,0.0,0.0,0.0,0.0,0.0,0.0,Gd,MnPrv,Shed,0.0,5.0,2006.0,New,Partial,172785.0,-0.023873081320612687,3.0,高
494.0,20.0,RL,70.0,7931.0,Pave,Grvl,Reg,Lvl,AllPub,Inside,Gtl,NAmes,Norm,Norm,1Fam,1Story,5.0,6.0,1960.0,1960.0,Gable,CompShg,BrkFace,Wd Sdng,BrkFace,0.0,TA,TA,CBlock,TA,TA,No,BLQ,374.0,LwQ,532.0,363.0,1269.0,GasA,TA,Y,FuseA,1269.0,0.0,0.0,1269.0,0.0,0.0,1.0,1.0,3.0,1.0,TA,6.0,Typ,1.0,Fa,Detchd,1964.0,Unf,1.0,308.0,TA,TA,Y,0.0,0.0,0.0,0.0,0.0,0.0,Gd,MnPrv,Shed,0.0,6.0,2008.0,WD,Normal,155000.0,-0.29608633072686985,2.0,中
495.0,30.0,RM,50.0,5784.0,Pave,Grvl,Reg,Lvl,AllPub,Inside,Gtl,OldTown,Artery,Norm,1Fam,1Story,5.0,8.0,1938.0,1996.0,Gable,CompShg,MetalSd,MetalSd,BrkFace,0.0,TA,TA,BrkTil,Fa,TA,No,Unf,0.0,Unf,0.0,190.0,190.0,GasA,Gd,Y,FuseA,886.0,0.0,0.0,886.0,0.0,0.0,1.0,0.0,2.0,1.0,TA,4.0,Typ,0.0,Gd,Attchd,1938.0,Unf,1.0,273.0,TA,TA,Y,144.0,20.0,80.0,0.0,0.0,0.0,Gd,MnPrv,Shed,0.0,12.0,2009.0,WD,Normal,91300.0,-1.2710643451872905,0.0,极低
496.0,30.0,C (all),60.0,7879.0,Pave,Grvl,Reg,Lvl,AllPub,Inside,Gtl,IDOTRR,Norm,Norm,1Fam,1Story,4.0,5.0,1920.0,1950.0,Gable,CompShg,Wd Sdng,Wd Sdng,BrkFace,0.0,TA,TA,CBlock,TA,TA,No,Rec,495.0,Unf,0.0,225.0,720.0,GasA,TA,N,FuseA,720.0,0.0,0.0,720.0,0.0,0.0,1.0,0.0,2.0,1.0,TA,4.0,Typ,0.0,Gd,Attchd,1939.6,Unf,0.0,0.0,TA,TA,N,0.0,523.0,115.0,0.0,0.0,0.0,Gd,GdWo,Shed,0.0,11.0,2009.0,WD,Abnorml,34900.0,-2.134310185306093,0.0,
730.5,50.0,RL,70.0,9478.5,Pave,Grvl,IR1,Lvl,AllPub,Inside,Gtl,NoRidge,Norm,Norm,1Fam,1Story,6.0,5.0,1973.0,1994.0,Hip,CompShg,BrkFace,BrkFace,BrkFace,0.0,Gd,TA,PConc,Gd,TA,No,GLQ,383.5,Unf,0.0,477.5,991.5,GasA,Ex,Y,SBrkr,1087.0,0.0,0.0,1464.0,0.0,0.0,2.0,0.0,3.0,1.0,Gd,6.0,Typ,1.0,Gd,Attchd,1978.0,RFn,2.0,480.0,TA,TA,Y,0.0,25.0,0.0,0.0,0.0,0.0,Gd,MnPrv,Shed,0.0,6.0,2008.0,WD,Normal,163000.0,-0.1736401122703021,2.0,中
498.0,50.0,RL,60.0,9120.0,Pave,Pave,Reg,Lvl,AllPub,Inside,Gtl,BrkSide,Norm,Norm,1Fam,1.5Fin,7.0,6.0,1925.0,1950.0,Gable,CompShg,Wd Sdng,Wd Sdng,BrkFace,0.0,TA,Gd,PConc,TA,TA,No,Rec,329.0,Unf,0.0,697.0,1026.0,GasA,Ex,Y,SBrkr,1133.0,687.0,0.0,1820.0,1.0,0.0,2.0,0.0,4.0,1.0,TA,8.0,Typ,0.0,Gd,Detchd,1925.0,Unf,1.0,240.0,TA,TA,N,0.0,100.0,0.0,0.0,0.0,0.0,Gd,GdPrv,Shed,0.0,6.0,2008.0,WD,Normal,184000.0,0.1477812111781882,3.0,高
499.0,20.0,RL,65.0,7800.0,Pave,Grvl,Reg,Lvl,AllPub,Inside,Gtl,Sawyer,Norm,Norm,1Fam,1Story,5.0,7.0,1967.0,2004.0,Hip,CompShg,HdBoard,HdBoard,BrkFace,89.0,TA,TA,PConc,TA,TA,No,ALQ,450.0,Unf,0.0,414.0,864.0,GasA,Ex,Y,SBrkr,899.0,0.0,0.0,899.0,0.0,0.0,1.0,0.0,3.0,1.0,Gd,5.0,Typ,0.0,Gd,Attchd,1967.0,Fin,1.0,288.0,TA,TA,Y,64.0,0.0,0.0,0.0,0.0,0.0,Gd,MnPrv,Shed,0.0,6.0,2009.0,WD,Normal,130000.0,-0.678730763403644,1.0,低
730.5,50.0,RL,70.0,9478.5,Pave,Grvl,IR1,Lvl,AllPub,Inside,Gtl,NAmes,Norm,Norm,1Fam,1Story,6.0,5.0,1973.0,1994.0,Gable,CompShg,MetalSd,MetalSd,BrkFace,0.0,TA,TA,CBlock,TA,TA,No,BLQ,383.5,LwQ,0.0,477.5,991.5,GasA,Fa,Y,SBrkr,1087.0,0.0,0.0,1464.0,0.0,0.0,2.0,0.0,3.0,1.0,TA,6.0,Typ,1.0,Gd,Attchd,1978.0,Fin,2.0,480.0,TA,TA,Y,0.0,25.0,0.0,0.0,0.0,0.0,Gd,MnWw,Shed,0.0,6.0,2008.0,WD,Normal,163000.0,-0.1736401122703021,2.0,中
501.0,160.0,RM,21.0,1890.0,Pave,Grvl,Reg,Lvl,AllPub,Inside,Gtl,BrDale,Norm,Norm,Twnhs,2Story,6.0,5.0,1973.0,1973.0,Gable,CompShg,HdBoard,HdBoard,BrkFace,285.0,TA,TA,CBlock,TA,TA,No,BLQ,356.0,Unf,0.0,316.0,672.0,GasA,TA,Y,SBrkr,672.0,546.0,0.0,1218.0,0.0,0.0,1.0,1.0,3.0,1.0,TA,7.0,Typ,0.0,Gd,Detchd,1973.0,Unf,1.0,264.0,TA,TA,Y,144.0,28.0,0.0,0.0,0.0,0.0,Gd,MnPrv,Shed,0.0,5.0,2007.0,WD,Normal,113000.0,-0.9389289776238504,0.0,极低
502.0,60.0,FV,75.0,9803.0,Pave,Grvl,Reg,Lvl,AllPub,Inside,Gtl,Somerst,Norm,Norm,1Fam,2Story,7.0,5.0,2005.0,2005.0,Gable,CompShg,VinylSd,VinylSd,BrkFace,0.0,Gd,TA,PConc,Gd,TA,No,GLQ,400.0,Unf,0.0,466.0,866.0,GasA,Gd,Y,SBrkr,866.0,902.0,0.0,1768.0,0.0,0.0,2.0,1.0,3.0,1.0,Gd,7.0,Typ,0.0,Gd,Attchd,2005.0,RFn,2.0,603.0,TA,TA,Y,0.0,108.0,0.0,0.0,0.0,0.0,Gd,MnPrv,Shed,0.0,2.0,2008.0,WD,Normal,226700.0,0.8013379021901185,4.0,极高
503.0,20.0,RL,70.0,9170.0,Pave,Grvl,Reg,Lvl,AllPub,Corner,Gtl,Edwards,Feedr,Norm,1Fam,1Story,5.0,7.0,1965.0,1965.0,Hip,CompShg,MetalSd,MetalSd,BrkFace,0.0,TA,TA,CBlock,TA,TA,No,ALQ,698.0,GLQ,96.0,420.0,1214.0,GasA,Ex,Y,SBrkr,1214.0,0.0,0.0,1214.0,1.0,0.0,1.0,0.0,2.0,1.0,TA,6.0,Typ,0.0,Gd,Detchd,1965.0,Unf,2.0,461.0,Fa,Fa,Y,0.0,0.0,184.0,0.0,0.0,0.0,Gd,GdPrv,Shed,400.0,4.0,2007.0,WD,Normal,140000.0,-0.5256729903329344,1.0,低
504.0,20.0,RL,100.0,15602.0,Pave,Grvl,IR1,Lvl,AllPub,Inside,Gtl,Crawfor,Norm,Norm,1Fam,1Story,7.0,8.0,1959.0,1997.0,Gable,CompShg,BrkFace,Wd Sdng,BrkFace,0.0,TA,TA,CBlock,TA,TA,No,ALQ,1247.0,Unf,0.0,254.0,1501.0,GasA,TA,Y,SBrkr,1801.0,0.0,0.0,1801.0,1.0,0.0,2.0,0.0,1.0,1.0,TA,6.0,Typ,2.0,TA,Attchd,1959.0,Fin,2.0,484.0,TA,TA,Y,0.0,54.0,0.0,0.0,161.0,0.0,Gd,GdWo,Shed,0.0,3.0,2010.0,WD,Normal,289000.0,1.7548878284206397,4.0,极高
505.0,160.0,RL,24.0,2308.0,Pave,Grvl,Reg,Lvl,AllPub,Inside,Gtl,NPkVill,Norm,Norm,TwnhsE,2Story,6.0,5.0,1974.0,1974.0,Gable,CompShg,Plywood,Brk Cmn,BrkFace,0.0,TA,TA,CBlock,TA,TA,No,ALQ,257.0,Rec,495.0,103.0,855.0,GasA,TA,Y,SBrkr,855.0,467.0,0.0,1322.0,0.0,1.0,2.0,1.0,3.0,1.0,TA,6.0,Typ,1.0,Fa,Attchd,1974.0,Unf,2.0,440.0,TA,TA,Y,260.0,0.0,0.0,0.0,0.0,0.0,Gd,MnPrv,Shed,0.0,6.0,2009.0,WD,Normal,147000.0,-0.4185325491834376,1.0,低
506.0,90.0,RM,60.0,7596.0,Pave,Grvl,Reg,Lvl,AllPub,Inside,Gtl,OldTown,Artery,Norm,Duplex,2Story,5.0,5.0,1952.0,1952.0,Hip,CompShg,Wd Sdng,Wd Sdng,BrkFace,360.0,TA,TA,CBlock,TA,TA,No,Unf,0.0,Unf,0.0,960.0,960.0,GasA,Gd,Y,SBrkr,960.0,1000.0,0.0,1960.0,0.0,0.0,2.0,0.0,4.0,2.0,TA,10.0,Typ,0.0,Gd,Detchd,1952.0,Unf,2.0,400.0,TA,TA,N,0.0,0.0,0.0,0.0,0.0,0.0,Gd,MnPrv,Shed,0.0,7.0,2009.0,COD,Normal,124500.0,-0.7629125385925344,0.0,极低
507.0,60.0,RL,80.0,9554.0,Pave,Grvl,IR1,Lvl,AllPub,Inside,Gtl,SawyerW,Norm,Norm,1Fam,2Story,8.0,5.0,1993.0,1994.0,Gable,CompShg,VinylSd,VinylSd,BrkFace,125.0,Gd,TA,PConc,Gd,TA,No,GLQ,380.0,Unf,0.0,397.0,777.0,GasA,Ex,Y,SBrkr,1065.0,846.0,0.0,1911.0,0.0,0.0,2.0,1.0,3.0,1.0,Gd,8.0,Typ,1.0,TA,Attchd,1993.0,RFn,2.0,471.0,TA,TA,Y,182.0,81.0,0.0,0.0,0.0,0.0,Gd,MnPrv,Shed,0.0,9.0,2006.0,WD,Normal,215000.0,0.6222603076973882,3.0,高
508.0,20.0,FV,75.0,7862.0,Pave,Grvl,IR1,Lvl,AllPub,Inside,Gtl,Somerst,Norm,Norm,1Fam,1Story,6.0,5.0,2009.0,2009.0,Gable,CompShg,VinylSd,VinylSd,BrkFace,0.0,Gd,TA,PConc,Gd,TA,No,GLQ,27.0,Unf,0.0,1191.0,1218.0,GasA,Ex,Y,SBrkr,1218.0,0.0,0.0,1218.0,0.0,0.0,2.0,0.0,2.0,1.0,Gd,4.0,Typ,0.0,Gd,Attchd,2009.0,Fin,2.0,676.0,TA,TA,Y,0.0,102.0,0.0,0.0,0.0,0.0,Gd,MnPrv,Shed,0.0,9.0,2009.0,New,Partial,208300.0,0.5197115997400127,3.0,高
509.0,70.0,RM,60.0,9600.0,Pave,Grvl,Reg,Lvl,AllPub,Inside,Gtl,OldTown,Norm,Norm,1Fam,2Story,7.0,9.0,1928.0,2005.0,Gambrel,CompShg,MetalSd,MetalSd,BrkFace,0.0,TA,Ex,BrkTil,TA,TA,No,Rec,141.0,Unf,0.0,548.0,689.0,GasA,Ex,Y,SBrkr,689.0,689.0,0.0,1378.0,0.0,0.0,2.0,0.0,3.0,1.0,Gd,7.0,Typ,1.0,Gd,Detchd,1928.0,Unf,2.0,360.0,TA,TA,N,0.0,0.0,116.0,0.0,0.0,0.0,Gd,MnPrv,Shed,0.0,10.0,2008.0,WD,Normal,161000.0,-0.20425166688444404,2.0,中
510.0,20.0,RL,80.0,9600.0,Pave,Grvl,Reg,Lvl,AllPub,Corner,Gtl,NAmes,Norm,Norm,1Fam,1Story,5.0,6.0,1959.0,1959.0,Gable,CompShg,MetalSd,MetalSd,BrkFace,132.0,TA,TA,CBlock,TA,TA,No,ALQ,991.0,Unf,0.0,50.0,1041.0,GasA,Ex,Y,SBrkr,1041.0,0.0,0.0,1041.0,1.0,0.0,1.0,0.0,3.0,1.0,TA,6.0,Typ,0.0,Gd,Attchd,1959.0,RFn,1.0,270.0,TA,TA,Y,224.0,88.0,0.0,0.0,0.0,0.0,Gd,MnPrv,Shed,0.0,7.0,2009.0,WD,Normal,124500.0,-0.7629125385925344,0.0,极低
511.0,20.0,RL,75.0,14559.0,Pave,Grvl,Reg,Lvl,AllPub,Inside,Gtl,NAmes,Norm,Norm,1Fam,1Story,5.0,7.0,1951.0,2000.0,Hip,CompShg,Wd Sdng,Wd Sdng,BrkCmn,70.0,Gd,TA,CBlock,TA,TA,No,BLQ,650.0,Rec,180.0,178.0,1008.0,GasA,Ex,Y,SBrkr,1363.0,0.0,0.0,1363.0,1.0,0.0,1.0,0.0,2.0,1.0,TA,6.0,Min1,2.0,TA,CarPort,1951.0,Unf,1.0,288.0,TA,TA,Y,324.0,42.0,0.0,0.0,168.0,0.0,Gd,MnPrv,Shed,2000.0,6.0,2009.0,WD,Normal,164900.0,-0.14455913538686727,2.0,中
512.0,120.0,RL,40.0,6792.0,Pave,Grvl,IR1,Lvl,AllPub,Inside,Gtl,NridgHt,Norm,Norm,TwnhsE,1Story,7.0,5.0,2005.0,2006.0,Gable,CompShg,VinylSd,VinylSd,Stone,94.0,Gd,TA,PConc,Gd,TA,No,Unf,0.0,Unf,0.0,1368.0,1368.0,GasA,Ex,Y,SBrkr,1368.0,0.0,0.0,1368.0,0.0,0.0,2.0,0.0,2.0,1.0,Gd,6.0,Typ,1.0,Gd,Attchd,2005.0,RFn,2.0,474.0,TA,TA,Y,132.0,35.0,0.0,0.0,0.0,0.0,Gd,MnPrv,Shed,0.0,3.0,2006.0,New,Partial,202665.0,0.4334635446146678,3.0,高
513.0,20.0,RL,70.0,9100.0,Pave,Grvl,Reg,Lvl,AllPub,Corner,Gtl,NAmes,Feedr,Norm,1Fam,1Story,5.0,5.0,1958.0,1958.0,Gable,CompShg,VinylSd,VinylSd,BrkFace,0.0,TA,TA,CBlock,TA,TA,No,BLQ,521.0,LwQ,174.0,169.0,864.0,GasA,TA,Y,SBrkr,864.0,0.0,0.0,864.0,1.0,0.0,1.0,0.0,3.0,1.0,TA,5.0,Typ,0.0,Gd,Detchd,1964.0,Unf,2.0,624.0,TA,TA,Y,0.0,0.0,0.0,0.0,0.0,0.0,Gd,MnPrv,Shed,0.0,7.0,2006.0,WD,Normal,129900.0,-0.6802613411343511,1.0,低
514.0,20.0,RL,71.0,9187.0,Pave,Grvl,Reg,Bnk,AllPub,Corner,Gtl,Mitchel,Norm,Norm,1Fam,1Story,6.0,5.0,1983.0,1983.0,Gable,CompShg,VinylSd,VinylSd,BrkFace,0.0,TA,Gd,PConc,TA,TA,No,ALQ,336.0,Unf,0.0,748.0,1084.0,GasA,TA,Y,SBrkr,1080.0,0.0,0.0,1080.0,0.0,0.0,1.0,1.0,3.0,1.0,TA,5.0,Typ,0.0,Gd,Attchd,1983.0,Unf,2.0,484.0,TA,TA,Y,120.0,0.0,158.0,0.0,0.0,0.0,Gd,MnPrv,Shed,0.0,6.0,2007.0,WD,Normal,134000.0,-0.6175076541753601,1.0,低
515.0,45.0,RL,55.0,10594.0,Pave,Grvl,Reg,Lvl,AllPub,Inside,Gtl,Crawfor,Norm,Norm,1Fam,1.5Unf,5.0,5.0,1926.0,1950.0,Gable,CompShg,Wd Sdng,Wd Sdng,BrkFace,0.0,TA,TA,BrkTil,TA,TA,No,Unf,0.0,Unf,0.0,768.0,768.0,Grav,Fa,N,SBrkr,789.0,0.0,0.0,789.0,0.0,0.0,1.0,0.0,2.0,1.0,TA,5.0,Typ,0.0,Gd,Detchd,1926.0,Unf,1.0,200.0,Po,Po,Y,0.0,0.0,112.0,0.0,0.0,0.0,Gd,MnPrv,Shed,0.0,6.0,2007.0,WD,Normal,96500.0,-1.1914743031905215,0.0,极低
516.0,20.0,RL,94.0,12220.0,Pave,Grvl,Reg,Lvl,AllPub,Inside,Gtl,NridgHt,Norm,Norm,1Fam,1Story,10.0,5.0,2009.0,2009.0,Hip,CompShg,CemntBd,CmentBd,BrkFace,305.0,Ex,TA,CBlock,Ex,TA,No,GLQ,1436.0,Unf,0.0,570.0,2006.0,GasA,Ex,Y,SBrkr,2020.0,0.0,0.0,2020.0,1.0,0.0,2.0,1.0,3.0,1.0,Ex,9.0,Typ,1.0,Gd,Attchd,2009.0,Fin,3.0,900.0,TA,TA,Y,156.0,54.0,0.0,0.0,0.0,0.0,Gd,MnPrv,Shed,0.0,9.0,2009.0,New,Partial,402861.0,3.497618938381047,4.0,极高
517.0,80.0,RL,70.4,10448.0,Pave,Grvl,IR1,Lvl,AllPub,Corner,Gtl,NWAmes,Norm,Norm,1Fam,SLvl,6.0,6.0,1972.0,1972.0,Gable,CompShg,HdBoard,HdBoard,BrkFace,333.0,TA,TA,CBlock,TA,TA,No,Unf,0.0,Unf,0.0,689.0,689.0,GasA,TA,Y,SBrkr,1378.0,741.0,0.0,2119.0,0.0,0.0,2.0,1.0,3.0,1.0,TA,7.0,Typ,1.0,TA,Attchd,1972.0,RFn,2.0,583.0,TA,TA,Y,0.0,104.0,0.0,0.0,0.0,0.0,Gd,GdPrv,Shed,0.0,8.0,2009.0,COD,Abnorml,158000.0,-0.25016899880565696,2.0,中
518.0,60.0,RL,79.0,10208.0,Pave,Grvl,IR1,Lvl,AllPub,Inside,Gtl,NoRidge,Norm,Norm,1Fam,2Story,7.0,5.0,1996.0,1997.0,Gable,CompShg,VinylSd,VinylSd,BrkFace,921.0,Gd,TA,PConc,Gd,TA,No,Unf,0.0,Unf,0.0,1264.0,1264.0,GasA,Ex,Y,SBrkr,1277.0,1067.0,0.0,2344.0,0.0,0.0,2.0,1.0,3.0,1.0,Gd,7.0,Typ,1.0,TA,Attchd,1996.0,RFn,3.0,889.0,TA,TA,Y,220.0,0.0,0.0,0.0,0.0,0.0,Gd,MnPrv,Shed,0.0,7.0,2009.0,WD,Normal,265000.0,1.3875491730509366,4.0,极高
519.0,60.0,RL,71.0,9531.0,Pave,Grvl,IR1,Lvl,AllPub,CulDSac,Gtl,CollgCr,Norm,Norm,1Fam,2Story,6.0,5.0,1998.0,1998.0,Gable,CompShg,VinylSd,VinylSd,BrkFace,0.0,TA,TA,PConc,Gd,TA,Mn,GLQ,706.0,Unf,0.0,88.0,794.0,GasA,Ex,Y,SBrkr,882.0,914.0,0.0,1796.0,1.0,0.0,2.0,1.0,3.0,1.0,TA,7.0,Typ,0.0,Gd,Attchd,1998.0,RFn,2.0,546.0,TA,TA,Y,0.0,36.0,0.0,0.0,0.0,0.0,Gd,MnPrv,Shed,0.0,5.0,2007.0,WD,Normal,211000.0,0.5610371984691044,3.0,高
520.0,70.0,RL,53.0,10918.0,Pave,Grvl,Reg,Lvl,AllPub,Inside,Gtl,Crawfor,Norm,Norm,1Fam,2Story,7.0,9.0,1926.0,2004.0,Gambrel,CompShg,MetalSd,MetalSd,BrkFace,0.0,Gd,TA,BrkTil,Gd,TA,No,Unf,0.0,Unf,0.0,1276.0,1276.0,GasA,Ex,Y,SBrkr,1276.0,804.0,0.0,2080.0,0.0,0.0,1.0,1.0,3.0,1.0,Gd,9.0,Typ,2.0,Gd,Detchd,1926.0,Unf,1.0,282.0,TA,TA,Y,0.0,0.0,0.0,0.0,145.0,0.0,Gd,MnPrv,Shed,0.0,6.0,2009.0,WD,Normal,234000.0,0.9130700765317366,4.0,极高
730.5,50.0,RL,70.0,9478.5,Pave,Grvl,Reg,Lvl,AllPub,Inside,Gtl,OldTown,Norm,Norm,2fmCon,2Story,6.0,5.0,1973.0,1994.0,Gable,CompShg,MetalSd,MetalSd,BrkFace,0.0,TA,TA,BrkTil,TA,TA,No,Unf,383.5,Unf,0.0,477.5,991.5,GasA,TA,N,FuseA,1087.0,0.0,0.0,1464.0,0.0,0.0,2.0,0.0,3.0,1.0,TA,6.0,Typ,1.0,Gd,Attchd,1978.0,Unf,2.0,480.0,TA,TA,N,0.0,25.0,0.0,0.0,0.0,0.0,Gd,MnPrv,Shed,0.0,6.0,2008.0,WD,Normal,163000.0,-0.1736401122703021,2.0,中
522.0,20.0,RL,90.0,11988.0,Pave,Grvl,IR1,Lvl,AllPub,Corner,Gtl,NAmes,Feedr,Norm,1Fam,1Story,6.0,6.0,1957.0,1957.0,Gable,CompShg,VinylSd,VinylSd,BrkFace,0.0,TA,TA,CBlock,TA,TA,No,Rec,777.0,Unf,0.0,467.0,1244.0,GasA,Ex,Y,FuseA,1244.0,0.0,0.0,1244.0,0.0,0.0,1.0,1.0,3.0,1.0,TA,6.0,Typ,2.0,Gd,Attchd,1957.0,Unf,1.0,336.0,TA,TA,Y,0.0,40.0,0.0,0.0,0.0,0.0,Gd,MnPrv,Shed,0.0,5.0,2007.0,WD,Normal,150000.0,-0.3726152172622247,1.0,低
523.0,50.0,RM,50.0,5000.0,Pave,Grvl,Reg,Lvl,AllPub,Corner,Gtl,BrkSide,Feedr,Norm,1Fam,1.5Fin,6.0,7.0,1947.0,1950.0,Gable,CompShg,CemntBd,CmentBd,BrkFace,0.0,TA,Gd,CBlock,TA,TA,No,ALQ,399.0,Unf,0.0,605.0,1004.0,GasA,Ex,Y,SBrkr,1004.0,660.0,0.0,1664.0,0.0,0.0,2.0,0.0,3.0,1.0,TA,7.0,Typ,2.0,Gd,Detchd,1950.0,Unf,2.0,420.0,TA,TA,Y,0.0,24.0,36.0,0.0,0.0,0.0,Gd,MnPrv,Shed,0.0,10.0,2006.0,WD,Normal,159000.0,-0.23486322149858596,2.0,中
730.5,50.0,RL,70.0,9478.5,Pave,Grvl,IR1,Bnk,AllPub,Inside,Gtl,Edwards,PosN,PosN,1Fam,2Story,6.0,5.0,1973.0,1994.0,Hip,CompShg,CemntBd,CmentBd,Stone,0.0,Ex,TA,PConc,Ex,TA,Gd,GLQ,383.5,Unf,0.0,477.5,991.5,GasA,Ex,Y,SBrkr,1087.0,0.0,0.0,1464.0,0.0,0.0,2.0,0.0,3.0,1.0,Ex,6.0,Typ,1.0,Gd,BuiltIn,1978.0,Fin,2.0,480.0,TA,TA,Y,0.0,25.0,0.0,0.0,0.0,0.0,Gd,MnPrv,Shed,0.0,6.0,2008.0,New,Partial,163000.0,-0.1736401122703021,2.0,中
525.0,60.0,RL,95.0,11787.0,Pave,Grvl,IR1,Lvl,AllPub,Inside,Gtl,NoRidge,Norm,Norm,1Fam,2Story,7.0,5.0,1996.0,1997.0,Gable,CompShg,VinylSd,VinylSd,BrkFace,594.0,Gd,TA,PConc,Gd,TA,No,GLQ,719.0,Unf,0.0,660.0,1379.0,GasA,Ex,Y,SBrkr,1383.0,1015.0,0.0,2398.0,1.0,0.0,2.0,1.0,3.0,1.0,Gd,8.0,Typ,1.0,TA,Attchd,1996.0,Fin,3.0,834.0,TA,TA,Y,239.0,60.0,0.0,0.0,0.0,0.0,Gd,MnPrv,Shed,0.0,8.0,2007.0,WD,Normal,315750.0,2.1643173713847883,4.0,极高
526.0,20.0,FV,62.0,7500.0,Pave,Pave,Reg,Lvl,AllPub,Inside,Gtl,Somerst,Norm,Norm,1Fam,1Story,7.0,5.0,2005.0,2005.0,Gable,CompShg,VinylSd,VinylSd,BrkFace,0.0,Gd,TA,PConc,Gd,TA,No,Unf,0.0,Unf,0.0,1257.0,1257.0,GasA,Ex,Y,SBrkr,1266.0,0.0,0.0,1266.0,0.0,0.0,2.0,0.0,3.0,1.0,Gd,6.0,Typ,1.0,TA,Attchd,2005.0,Unf,2.0,453.0,TA,TA,Y,38.0,144.0,0.0,0.0,0.0,0.0,Gd,MnPrv,Shed,0.0,4.0,2006.0,WD,Normal,176000.0,0.025334992721620472,3.0,高
527.0,20.0,RL,70.0,13300.0,Pave,Grvl,Reg,Lvl,AllPub,Inside,Gtl,NAmes,Norm,Norm,1Fam,1Story,5.0,7.0,1956.0,2000.0,Hip,CompShg,Wd Sdng,Wd Sdng,BrkFace,0.0,TA,TA,CBlock,Gd,TA,No,Rec,377.0,Unf,0.0,551.0,928.0,GasA,TA,Y,SBrkr,928.0,0.0,0.0,928.0,0.0,0.0,1.0,0.0,2.0,1.0,TA,4.0,Typ,0.0,Gd,Attchd,1956.0,Unf,1.0,252.0,TA,TA,Y,261.0,0.0,156.0,0.0,0.0,0.0,Gd,MnPrv,Shed,0.0,6.0,2007.0,WD,Normal,132000.0,-0.6481192087895021,1.0,低
528.0,60.0,RL,67.0,14948.0,Pave,Grvl,IR1,Lvl,AllPub,Inside,Gtl,NridgHt,Norm,Norm,1Fam,2Story,9.0,5.0,2008.0,2008.0,Hip,CompShg,VinylSd,VinylSd,Stone,268.0,Ex,TA,PConc,Ex,TA,Av,GLQ,1330.0,Unf,0.0,122.0,1452.0,GasA,Ex,Y,SBrkr,1476.0,1237.0,0.0,2713.0,1.0,0.0,2.0,1.0,3.0,1.0,Ex,11.0,Typ,1.0,Gd,Attchd,2008.0,Fin,3.0,858.0,TA,TA,Y,126.0,66.0,0.0,0.0,0.0,0.0,Gd,MnPrv,Shed,0.0,11.0,2008.0,New,Partial,446261.0,4.161889673507927,4.0,极高
529.0,30.0,RL,58.0,9098.0,Pave,Grvl,IR1,Lvl,AllPub,Inside,Gtl,Edwards,Norm,Norm,1Fam,1Story,4.0,7.0,1920.0,2002.0,Gable,CompShg,Wd Sdng,Wd Sdng,BrkFace,0.0,TA,TA,BrkTil,TA,TA,Mn,ALQ,348.0,Unf,0.0,180.0,528.0,GasA,Ex,Y,SBrkr,605.0,0.0,0.0,605.0,1.0,0.0,1.0,0.0,2.0,1.0,TA,5.0,Typ,0.0,Gd,Attchd,1945.6,Unf,0.0,0.0,TA,TA,N,0.0,0.0,144.0,0.0,0.0,0.0,Gd,MnPrv,Shed,0.0,7.0,2007.0,WD,Normal,86000.0,-1.3521849649147666,0.0,极低
730.5,50.0,RL,70.0,9478.5,Pave,Grvl,IR1,Lvl,AllPub,CulDSac,Gtl,Crawfor,Norm,Norm,1Fam,1Story,6.0,5.0,1973.0,1994.0,Hip,CompShg,Wd Sdng,Stone,BrkFace,0.0,Gd,TA,PConc,TA,TA,No,Rec,383.5,Unf,0.0,477.5,991.5,GasA,TA,Y,SBrkr,1087.0,0.0,0.0,1464.0,0.0,0.0,2.0,0.0,3.0,1.0,TA,6.0,Maj1,1.0,TA,Attchd,1978.0,RFn,2.0,480.0,TA,TA,Y,0.0,25.0,0.0,0.0,0.0,0.0,Gd,MnPrv,Shed,0.0,6.0,2008.0,WD,Alloca,163000.0,-0.1736401122703021,2.0,中
531.0,80.0,RL,85.0,10200.0,Pave,Grvl,Reg,Lvl,AllPub,Inside,Gtl,Timber,Norm,Norm,1Fam,SLvl,6.0,5.0,1988.0,1989.0,Gable,CompShg,HdBoard,HdBoard,BrkFace,219.0,Gd,TA,CBlock,Gd,TA,Av,GLQ,783.0,Unf,0.0,678.0,1461.0,GasA,Ex,Y,SBrkr,1509.0,0.0,0.0,1509.0,1.0,0.0,2.0,0.0,3.0,1.0,Gd,5.0,Typ,1.0,Fa,Attchd,1988.0,RFn,2.0,600.0,TA,TA,Y,224.0,0.0,0.0,0.0,0.0,0.0,Gd,MnPrv,Shed,0.0,8.0,2008.0,WD,Abnorml,175000.0,0.010029215414549505,3.0,高
532.0,70.0,RM,60.0,6155.0,Pave,Grvl,IR1,Lvl,AllPub,FR3,Gtl,BrkSide,RRNn,Feedr,1Fam,2Story,6.0,8.0,1920.0,1999.0,Gable,CompShg,Wd Sdng,Wd Sdng,BrkFace,0.0,TA,TA,BrkTil,Fa,Fa,Mn,Unf,0.0,Unf,0.0,611.0,611.0,GasA,Ex,Y,SBrkr,751.0,611.0,0.0,1362.0,0.0,0.0,2.0,0.0,3.0,1.0,TA,6.0,Typ,0.0,Gd,Detchd,1920.0,Fin,2.0,502.0,TA,Fa,Y,0.0,0.0,84.0,0.0,0.0,0.0,Gd,MnPrv,Shed,0.0,6.0,2008.0,WD,Normal,128000.0,-0.7093423180177859,1.0,低
533.0,20.0,RL,60.0,7200.0,Pave,Grvl,Reg,Lvl,AllPub,Inside,Gtl,NAmes,Norm,Norm,1Fam,1Story,5.0,7.0,1955.0,2007.0,Gable,CompShg,VinylSd,VinylSd,BrkFace,0.0,TA,TA,Slab,TA,TA,No,Unf,0.0,Unf,0.0,0.0,0.0,GasA,Ex,Y,SBrkr,827.0,0.0,0.0,827.0,0.0,0.0,1.0,0.0,2.0,1.0,TA,5.0,Mod,1.0,Po,Detchd,1967.0,Unf,1.0,392.0,TA,TA,Y,0.0,0.0,0.0,0.0,0.0,0.0,Gd,MnPrv,Shed,0.0,4.0,2010.0,WD,Normal,107500.0,-1.0231107528127408,0.0,极低
534.0,20.0,RL,50.0,5000.0,Pave,Grvl,Reg,Low,AllPub,Inside,Mod,BrkSide,Norm,Norm,1Fam,1Story,1.0,3.0,1946.0,1950.0,Gable,CompShg,VinylSd,VinylSd,BrkFace,0.0,Fa,Fa,Slab,TA,TA,No,Unf,0.0,Unf,0.0,0.0,0.0,GasA,Fa,N,FuseF,334.0,0.0,0.0,334.0,0.0,0.0,1.0,0.0,1.0,1.0,Fa,2.0,Typ,0.0,Gd,Attchd,1939.6,Unf,0.0,0.0,TA,TA,N,0.0,0.0,0.0,0.0,0.0,0.0,Gd,MnPrv,Shed,0.0,1.0,2007.0,WD,Normal,39300.0,-2.0669647651549807,0.0,极低
535.0,60.0,RL,74.0,9056.0,Pave,Grvl,IR1,Lvl,AllPub,Inside,Gtl,Gilbert,Norm,Norm,1Fam,2Story,8.0,5.0,2004.0,2004.0,Gable,CompShg,VinylSd,VinylSd,BrkFace,0.0,Gd,TA,PConc,Ex,Gd,Av,Unf,0.0,Unf,0.0,707.0,707.0,GasA,Ex,Y,SBrkr,707.0,707.0,0.0,1414.0,0.0,0.0,2.0,1.0,3.0,1.0,Gd,6.0,Typ,1.0,Gd,Attchd,2004.0,Fin,2.0,403.0,TA,TA,Y,100.0,35.0,0.0,0.0,0.0,0.0,Gd,MnPrv,Shed,0.0,10.0,2006.0,WD,Normal,178000.0,0.05594654733576241,3.0,高
536.0,190.0,RL,70.0,7000.0,Pave,Grvl,Reg,Lvl,AllPub,Inside,Gtl,Edwards,Norm,Norm,2fmCon,2Story,5.0,7.0,1910.0,1991.0,Gable,CompShg,MetalSd,MetalSd,BrkFace,0.0,TA,TA,CBlock,Gd,TA,Gd,GLQ,969.0,Unf,0.0,148.0,1117.0,GasA,TA,Y,SBrkr,820.0,527.0,0.0,1347.0,1.0,0.0,1.0,0.0,3.0,1.0,TA,5.0,Typ,0.0,Gd,Attchd,1953.0,Unf,0.0,0.0,TA,TA,N,85.0,0.0,148.0,0.0,0.0,0.0,Gd,MnPrv,Shed,0.0,1.0,2008.0,WD,Normal,107500.0,-1.0231107528127408,0.0,极低
537.0,60.0,RL,57.0,8924.0,Pave,Grvl,IR1,Lvl,AllPub,CulDSac,Gtl,CollgCr,Norm,Norm,1Fam,2Story,7.0,5.0,1998.0,1999.0,Gable,CompShg,VinylSd,VinylSd,BrkFace,0.0,TA,TA,PConc,Gd,TA,Av,Unf,0.0,Unf,0.0,880.0,880.0,GasA,Ex,Y,SBrkr,880.0,844.0,0.0,1724.0,0.0,0.0,2.0,1.0,3.0,1.0,Gd,8.0,Typ,0.0,Gd,Attchd,1998.0,Fin,2.0,527.0,TA,TA,Y,120.0,155.0,0.0,0.0,0.0,0.0,Gd,MnPrv,Shed,0.0,7.0,2008.0,WD,Normal,188000.0,0.20900432040647207,3.0,高
538.0,20.0,RL,78.4,12735.0,Pave,Grvl,IR1,Lvl,AllPub,FR2,Gtl,NAmes,Norm,Norm,1Fam,1Story,4.0,5.0,1972.0,1972.0,Hip,CompShg,MetalSd,MetalSd,BrkFace,0.0,TA,TA,CBlock,TA,TA,No,BLQ,600.0,Unf,0.0,264.0,864.0,GasA,TA,Y,SBrkr,864.0,0.0,0.0,864.0,0.0,0.0,1.0,0.0,3.0,1.0,TA,5.0,Typ,0.0,Gd,Detchd,1980.0,Unf,2.0,576.0,TA,TA,Y,216.0,0.0,0.0,0.0,0.0,0.0,Gd,MnWw,Shed,0.0,4.0,2008.0,COD,Normal,111250.0,-0.9657140879112247,0.0,极低
539.0,20.0,RL,72.0,11553.0,Pave,Grvl,IR1,Lvl,AllPub,Inside,Gtl,Sawyer,Norm,Norm,1Fam,1Story,5.0,5.0,1968.0,1968.0,Hip,CompShg,Plywood,Plywood,BrkFace,188.0,TA,TA,CBlock,TA,TA,No,BLQ,673.0,Unf,0.0,378.0,1051.0,GasA,TA,Y,SBrkr,1159.0,0.0,0.0,1159.0,0.0,0.0,1.0,1.0,3.0,1.0,TA,7.0,Typ,1.0,Fa,Attchd,1968.0,Unf,1.0,336.0,TA,TA,Y,466.0,0.0,0.0,0.0,0.0,0.0,Gd,MnPrv,Shed,0.0,7.0,2006.0,WD,Normal,158000.0,-0.25016899880565696,2.0,中
540.0,20.0,RL,68.0,11423.0,Pave,Grvl,Reg,Lvl,AllPub,Inside,Gtl,CollgCr,Norm,Norm,1Fam,1Story,8.0,5.0,2001.0,2002.0,Gable,CompShg,VinylSd,VinylSd,BrkFace,479.0,Gd,TA,PConc,Gd,TA,Av,GLQ,1358.0,Unf,0.0,223.0,1581.0,GasA,Ex,Y,SBrkr,1601.0,0.0,0.0,1601.0,1.0,0.0,2.0,0.0,3.0,1.0,Gd,6.0,Typ,1.0,TA,Attchd,2001.0,RFn,2.0,670.0,TA,TA,Y,180.0,0.0,0.0,0.0,0.0,0.0,Gd,MnPrv,Shed,2000.0,5.0,2010.0,WD,Normal,272000.0,1.4946896142004333,4.0,极高
541.0,20.0,RL,85.0,14601.0,Pave,Grvl,Reg,Lvl,AllPub,Inside,Gtl,Timber,Norm,Norm,1Fam,1Story,9.0,5.0,2006.0,2006.0,Hip,CompShg,VinylSd,VinylSd,BrkFace,584.0,Ex,TA,PConc,Ex,TA,Av,GLQ,1260.0,Unf,0.0,578.0,1838.0,GasA,Ex,Y,SBrkr,1838.0,0.0,0.0,1838.0,1.0,0.0,2.0,0.0,2.0,1.0,Ex,8.0,Typ,1.0,Gd,Attchd,2006.0,Fin,3.0,765.0,TA,TA,Y,270.0,68.0,0.0,0.0,0.0,0.0,Gd,MnPrv,Shed,0.0,3.0,2009.0,WD,Normal,315000.0,2.152838038404485,4.0,极高
542.0,60.0,RL,81.0,11000.0,Pave,Grvl,Reg,Lvl,AllPub,FR2,Gtl,NoRidge,Norm,Norm,1Fam,2Story,8.0,5.0,2000.0,2000.0,Gable,CompShg,VinylSd,VinylSd,BrkFace,72.0,Gd,TA,PConc,Gd,TA,No,Unf,0.0,Unf,0.0,969.0,969.0,GasA,Ex,Y,SBrkr,997.0,1288.0,0.0,2285.0,0.0,0.0,2.0,1.0,4.0,1.0,Gd,8.0,Typ,1.0,TA,BuiltIn,2000.0,Fin,3.0,648.0,TA,TA,Y,0.0,56.0,0.0,0.0,0.0,0.0,Gd,MnPrv,Shed,0.0,6.0,2007.0,WD,Normal,248000.0,1.1273509588307302,4.0,极高
543.0,20.0,RL,78.0,10140.0,Pave,Grvl,Reg,Lvl,AllPub,Inside,Gtl,NWAmes,RRAn,Norm,1Fam,1Story,7.0,5.0,1998.0,1999.0,Hip,CompShg,VinylSd,VinylSd,BrkFace,0.0,Gd,TA,PConc,Ex,TA,No,LwQ,144.0,GLQ,1127.0,379.0,1650.0,GasA,Ex,Y,SBrkr,1680.0,0.0,0.0,1680.0,1.0,0.0,2.0,0.0,3.0,1.0,Gd,7.0,Maj1,1.0,TA,Attchd,1998.0,Fin,2.0,583.0,TA,TA,Y,78.0,73.0,0.0,0.0,0.0,0.0,Gd,MnPrv,Shed,0.0,6.0,2009.0,WD,Normal,213250.0,0.595475197410014,3.0,高
544.0,120.0,RH,34.0,4058.0,Pave,Grvl,Reg,Lvl,AllPub,Inside,Gtl,NAmes,Norm,Norm,TwnhsE,SFoyer,7.0,5.0,1998.0,1998.0,Gable,CompShg,MetalSd,MetalSd,BrkFace,182.0,TA,TA,PConc,Gd,TA,Av,GLQ,584.0,LwQ,139.0,0.0,723.0,GasA,Ex,Y,SBrkr,767.0,0.0,0.0,767.0,1.0,0.0,1.0,0.0,1.0,1.0,TA,4.0,Typ,0.0,Gd,Attchd,1998.0,Fin,1.0,367.0,TA,TA,Y,120.0,40.0,0.0,0.0,0.0,0.0,Gd,MnPrv,Shed,0.0,6.0,2007.0,WD,Normal,133000.0,-0.6328134314824311,1.0,低
545.0,60.0,RL,58.0,17104.0,Pave,Grvl,IR1,Lvl,AllPub,Inside,Gtl,Gilbert,Norm,Norm,1Fam,2Story,7.0,5.0,2006.0,2006.0,Gable,CompShg,VinylSd,VinylSd,BrkFace,0.0,Gd,TA,PConc,Gd,Gd,Av,GLQ,554.0,Unf,0.0,100.0,654.0,GasA,Ex,Y,SBrkr,664.0,832.0,0.0,1496.0,1.0,0.0,2.0,1.0,3.0,1.0,Gd,7.0,Typ,1.0,Gd,Attchd,2006.0,RFn,2.0,426.0,TA,TA,Y,100.0,24.0,0.0,0.0,0.0,0.0,Gd,MnPrv,Shed,0.0,9.0,2006.0,New,Partial,179665.0,0.08143066655203557,3.0,高
546.0,50.0,RL,80.2,13837.0,Pave,Grvl,IR1,Lvl,AllPub,Corner,Gtl,NWAmes,Norm,Norm,1Fam,1.5Fin,7.0,5.0,1988.0,1988.0,Gable,CompShg,HdBoard,HdBoard,BrkFace,178.0,Gd,Gd,PConc,Gd,Gd,No,GLQ,1002.0,LwQ,202.0,0.0,1204.0,GasA,Gd,Y,SBrkr,1377.0,806.0,0.0,2183.0,0.0,0.0,2.0,1.0,4.0,1.0,Gd,9.0,Typ,0.0,Gd,Attchd,1988.0,Unf,3.0,786.0,TA,TA,Y,0.0,0.0,0.0,0.0,0.0,0.0,Gd,MnPrv,Shed,0.0,2.0,2006.0,WD,Normal,229000.0,0.8365411899963817,4.0,极高
547.0,50.0,RL,70.0,8737.0,Pave,Grvl,IR1,Bnk,AllPub,Inside,Gtl,BrkSide,Norm,Norm,1Fam,1.5Fin,6.0,7.0,1923.0,1950.0,Gable,CompShg,BrkFace,Wd Sdng,BrkFace,0.0,TA,TA,BrkTil,Gd,TA,No,Rec,300.0,Unf,0.0,765.0,1065.0,GasA,Ex,Y,FuseA,915.0,720.0,0.0,1635.0,0.0,0.0,1.0,1.0,3.0,1.0,TA,6.0,Typ,1.0,Gd,Detchd,1950.0,Unf,2.0,440.0,TA,TA,Y,0.0,38.0,0.0,144.0,0.0,0.0,Gd,MnPrv,Shed,0.0,5.0,2007.0,WD,Normal,210000.0,0.5457314211620333,3.0,高
548.0,85.0,RL,54.0,7244.0,Pave,Grvl,Reg,Lvl,AllPub,Inside,Gtl,Mitchel,Norm,Norm,1Fam,SFoyer,5.0,7.0,1970.0,1970.0,Gable,CompShg,VinylSd,VinylSd,BrkFace,0.0,TA,Gd,CBlock,Gd,TA,Av,ALQ,619.0,Unf,0.0,149.0,768.0,GasA,Ex,Y,SBrkr,768.0,0.0,0.0,768.0,1.0,0.0,1.0,0.0,2.0,1.0,TA,5.0,Typ,0.0,Gd,Detchd,1987.0,Unf,2.0,624.0,TA,TA,Y,104.0,0.0,0.0,0.0,0.0,0.0,Gd,MnPrv,Shed,0.0,4.0,2007.0,WD,Normal,129500.0,-0.6863836520571795,1.0,低
549.0,20.0,RM,49.0,8235.0,Pave,Grvl,IR1,HLS,AllPub,Inside,Gtl,OldTown,Feedr,RRNn,1Fam,1Story,5.0,7.0,1955.0,1995.0,Gable,CompShg,MetalSd,MetalSd,BrkFace,0.0,TA,Gd,CBlock,TA,TA,No,LwQ,180.0,Rec,645.0,0.0,825.0,GasA,TA,Y,SBrkr,825.0,0.0,0.0,825.0,1.0,0.0,1.0,0.0,2.0,1.0,TA,4.0,Typ,0.0,Gd,Detchd,1963.0,RFn,2.0,720.0,TA,TA,Y,140.0,50.0,0.0,0.0,0.0,0.0,Gd,MnPrv,Shed,0.0,6.0,2008.0,WD,Normal,125000.0,-0.7552596499389989,0.0,极低
550.0,60.0,FV,75.0,9375.0,Pave,Grvl,Reg,Lvl,AllPub,Inside,Gtl,Somerst,Norm,Norm,1Fam,2Story,7.0,5.0,2003.0,2004.0,Gable,CompShg,VinylSd,VinylSd,BrkFace,0.0,Gd,TA,PConc,Gd,TA,No,Unf,0.0,Unf,0.0,912.0,912.0,GasA,Ex,Y,SBrkr,912.0,1182.0,0.0,2094.0,0.0,0.0,2.0,1.0,4.0,1.0,Gd,8.0,Typ,1.0,Gd,BuiltIn,2003.0,Fin,2.0,615.0,TA,TA,Y,182.0,182.0,0.0,0.0,0.0,0.0,Gd,MnPrv,Shed,0.0,11.0,2009.0,WD,Normal,263000.0,1.3569376184367947,4.0,极高
551.0,120.0,RL,53.0,4043.0,Pave,Grvl,Reg,Lvl,AllPub,Inside,Gtl,NPkVill,Norm,Norm,TwnhsE,1Story,6.0,6.0,1977.0,1977.0,Gable,CompShg,Plywood,Plywood,BrkFace,0.0,TA,TA,CBlock,Gd,TA,No,ALQ,559.0,Unf,0.0,510.0,1069.0,GasA,TA,Y,SBrkr,1069.0,0.0,0.0,1069.0,0.0,0.0,2.0,0.0,2.0,1.0,TA,4.0,Typ,0.0,Gd,Attchd,1977.0,RFn,2.0,440.0,TA,TA,Y,0.0,55.0,0.0,0.0,200.0,0.0,Gd,MnPrv,Shed,0.0,10.0,2008.0,COD,Abnorml,140000.0,-0.5256729903329344,1.0,低
552.0,20.0,RM,50.0,6000.0,Pave,Grvl,Reg,Lvl,AllPub,Inside,Gtl,OldTown,Norm,Norm,1Fam,1Story,5.0,6.0,1957.0,1957.0,Hip,CompShg,BrkFace,BrkFace,BrkFace,0.0,TA,TA,CBlock,TA,TA,No,Rec,308.0,Unf,0.0,620.0,928.0,GasA,Gd,Y,FuseA,928.0,0.0,0.0,928.0,0.0,0.0,1.0,0.0,3.0,1.0,TA,5.0,Typ,0.0,Gd,Attchd,1957.0,Fin,1.0,288.0,TA,TA,Y,0.0,0.0,0.0,0.0,0.0,0.0,Gd,MnPrv,Shed,0.0,6.0,2008.0,WD,Normal,112500.0,-0.9465818662773859,0.0,极低
553.0,20.0,RL,87.0,11146.0,Pave,Grvl,IR1,Lvl,AllPub,Inside,Gtl,NridgHt,Norm,Norm,1Fam,1Story,8.0,5.0,2006.0,2006.0,Gable,CompShg,VinylSd,VinylSd,Stone,250.0,Gd,TA,PConc,Ex,TA,Av,Unf,0.0,Unf,0.0,1709.0,1709.0,GasA,Ex,Y,SBrkr,1717.0,0.0,0.0,1717.0,0.0,0.0,2.0,0.0,3.0,1.0,Gd,7.0,Typ,1.0,Gd,Attchd,2006.0,RFn,3.0,908.0,TA,TA,Y,169.0,39.0,0.0,0.0,0.0,0.0,Gd,MnPrv,Shed,0.0,7.0,2009.0,WD,Normal,255500.0,1.2421442886337624,4.0,极高
554.0,20.0,RL,67.0,8777.0,Pave,Grvl,Reg,Lvl,AllPub,Inside,Gtl,Edwards,Feedr,Norm,1Fam,1Story,4.0,5.0,1949.0,2003.0,Gable,CompShg,VinylSd,VinylSd,BrkFace,0.0,TA,TA,CBlock,TA,TA,No,Unf,0.0,Unf,0.0,0.0,0.0,GasA,Ex,Y,SBrkr,1126.0,0.0,0.0,1126.0,0.0,0.0,2.0,0.0,2.0,1.0,Gd,5.0,Typ,0.0,Gd,Detchd,2002.0,Fin,2.0,520.0,TA,TA,N,0.0,96.0,0.0,0.0,0.0,0.0,Gd,MnPrv,Shed,0.0,5.0,2009.0,WD,Normal,108000.0,-1.0154578641592054,0.0,极低
555.0,60.0,RL,85.0,10625.0,Pave,Grvl,Reg,Lvl,AllPub,Inside,Gtl,NridgHt,Norm,Norm,1Fam,2Story,7.0,5.0,2003.0,2004.0,Gable,CompShg,VinylSd,VinylSd,BrkFace,292.0,Gd,TA,PConc,Gd,TA,No,GLQ,866.0,Unf,0.0,132.0,998.0,GasA,Ex,Y,SBrkr,1006.0,1040.0,0.0,2046.0,1.0,0.0,2.0,1.0,3.0,1.0,Gd,8.0,Typ,1.0,Gd,BuiltIn,2003.0,RFn,3.0,871.0,TA,TA,Y,320.0,62.0,0.0,0.0,0.0,0.0,Gd,MnPrv,Shed,0.0,8.0,2008.0,WD,Normal,284000.0,1.678358941885285,4.0,极高
556.0,45.0,RM,58.0,6380.0,Pave,Grvl,Reg,Lvl,AllPub,Inside,Gtl,BrkSide,Norm,Norm,1Fam,1.5Unf,5.0,6.0,1922.0,1950.0,Gable,CompShg,MetalSd,MetalSd,BrkFace,0.0,TA,TA,BrkTil,TA,Fa,No,Unf,0.0,Unf,0.0,993.0,993.0,GasA,TA,Y,FuseA,1048.0,0.0,0.0,1048.0,0.0,0.0,1.0,0.0,2.0,1.0,TA,5.0,Typ,1.0,Gd,Detchd,1922.0,Unf,1.0,280.0,TA,TA,Y,0.0,0.0,116.0,0.0,0.0,0.0,Gd,MnPrv,Shed,0.0,8.0,2006.0,WD,Normal,113000.0,-0.9389289776238504,0.0,极低
557.0,20.0,RL,69.0,14850.0,Pave,Grvl,IR1,Lvl,AllPub,Inside,Gtl,NAmes,Norm,Norm,1Fam,1Story,5.0,5.0,1957.0,1957.0,Gable,CompShg,Wd Sdng,Wd Sdng,BrkFace,0.0,TA,TA,CBlock,TA,TA,No,Rec,895.0,Unf,0.0,197.0,1092.0,GasA,TA,Y,FuseA,1092.0,0.0,0.0,1092.0,1.0,0.0,1.0,0.0,2.0,1.0,TA,6.0,Typ,1.0,TA,Attchd,1957.0,Fin,1.0,299.0,TA,TA,Y,268.0,0.0,0.0,0.0,122.0,0.0,Gd,MnWw,Shed,0.0,5.0,2006.0,WD,Normal,141000.0,-0.5103672130258634,1.0,低
558.0,50.0,C (all),60.0,11040.0,Pave,Grvl,Reg,Low,AllPub,Inside,Mod,IDOTRR,Norm,Norm,1Fam,1.5Fin,4.0,6.0,1920.0,1950.0,Gable,CompShg,MetalSd,MetalSd,BrkFace,0.0,TA,TA,CBlock,TA,TA,No,Rec,637.0,Unf,0.0,0.0,637.0,GasA,Gd,Y,SBrkr,897.0,439.0,0.0,1336.0,0.0,0.0,1.0,1.0,3.0,1.0,TA,7.0,Typ,0.0,Gd,CarPort,1994.0,Unf,1.0,570.0,TA,TA,Y,0.0,47.0,120.0,0.0,0.0,0.0,Gd,MnPrv,Shed,0.0,9.0,2006.0,COD,Normal,108000.0,-1.0154578641592054,0.0,极低
559.0,60.0,RL,57.0,21872.0,Pave,Grvl,IR2,HLS,AllPub,FR2,Gtl,Gilbert,Norm,Norm,1Fam,2Story,7.0,5.0,1996.0,1997.0,Gable,CompShg,HdBoard,HdBoard,BrkFace,0.0,TA,TA,PConc,Gd,TA,Gd,GLQ,604.0,Unf,0.0,125.0,729.0,GasA,Ex,Y,SBrkr,729.0,717.0,0.0,1446.0,0.0,1.0,2.0,1.0,3.0,1.0,TA,6.0,Typ,1.0,TA,Attchd,1996.0,Unf,2.0,406.0,TA,TA,Y,264.0,22.0,0.0,0.0,0.0,0.0,Gd,MnPrv,Shed,0.0,8.0,2008.0,WD,Normal,175000.0,0.010029215414549505,3.0,高
560.0,120.0,RL,46.8,3196.0,Pave,Grvl,Reg,Lvl,AllPub,Inside,Gtl,Blmngtn,Norm,Norm,TwnhsE,1Story,7.0,5.0,2003.0,2004.0,Gable,CompShg,VinylSd,VinylSd,BrkFace,18.0,Gd,TA,PConc,Gd,TA,Gd,Unf,0.0,Unf,0.0,1374.0,1374.0,GasA,Ex,Y,SBrkr,1557.0,0.0,0.0,1557.0,0.0,0.0,2.0,0.0,2.0,1.0,Gd,7.0,Typ,1.0,TA,Attchd,2003.0,Fin,2.0,420.0,TA,TA,Y,143.0,20.0,0.0,0.0,0.0,0.0,Gd,MnPrv,Shed,0.0,10.0,2006.0,WD,Normal,234000.0,0.9130700765317366,4.0,极高
561.0,20.0,RL,75.8,11341.0,Pave,Grvl,IR1,Lvl,AllPub,Inside,Gtl,Sawyer,Norm,Norm,1Fam,1Story,5.0,6.0,1957.0,1996.0,Hip,CompShg,Wd Sdng,Wd Sdng,BrkFace,180.0,TA,TA,CBlock,Gd,TA,No,ALQ,1302.0,Unf,0.0,90.0,1392.0,GasA,TA,Y,SBrkr,1392.0,0.0,0.0,1392.0,1.0,0.0,1.0,1.0,3.0,1.0,TA,5.0,Mod,1.0,Gd,Detchd,1957.0,Unf,2.0,528.0,TA,TA,Y,0.0,0.0,0.0,0.0,95.0,0.0,Gd,MnPrv,Shed,0.0,5.0,2010.0,WD,Normal,121500.0,-0.8088298705137472,0.0,极低
562.0,20.0,RL,77.0,10010.0,Pave,Grvl,Reg,Lvl,AllPub,Inside,Mod,Mitchel,Norm,Norm,1Fam,1Story,5.0,5.0,1974.0,1975.0,Gable,CompShg,HdBoard,HdBoard,BrkFace,0.0,TA,TA,CBlock,Gd,TA,Av,ALQ,1071.0,LwQ,123.0,195.0,1389.0,GasA,Gd,Y,SBrkr,1389.0,0.0,0.0,1389.0,1.0,0.0,1.0,0.0,2.0,1.0,TA,6.0,Typ,1.0,TA,Attchd,1975.0,RFn,2.0,418.0,TA,TA,Y,240.0,38.0,0.0,0.0,0.0,0.0,Gd,MnPrv,Shed,0.0,4.0,2006.0,WD,Normal,170000.0,-0.06649967112080533,2.0,中
563.0,30.0,RL,63.0,13907.0,Pave,Grvl,Reg,Lvl,AllPub,Inside,Gtl,Edwards,Norm,Norm,1Fam,1Story,5.0,6.0,1940.0,1969.0,Gable,CompShg,WdShing,Wd Shng,BrkFace,0.0,TA,TA,CBlock,TA,TA,No,BLQ,290.0,Unf,0.0,706.0,996.0,GasA,Ex,Y,SBrkr,996.0,0.0,0.0,996.0,1.0,0.0,1.0,0.0,3.0,1.0,TA,6.0,Typ,1.0,Gd,Attchd,1983.2,Unf,0.0,0.0,TA,TA,Y,144.0,0.0,0.0,0.0,0.0,0.0,Gd,MnPrv,Shed,0.0,7.0,2008.0,WD,Normal,108000.0,-1.0154578641592054,0.0,极低
564.0,50.0,RL,66.0,21780.0,Pave,Grvl,Reg,Lvl,AllPub,Inside,Gtl,Edwards,Norm,Norm,1Fam,1.5Fin,6.0,7.0,1918.0,1950.0,Gable,CompShg,Wd Sdng,Wd Sdng,BrkFace,0.0,TA,TA,BrkTil,Gd,TA,Mn,Unf,0.0,Unf,0.0,1163.0,1163.0,GasA,Ex,Y,SBrkr,1163.0,511.0,0.0,1674.0,0.0,0.0,2.0,0.0,4.0,1.0,TA,8.0,Typ,1.0,Gd,Detchd,1955.0,Fin,2.0,396.0,TA,TA,N,72.0,36.0,0.0,0.0,144.0,0.0,Gd,MnPrv,Shed,0.0,7.0,2008.0,WD,Normal,185000.0,0.16308698848525918,3.0,高
565.0,60.0,RL,80.6,13346.0,Pave,Grvl,IR1,Lvl,AllPub,CulDSac,Gtl,NoRidge,Norm,Norm,1Fam,2Story,7.0,5.0,1992.0,2000.0,Gable,CompShg,HdBoard,HdBoard,BrkFace,0.0,Gd,TA,PConc,Gd,TA,No,GLQ,728.0,Unf,0.0,367.0,1095.0,GasA,Ex,Y,SBrkr,1166.0,1129.0,0.0,2295.0,1.0,0.0,2.0,1.0,4.0,1.0,Gd,9.0,Typ,1.0,TA,Attchd,1992.0,RFn,2.0,590.0,TA,TA,Y,0.0,40.0,0.0,0.0,0.0,0.0,Gd,MnPrv,Shed,0.0,7.0,2006.0,WD,Normal,268000.0,1.4334665049721496,4.0,极高
566.0,70.0,RL,66.0,6858.0,Pave,Grvl,Reg,Bnk,AllPub,Corner,Gtl,SWISU,Norm,Norm,1Fam,2Story,6.0,4.0,1915.0,1950.0,Gable,CompShg,Wd Sdng,Wd Sdng,BrkFace,0.0,TA,TA,PConc,Gd,TA,No,Unf,0.0,Unf,0.0,806.0,806.0,GasA,TA,N,FuseF,841.0,806.0,0.0,1647.0,1.0,0.0,1.0,1.0,4.0,1.0,Fa,6.0,Typ,0.0,Gd,Detchd,1920.0,Unf,1.0,216.0,TA,TA,Y,0.0,66.0,136.0,0.0,0.0,0.0,Gd,MnPrv,Shed,0.0,5.0,2010.0,WD,Normal,128000.0,-0.7093423180177859,1.0,低
567.0,60.0,RL,77.0,11198.0,Pave,Grvl,IR1,Lvl,AllPub,Inside,Gtl,StoneBr,Norm,Norm,1Fam,2Story,9.0,5.0,2005.0,2007.0,Hip,CompShg,VinylSd,VinylSd,BrkFace,245.0,Gd,TA,PConc,Gd,Gd,No,Unf,0.0,Unf,0.0,1122.0,1122.0,GasA,Ex,Y,SBrkr,1134.0,1370.0,0.0,2504.0,0.0,0.0,2.0,1.0,4.0,1.0,Ex,11.0,Typ,1.0,Gd,BuiltIn,2005.0,Fin,3.0,656.0,TA,TA,Y,144.0,39.0,0.0,0.0,0.0,0.0,Gd,MnPrv,Shed,0.0,6.0,2008.0,WD,Normal,325000.0,2.3058958114751946,4.0,极高
568.0,20.0,RL,70.0,10171.0,Pave,Grvl,IR1,Lvl,AllPub,Inside,Gtl,NridgHt,Norm,Norm,1Fam,1Story,7.0,5.0,2004.0,2004.0,Gable,CompShg,VinylSd,VinylSd,BrkFace,168.0,Gd,TA,PConc,Gd,TA,No,GLQ,2.0,Unf,0.0,1515.0,1517.0,GasA,Ex,Y,SBrkr,1535.0,0.0,0.0,1535.0,0.0,0.0,2.0,0.0,3.0,1.0,Gd,7.0,Typ,0.0,Gd,Attchd,2004.0,RFn,2.0,532.0,TA,TA,Y,0.0,0.0,0.0,0.0,0.0,0.0,Gd,MnPrv,Shed,0.0,3.0,2010.0,WD,Normal,214000.0,0.6069545303903172,3.0,高
569.0,50.0,RL,79.0,12327.0,Pave,Grvl,IR1,Low,AllPub,Inside,Mod,SawyerW,Norm,Norm,1Fam,1.5Fin,8.0,8.0,1983.0,2009.0,Gable,CompShg,Wd Sdng,Wd Sdng,BrkFace,0.0,Gd,TA,CBlock,Gd,TA,Gd,GLQ,1441.0,Unf,0.0,55.0,1496.0,GasA,Ex,Y,SBrkr,1496.0,636.0,0.0,2132.0,1.0,0.0,1.0,1.0,1.0,1.0,Gd,5.0,Min2,1.0,Gd,BuiltIn,1983.0,Fin,2.0,612.0,Gd,TA,Y,349.0,40.0,0.0,0.0,0.0,0.0,Gd,MnPrv,Shed,0.0,9.0,2009.0,WD,Normal,316600.0,2.1773272820957983,4.0,极高
570.0,90.0,RL,66.2,7032.0,Pave,Grvl,IR1,Lvl,AllPub,Corner,Gtl,NAmes,Norm,Norm,Duplex,SFoyer,5.0,5.0,1979.0,1979.0,Gable,CompShg,MetalSd,MetalSd,BrkFace,0.0,TA,TA,CBlock,Gd,TA,Gd,GLQ,943.0,Unf,0.0,0.0,943.0,GasA,TA,Y,SBrkr,943.0,0.0,0.0,943.0,1.0,0.0,1.0,0.0,2.0,1.0,TA,4.0,Typ,2.0,TA,Detchd,1979.0,Unf,2.0,600.0,TA,TA,Y,42.0,0.0,0.0,0.0,0.0,0.0,Gd,MnPrv,Shed,0.0,12.0,2006.0,WD,Normal,135960.0,-0.587508330653501,1.0,低
730.5,50.0,RL,70.0,9478.5,Pave,Grvl,IR1,Lvl,AllPub,Inside,Gtl,NAmes,Norm,Norm,Duplex,1Story,6.0,5.0,1973.0,1994.0,Gable,CompShg,HdBoard,HdBoard,BrkFace,0.0,TA,TA,CBlock,TA,TA,No,LwQ,383.5,Unf,0.0,477.5,991.5,GasA,TA,Y,SBrkr,1087.0,0.0,0.0,1464.0,0.0,0.0,2.0,0.0,3.0,1.0,TA,6.0,Typ,1.0,Gd,Detchd,1978.0,Unf,2.0,480.0,TA,TA,Y,0.0,25.0,0.0,0.0,0.0,0.0,Gd,MnPrv,Shed,0.0,6.0,2008.0,WD,Normal,163000.0,-0.1736401122703021,2.0,中
572.0,20.0,RL,60.0,7332.0,Pave,Grvl,Reg,Lvl,AllPub,Inside,Gtl,NAmes,Norm,Norm,1Fam,1Story,6.0,6.0,1959.0,1959.0,Gable,CompShg,WdShing,Wd Shng,BrkFace,207.0,TA,TA,CBlock,TA,TA,No,BLQ,414.0,Unf,0.0,450.0,864.0,GasA,Ex,Y,SBrkr,864.0,0.0,0.0,864.0,1.0,0.0,1.0,0.0,2.0,1.0,Gd,4.0,Typ,0.0,Gd,Attchd,1959.0,Unf,1.0,288.0,TA,TA,Y,168.0,0.0,0.0,0.0,0.0,0.0,Gd,MnPrv,Shed,0.0,10.0,2006.0,WD,Abnorml,120000.0,-0.8317885364743537,0.0,极低
573.0,60.0,RL,83.0,13159.0,Pave,Grvl,IR1,HLS,AllPub,Corner,Gtl,Timber,Norm,Norm,1Fam,2Story,7.0,5.0,2009.0,2009.0,Gable,CompShg,VinylSd,VinylSd,BrkFace,0.0,TA,TA,PConc,Ex,TA,Av,Unf,0.0,Unf,0.0,846.0,846.0,GasA,Gd,Y,SBrkr,846.0,846.0,0.0,1692.0,0.0,0.0,2.0,1.0,3.0,1.0,Gd,6.0,Typ,0.0,Gd,Attchd,2009.0,RFn,2.0,650.0,TA,TA,Y,208.0,114.0,0.0,0.0,0.0,0.0,Gd,MnPrv,Shed,0.0,7.0,2009.0,New,Partial,224500.0,0.7676651921145624,4.0,极高
574.0,80.0,RL,76.0,9967.0,Pave,Grvl,IR1,Lvl,AllPub,Inside,Gtl,Gilbert,Norm,Norm,1Fam,SLvl,7.0,5.0,2000.0,2000.0,Gable,CompShg,VinylSd,VinylSd,BrkFace,0.0,TA,TA,PConc,Gd,TA,No,Unf,0.0,Unf,0.0,384.0,384.0,GasA,Ex,Y,SBrkr,774.0,656.0,0.0,1430.0,0.0,0.0,2.0,1.0,3.0,1.0,TA,8.0,Typ,1.0,TA,BuiltIn,2000.0,RFn,2.0,400.0,TA,TA,Y,100.0,0.0,0.0,0.0,0.0,0.0,Gd,MnPrv,Shed,0.0,12.0,2007.0,WD,Normal,170000.0,-0.06649967112080533,2.0,中
575.0,80.0,RL,70.0,10500.0,Pave,Grvl,Reg,Lvl,AllPub,FR2,Gtl,NAmes,Norm,Norm,1Fam,SLvl,5.0,7.0,1971.0,2005.0,Gambrel,CompShg,MetalSd,AsphShn,BrkFace,82.0,TA,TA,CBlock,TA,TA,Av,ALQ,349.0,Unf,0.0,23.0,372.0,GasA,TA,Y,SBrkr,576.0,533.0,0.0,1109.0,0.0,1.0,1.0,0.0,3.0,1.0,TA,5.0,Typ,0.0,Gd,BuiltIn,1971.0,Unf,1.0,288.0,TA,TA,Y,35.0,0.0,0.0,0.0,0.0,0.0,Gd,GdWo,Shed,0.0,12.0,2007.0,WD,Normal,139000.0,-0.5409787676400053,1.0,低
576.0,50.0,RL,80.0,8480.0,Pave,Grvl,Reg,Lvl,AllPub,Inside,Gtl,NAmes,Norm,Norm,1Fam,1.5Fin,5.0,5.0,1947.0,1950.0,Gable,CompShg,MetalSd,MetalSd,BrkFace,0.0,TA,TA,CBlock,TA,TA,No,Rec,442.0,Unf,0.0,390.0,832.0,GasA,TA,Y,SBrkr,832.0,384.0,0.0,1216.0,0.0,0.0,1.0,0.0,2.0,1.0,TA,6.0,Typ,0.0,Gd,Detchd,1947.0,Unf,1.0,336.0,TA,TA,Y,158.0,0.0,102.0,0.0,0.0,0.0,Gd,MnPrv,Shed,0.0,10.0,2008.0,COD,Abnorml,118500.0,-0.8547472024349602,0.0,极低
577.0,50.0,RL,52.0,6292.0,Pave,Grvl,Reg,Lvl,AllPub,Inside,Gtl,SWISU,Norm,Norm,1Fam,1.5Fin,7.0,7.0,1928.0,1950.0,Gable,CompShg,Wd Sdng,Wd Sdng,BrkFace,0.0,TA,TA,BrkTil,TA,TA,No,Unf,0.0,Unf,0.0,861.0,861.0,GasA,Gd,Y,SBrkr,877.0,600.0,0.0,1477.0,0.0,1.0,2.0,0.0,3.0,1.0,TA,6.0,Typ,1.0,Gd,Detchd,1928.0,Unf,1.0,216.0,TA,TA,Y,0.0,50.0,0.0,0.0,0.0,0.0,Gd,MnPrv,Shed,0.0,8.0,2009.0,WD,Normal,145000.0,-0.4491441037975795,1.0,低
730.5,50.0,RL,70.0,9478.5,Pave,Grvl,IR1,Lvl,AllPub,Inside,Gtl,Sawyer,Norm,Norm,1Fam,SLvl,6.0,5.0,1973.0,1994.0,Gable,CompShg,VinylSd,VinylSd,BrkFace,0.0,TA,TA,CBlock,TA,TA,Av,LwQ,383.5,ALQ,0.0,477.5,991.5,GasA,Ex,Y,SBrkr,1087.0,0.0,0.0,1464.0,0.0,0.0,2.0,0.0,3.0,1.0,TA,6.0,Typ,1.0,Fa,Attchd,1978.0,RFn,2.0,480.0,TA,TA,Y,0.0,25.0,0.0,0.0,0.0,0.0,Gd,MnPrv,Shed,0.0,6.0,2008.0,WD,Abnorml,163000.0,-0.1736401122703021,2.0,中
579.0,160.0,FV,34.0,3604.0,Pave,Pave,Reg,Lvl,AllPub,Corner,Gtl,Somerst,Norm,Norm,TwnhsE,2Story,7.0,5.0,2007.0,2007.0,Gable,CompShg,VinylSd,VinylSd,BrkFace,0.0,Gd,TA,PConc,Gd,TA,No,Unf,0.0,Unf,0.0,689.0,689.0,GasA,Ex,Y,SBrkr,703.0,689.0,0.0,1392.0,0.0,0.0,2.0,0.0,2.0,1.0,Gd,5.0,Typ,0.0,Gd,Detchd,2007.0,Unf,2.0,540.0,TA,TA,Y,0.0,102.0,0.0,0.0,0.0,0.0,Gd,MnPrv,Shed,0.0,2.0,2008.0,WD,Abnorml,146000.0,-0.4338383264905085,1.0,低
580.0,50.0,RM,81.0,12150.0,Pave,Grvl,Reg,Lvl,AllPub,Inside,Gtl,OldTown,Norm,Norm,1Fam,1.5Fin,5.0,5.0,1954.0,1954.0,Gable,CompShg,MetalSd,MetalSd,BrkFace,335.0,TA,TA,BrkTil,TA,TA,No,Unf,0.0,Unf,0.0,1050.0,1050.0,GasA,Ex,N,FuseF,1050.0,745.0,0.0,1795.0,0.0,0.0,2.0,0.0,4.0,1.0,TA,7.0,Typ,0.0,Gd,Attchd,1954.0,Unf,1.0,352.0,Fa,TA,Y,0.0,0.0,0.0,0.0,0.0,0.0,Gd,MnPrv,Shed,0.0,11.0,2008.0,WD,Normal,131500.0,-0.6557720974430375,1.0,低
581.0,20.0,RL,62.0,14585.0,Pave,Grvl,IR1,Lvl,AllPub,CulDSac,Gtl,NAmes,Norm,Norm,1Fam,1Story,6.0,6.0,1960.0,1987.0,Gable,CompShg,Wd Sdng,Wd Sdng,BrkFace,85.0,TA,TA,CBlock,TA,TA,No,BLQ,594.0,Rec,219.0,331.0,1144.0,GasA,Ex,Y,SBrkr,1429.0,0.0,0.0,1429.0,0.0,1.0,1.0,0.0,3.0,1.0,Gd,7.0,Typ,2.0,Gd,Attchd,1960.0,Unf,2.0,572.0,TA,TA,Y,216.0,110.0,0.0,0.0,0.0,0.0,Gd,MnPrv,Shed,0.0,6.0,2007.0,WD,Normal,181900.0,0.11563907883333918,3.0,高
730.5,50.0,RL,70.0,9478.5,Pave,Grvl,Reg,Lvl,AllPub,Inside,Gtl,NridgHt,Norm,Norm,1Fam,1Story,6.0,5.0,1973.0,1994.0,Hip,CompShg,VinylSd,VinylSd,BrkFace,0.0,Ex,TA,PConc,Ex,TA,No,Unf,383.5,Unf,0.0,477.5,991.5,GasA,Ex,Y,SBrkr,1087.0,0.0,0.0,1464.0,0.0,0.0,2.0,0.0,3.0,1.0,Ex,6.0,Typ,1.0,Gd,Attchd,1978.0,RFn,2.0,480.0,TA,TA,Y,0.0,25.0,0.0,0.0,0.0,0.0,Gd,MnPrv,Shed,0.0,6.0,2008.0,New,Partial,163000.0,-0.1736401122703021,2.0,中
583.0,90.0,RL,81.0,11841.0,Grvl,Grvl,Reg,Lvl,AllPub,Inside,Gtl,Edwards,Norm,Norm,Duplex,SFoyer,6.0,5.0,1990.0,1990.0,Gable,CompShg,HdBoard,HdBoard,BrkFace,104.0,TA,Gd,CBlock,Gd,TA,Av,GLQ,816.0,Unf,0.0,0.0,816.0,GasA,TA,Y,SBrkr,816.0,0.0,0.0,816.0,1.0,0.0,1.0,0.0,3.0,1.0,TA,5.0,Typ,0.0,Gd,Attchd,1971.2,Unf,0.0,0.0,TA,TA,Y,0.0,32.0,0.0,0.0,0.0,0.0,Gd,MnPrv,Shed,0.0,5.0,2007.0,WD,Normal,118500.0,-0.8547472024349602,0.0,极低
730.5,50.0,RM,70.0,9478.5,Pave,Grvl,Reg,Lvl,AllPub,Inside,Gtl,OldTown,Artery,PosA,1Fam,2.5Unf,6.0,5.0,1973.0,1994.0,Gable,CompShg,Wd Sdng,Wd Sdng,BrkFace,0.0,Ex,Ex,BrkTil,TA,TA,No,Unf,383.5,Unf,0.0,477.5,991.5,GasA,Gd,Y,SBrkr,1087.0,0.0,0.0,1464.0,0.0,0.0,2.0,0.0,3.0,1.0,Gd,6.0,Typ,1.0,Gd,Detchd,1978.0,Unf,2.0,480.0,Gd,TA,Y,0.0,25.0,0.0,0.0,0.0,0.0,Gd,MnPrv,Shed,0.0,6.0,2008.0,WD,Normal,163000.0,-0.1736401122703021,2.0,中
585.0,50.0,RM,51.0,6120.0,Pave,Grvl,Reg,Lvl,AllPub,Inside,Gtl,BrkSide,Norm,Norm,1Fam,1.5Fin,4.0,7.0,1935.0,1995.0,Gable,CompShg,AsbShng,AsbShng,BrkFace,0.0,TA,TA,BrkTil,TA,TA,No,Unf,0.0,Unf,0.0,884.0,884.0,GasA,Ex,Y,SBrkr,989.0,584.0,0.0,1573.0,0.0,0.0,1.0,0.0,3.0,1.0,Gd,6.0,Typ,0.0,Gd,Detchd,1935.0,Unf,1.0,240.0,TA,TA,Y,0.0,0.0,54.0,0.0,120.0,0.0,Gd,MnPrv,Shed,0.0,7.0,2009.0,WD,Normal,133000.0,-0.6328134314824311,1.0,低
586.0,20.0,RL,88.0,11443.0,Pave,Grvl,Reg,Lvl,AllPub,Inside,Gtl,Timber,Norm,Norm,1Fam,1Story,8.0,5.0,2005.0,2006.0,Hip,CompShg,VinylSd,VinylSd,BrkFace,208.0,Gd,TA,PConc,Ex,TA,Gd,GLQ,1460.0,Unf,0.0,408.0,1868.0,GasA,Ex,Y,SBrkr,2028.0,0.0,0.0,2028.0,1.0,0.0,2.0,0.0,2.0,1.0,Gd,7.0,Typ,2.0,Gd,Attchd,2005.0,RFn,3.0,880.0,TA,TA,Y,326.0,66.0,0.0,0.0,0.0,0.0,Gd,MnPrv,Shed,0.0,3.0,2006.0,New,Partial,369900.0,2.993125212562681,4.0,极高
587.0,30.0,RL,55.0,10267.0,Pave,Grvl,Reg,Lvl,AllPub,Inside,Gtl,BrkSide,RRAn,Norm,1Fam,1Story,6.0,7.0,1918.0,2000.0,Gable,CompShg,Stucco,Wd Shng,BrkFace,0.0,TA,Gd,BrkTil,TA,Gd,Mn,Rec,210.0,ALQ,606.0,0.0,816.0,GasA,Ex,Y,SBrkr,838.0,0.0,0.0,838.0,1.0,0.0,1.0,0.0,2.0,1.0,Fa,5.0,Typ,0.0,Gd,Detchd,1961.0,Fin,1.0,275.0,TA,TA,N,0.0,0.0,112.0,0.0,0.0,0.0,Gd,MnWw,Shed,0.0,5.0,2008.0,WD,Normal,130000.0,-0.678730763403644,1.0,低
588.0,85.0,RL,74.0,8740.0,Pave,Grvl,IR1,Lvl,AllPub,Inside,Gtl,Sawyer,Norm,Norm,1Fam,SFoyer,5.0,6.0,1982.0,1982.0,Hip,CompShg,HdBoard,HdBoard,BrkFace,0.0,TA,TA,CBlock,TA,TA,Av,ALQ,672.0,Unf,0.0,168.0,840.0,GasA,TA,Y,SBrkr,860.0,0.0,0.0,860.0,1.0,0.0,1.0,0.0,2.0,1.0,TA,4.0,Typ,0.0,Gd,Detchd,1996.0,Unf,2.0,528.0,TA,TA,Y,0.0,0.0,0.0,0.0,0.0,0.0,Gd,MnPrv,Shed,0.0,7.0,2009.0,WD,Normal,137000.0,-0.5715903222541473,1.0,低
589.0,20.0,RL,65.0,25095.0,Pave,Grvl,IR1,Low,AllPub,Inside,Sev,ClearCr,Norm,Norm,1Fam,1Story,5.0,8.0,1968.0,2003.0,Flat,Tar&Grv,Wd Sdng,Wd Sdng,BrkFace,0.0,TA,TA,CBlock,TA,TA,Gd,GLQ,1324.0,Unf,0.0,113.0,1437.0,GasA,Ex,Y,SBrkr,1473.0,0.0,0.0,1473.0,2.0,0.0,1.0,0.0,1.0,1.0,Ex,5.0,Typ,2.0,Gd,Attchd,1968.0,Unf,1.0,452.0,TA,TA,Y,0.0,48.0,0.0,0.0,60.0,0.0,Gd,MnPrv,Shed,0.0,6.0,2009.0,WD,Partial,143000.0,-0.47975565841172146,1.0,低
590.0,40.0,RM,50.0,9100.0,Pave,Grvl,Reg,Lvl,AllPub,Inside,Gtl,BrkSide,RRAn,Feedr,1Fam,1Story,5.0,6.0,1930.0,1960.0,Gable,CompShg,VinylSd,VinylSd,BrkFace,0.0,TA,TA,BrkTil,TA,TA,No,Unf,0.0,Unf,0.0,742.0,742.0,GasA,TA,Y,FuseA,779.0,0.0,156.0,935.0,0.0,0.0,1.0,0.0,2.0,1.0,TA,4.0,Typ,0.0,Gd,Detchd,1988.0,Unf,1.0,308.0,TA,TA,P,0.0,0.0,0.0,0.0,0.0,0.0,Gd,MnPrv,Shed,600.0,8.0,2008.0,WD,Normal,79500.0,-1.451672517410728,0.0,极低
591.0,60.0,RL,64.0,8320.0,Pave,Grvl,Reg,Lvl,AllPub,Inside,Gtl,CollgCr,Norm,Norm,1Fam,2Story,7.0,5.0,2004.0,2004.0,Gable,CompShg,VinylSd,VinylSd,BrkFace,0.0,Gd,TA,PConc,Gd,TA,No,GLQ,490.0,Unf,0.0,280.0,770.0,GasA,Ex,Y,SBrkr,770.0,812.0,0.0,1582.0,0.0,0.0,2.0,1.0,3.0,1.0,Gd,6.0,Typ,0.0,Gd,Attchd,2004.0,RFn,2.0,520.0,TA,TA,Y,0.0,45.0,0.0,0.0,0.0,0.0,Gd,MnPrv,Shed,0.0,9.0,2008.0,WD,Normal,185900.0,0.17686218806162304,3.0,高
730.5,50.0,RL,70.0,9478.5,Pave,Grvl,IR1,Lvl,AllPub,Corner,Gtl,NridgHt,Norm,Norm,1Fam,2Story,6.0,5.0,1973.0,1994.0,Gable,CompShg,CemntBd,CmentBd,Stone,0.0,Ex,TA,PConc,Ex,TA,Gd,GLQ,383.5,Unf,0.0,477.5,991.5,GasA,Ex,Y,SBrkr,1087.0,0.0,0.0,1464.0,0.0,0.0,2.0,0.0,3.0,1.0,Ex,6.0,Typ,1.0,Gd,BuiltIn,1978.0,RFn,2.0,480.0,TA,TA,Y,0.0,25.0,0.0,0.0,0.0,0.0,Gd,MnPrv,Shed,0.0,6.0,2008.0,ConLI,Normal,163000.0,-0.1736401122703021,2.0,中
593.0,20.0,RL,60.0,6600.0,Pave,Grvl,Reg,Lvl,AllPub,Inside,Gtl,Mitchel,Norm,Norm,1Fam,1Story,5.0,8.0,1982.0,2003.0,Gable,CompShg,HdBoard,HdBoard,BrkFace,0.0,TA,Gd,PConc,TA,Gd,No,GLQ,816.0,Unf,0.0,0.0,816.0,GasA,Ex,Y,SBrkr,816.0,0.0,0.0,816.0,1.0,0.0,1.0,0.0,2.0,1.0,TA,4.0,Typ,0.0,Gd,Detchd,1985.0,Fin,2.0,816.0,TA,TA,Y,0.0,0.0,0.0,0.0,0.0,0.0,Gd,MnPrv,Shed,0.0,6.0,2008.0,WD,Normal,138000.0,-0.5562845449470762,1.0,低
594.0,120.0,RM,51.4,4435.0,Pave,Grvl,Reg,Lvl,AllPub,Inside,Gtl,CollgCr,Norm,Norm,TwnhsE,1Story,6.0,5.0,2003.0,2003.0,Gable,CompShg,VinylSd,VinylSd,BrkFace,170.0,Gd,TA,PConc,Gd,TA,Av,GLQ,685.0,Unf,0.0,163.0,848.0,GasA,Ex,Y,SBrkr,848.0,0.0,0.0,848.0,1.0,0.0,1.0,0.0,1.0,1.0,Gd,4.0,Typ,0.0,Gd,Attchd,2003.0,Fin,2.0,420.0,TA,TA,Y,140.0,0.0,0.0,0.0,0.0,0.0,Gd,MnPrv,Shed,0.0,5.0,2009.0,WD,Normal,140000.0,-0.5256729903329344,1.0,低
595.0,20.0,RL,88.0,7990.0,Pave,Grvl,IR1,Lvl,AllPub,Inside,Gtl,CollgCr,Norm,Norm,1Fam,1Story,5.0,6.0,1975.0,1975.0,Hip,CompShg,HdBoard,HdBoard,BrkFace,0.0,TA,TA,CBlock,Gd,TA,No,Unf,0.0,Unf,0.0,924.0,924.0,GasA,TA,Y,SBrkr,924.0,0.0,0.0,924.0,0.0,0.0,1.0,0.0,3.0,1.0,TA,5.0,Typ,0.0,Gd,Detchd,1981.0,Unf,1.0,280.0,TA,TA,Y,0.0,0.0,0.0,0.0,0.0,0.0,Gd,MnPrv,Shed,0.0,4.0,2008.0,WD,Normal,110000.0,-0.9848463095450634,0.0,极低
596.0,20.0,RL,69.0,11302.0,Pave,Grvl,IR1,Lvl,AllPub,Inside,Gtl,StoneBr,Norm,Norm,1Fam,1Story,8.0,5.0,2005.0,2006.0,Gable,CompShg,VinylSd,Other,BrkFace,238.0,Gd,TA,PConc,Gd,TA,Gd,GLQ,1422.0,Unf,0.0,392.0,1814.0,GasA,Ex,Y,SBrkr,1826.0,0.0,0.0,1826.0,1.0,0.0,2.0,0.0,3.0,1.0,Gd,7.0,Typ,1.0,TA,Attchd,2005.0,Fin,3.0,758.0,TA,TA,Y,180.0,75.0,0.0,0.0,120.0,0.0,Gd,MnPrv,Shed,0.0,8.0,2006.0,New,Partial,319000.0,2.2140611476327687,4.0,极高
597.0,70.0,RM,60.0,3600.0,Pave,Grvl,Reg,Lvl,AllPub,Inside,Gtl,OldTown,Norm,Norm,1Fam,2Story,6.0,7.0,1910.0,1993.0,Gable,CompShg,VinylSd,VinylSd,BrkFace,0.0,TA,TA,CBlock,TA,TA,No,Unf,0.0,Unf,0.0,684.0,684.0,GasA,Ex,N,FuseA,684.0,684.0,0.0,1368.0,0.0,0.0,1.0,0.0,3.0,1.0,TA,7.0,Typ,0.0,Gd,Detchd,1930.0,Unf,1.0,216.0,TA,Fa,N,0.0,158.0,0.0,0.0,0.0,0.0,Gd,MnPrv,Shed,0.0,10.0,2006.0,WD,Normal,114504.0,-0.9159090885540158,0.0,极低
730.5,50.0,RL,70.0,9478.5,Pave,Grvl,Reg,Lvl,AllPub,Inside,Gtl,Blmngtn,Norm,Norm,TwnhsE,1Story,6.0,5.0,1973.0,1994.0,Gable,CompShg,VinylSd,VinylSd,BrkFace,0.0,Gd,TA,PConc,Ex,TA,Av,Unf,383.5,Unf,0.0,477.5,991.5,GasA,Ex,Y,SBrkr,1087.0,0.0,0.0,1464.0,0.0,0.0,2.0,0.0,3.0,1.0,Gd,6.0,Typ,1.0,Gd,Attchd,1978.0,Fin,2.0,480.0,TA,TA,Y,0.0,25.0,0.0,0.0,0.0,0.0,Gd,MnPrv,Shed,0.0,6.0,2008.0,New,Partial,163000.0,-0.1736401122703021,2.0,中
599.0,20.0,RL,80.0,12984.0,Pave,Grvl,Reg,Bnk,AllPub,Inside,Gtl,Crawfor,Norm,Norm,1Fam,1Story,5.0,6.0,1977.0,1977.0,Gable,CompShg,Plywood,Plywood,BrkFace,459.0,TA,TA,CBlock,Gd,TA,Mn,ALQ,1283.0,LwQ,147.0,0.0,1430.0,GasA,Ex,Y,SBrkr,1647.0,0.0,0.0,1647.0,1.0,0.0,2.0,0.0,3.0,1.0,Gd,7.0,Typ,1.0,TA,Attchd,1977.0,Fin,2.0,621.0,TA,TA,Y,0.0,0.0,0.0,0.0,0.0,0.0,Gd,MnPrv,Shed,0.0,3.0,2006.0,WD,Normal,217500.0,0.6605247509650656,4.0,极高
600.0,160.0,RM,24.0,1950.0,Pave,Grvl,Reg,Lvl,AllPub,Inside,Gtl,Blueste,Norm,Norm,Twnhs,2Story,6.0,6.0,1980.0,1980.0,Gable,CompShg,MetalSd,MetalSd,BrkFace,0.0,TA,Gd,CBlock,Gd,TA,No,LwQ,81.0,GLQ,612.0,23.0,716.0,GasA,TA,Y,SBrkr,716.0,840.0,0.0,1556.0,1.0,0.0,2.0,1.0,3.0,1.0,TA,6.0,Typ,1.0,TA,Attchd,1980.0,Fin,2.0,452.0,TA,TA,Y,161.0,0.0,0.0,0.0,0.0,0.0,Gd,GdPrv,Shed,0.0,7.0,2008.0,COD,Normal,151000.0,-0.3573094399551537,1.0,低
601.0,60.0,RL,74.0,10927.0,Pave,Grvl,Reg,Lvl,AllPub,Inside,Gtl,NridgHt,Norm,Norm,1Fam,2Story,8.0,5.0,2005.0,2005.0,Gable,CompShg,VinylSd,VinylSd,BrkFace,280.0,Gd,TA,PConc,Gd,TA,Av,GLQ,546.0,Unf,0.0,512.0,1058.0,GasA,Ex,Y,SBrkr,1058.0,846.0,0.0,1904.0,1.0,0.0,2.0,1.0,3.0,1.0,Ex,8.0,Typ,1.0,Gd,BuiltIn,2003.0,Fin,2.0,736.0,TA,TA,Y,179.0,60.0,0.0,0.0,0.0,0.0,Gd,MnPrv,Shed,0.0,6.0,2006.0,WD,Normal,275000.0,1.5406069461216463,4.0,极高
602.0,50.0,RM,50.0,9000.0,Pave,Grvl,Reg,Bnk,AllPub,Inside,Gtl,IDOTRR,Norm,Norm,1Fam,1.5Fin,6.0,6.0,1937.0,1950.0,Gable,CompShg,Wd Sdng,Wd Sdng,BrkFace,0.0,TA,Gd,PConc,TA,TA,No,Unf,0.0,Unf,0.0,780.0,780.0,GasA,TA,Y,SBrkr,780.0,595.0,0.0,1375.0,0.0,0.0,1.0,1.0,3.0,1.0,Gd,6.0,Typ,1.0,Gd,Detchd,1979.0,Unf,1.0,544.0,TA,TA,P,0.0,162.0,0.0,0.0,126.0,0.0,Gd,MnPrv,Shed,0.0,12.0,2007.0,WD,Normal,141000.0,-0.5103672130258634,1.0,低
603.0,60.0,RL,80.0,10041.0,Pave,Grvl,IR1,Lvl,AllPub,Inside,Gtl,SawyerW,Norm,Norm,1Fam,2Story,8.0,5.0,1992.0,1992.0,Gable,CompShg,HdBoard,HdBoard,BrkFace,0.0,Gd,TA,PConc,Gd,TA,Mn,GLQ,789.0,Unf,0.0,119.0,908.0,GasA,Ex,Y,SBrkr,927.0,988.0,0.0,1915.0,1.0,0.0,2.0,1.0,3.0,1.0,Gd,8.0,Typ,1.0,TA,Attchd,1992.0,Fin,2.0,506.0,TA,TA,Y,120.0,150.0,0.0,0.0,0.0,0.0,Gd,MnPrv,Shed,0.0,2.0,2006.0,WD,Abnorml,220000.0,0.698789194232743,4.0,极高
604.0,160.0,FV,30.0,3182.0,Pave,Pave,Reg,Lvl,AllPub,Inside,Gtl,Somerst,Norm,Norm,TwnhsE,2Story,7.0,5.0,2004.0,2005.0,Gable,CompShg,MetalSd,MetalSd,BrkFace,0.0,Gd,TA,PConc,Gd,TA,No,Unf,0.0,Unf,0.0,600.0,600.0,GasA,Ex,Y,SBrkr,600.0,600.0,0.0,1200.0,0.0,0.0,2.0,1.0,2.0,1.0,Gd,4.0,Typ,0.0,Gd,Detchd,2004.0,RFn,2.0,480.0,TA,TA,Y,0.0,172.0,0.0,0.0,0.0,0.0,Gd,MnPrv,Shed,0.0,6.0,2010.0,WD,Normal,151000.0,-0.3573094399551537,1.0,低
605.0,20.0,RL,88.0,12803.0,Pave,Grvl,IR1,Lvl,AllPub,Inside,Gtl,CollgCr,Norm,Norm,1Fam,1Story,7.0,5.0,2002.0,2002.0,Gable,CompShg,VinylSd,VinylSd,BrkFace,99.0,Gd,TA,PConc,Gd,TA,Mn,GLQ,922.0,Unf,0.0,572.0,1494.0,GasA,Ex,Y,SBrkr,1494.0,0.0,0.0,1494.0,1.0,0.0,2.0,0.0,3.0,1.0,Gd,6.0,Typ,1.0,TA,Attchd,2002.0,RFn,2.0,530.0,TA,TA,Y,192.0,36.0,0.0,0.0,0.0,0.0,Gd,MnPrv,Shed,0.0,9.0,2008.0,WD,Normal,221000.0,0.714094971539814,4.0,极高
730.5,50.0,RL,70.0,9478.5,Pave,Grvl,Reg,Lvl,AllPub,Inside,Gtl,NAmes,Norm,Norm,1Fam,2Story,6.0,5.0,1973.0,1994.0,Gable,CompShg,HdBoard,HdBoard,BrkFace,0.0,TA,TA,CBlock,TA,TA,No,BLQ,383.5,Unf,0.0,477.5,991.5,GasA,TA,Y,SBrkr,1087.0,0.0,0.0,1464.0,0.0,0.0,2.0,0.0,3.0,1.0,TA,6.0,Typ,1.0,Fa,Attchd,1978.0,Unf,2.0,480.0,TA,TA,Y,0.0,25.0,0.0,0.0,0.0,0.0,Gd,MnPrv,Shed,0.0,6.0,2008.0,WD,Normal,163000.0,-0.1736401122703021,2.0,中
607.0,20.0,RL,82.0,12464.0,Pave,Grvl,IR2,Low,AllPub,Corner,Mod,CollgCr,Norm,Norm,1Fam,1Story,5.0,5.0,1996.0,1996.0,Gable,CompShg,VinylSd,VinylSd,BrkFace,0.0,TA,Gd,PConc,Gd,TA,No,GLQ,732.0,Unf,0.0,308.0,1040.0,GasA,Gd,Y,SBrkr,1040.0,0.0,0.0,1040.0,1.0,0.0,1.0,0.0,3.0,1.0,Gd,6.0,Typ,0.0,Gd,Detchd,2000.0,Unf,2.0,576.0,TA,TA,Y,168.0,0.0,0.0,0.0,0.0,0.0,Gd,GdPrv,Shed,0.0,11.0,2009.0,WD,Normal,152000.0,-0.34200366264808274,2.0,低
608.0,20.0,RL,78.0,7800.0,Pave,Grvl,Reg,Bnk,AllPub,Inside,Mod,Edwards,Norm,Norm,1Fam,2Story,5.0,8.0,1948.0,2002.0,Gable,CompShg,MetalSd,MetalSd,BrkFace,0.0,TA,Gd,CBlock,TA,Gd,No,GLQ,603.0,Unf,0.0,293.0,896.0,GasA,Ex,Y,SBrkr,1112.0,896.0,0.0,2008.0,1.0,0.0,3.0,0.0,3.0,1.0,Ex,8.0,Typ,0.0,Gd,Attchd,1948.0,Unf,1.0,230.0,TA,TA,Y,103.0,0.0,0.0,0.0,0.0,0.0,Gd,MnPrv,Shed,0.0,8.0,2006.0,WD,Normal,225000.0,0.7753180807680978,4.0,极高
609.0,70.0,RL,78.0,12168.0,Pave,Grvl,Reg,HLS,AllPub,Inside,Mod,Crawfor,Norm,Norm,1Fam,2Story,8.0,6.0,1934.0,1998.0,Gable,CompShg,BrkFace,Wd Sdng,BrkFace,0.0,TA,TA,PConc,Gd,TA,Mn,BLQ,428.0,Unf,0.0,537.0,965.0,GasA,TA,Y,SBrkr,1940.0,1254.0,0.0,3194.0,0.0,0.0,2.0,1.0,4.0,1.0,TA,10.0,Typ,2.0,Gd,Basment,1934.0,Unf,2.0,380.0,TA,TA,Y,0.0,0.0,0.0,0.0,0.0,0.0,Gd,MnPrv,Shed,0.0,9.0,2007.0,WD,Alloca,359100.0,2.8278228176463145,4.0,极高
610.0,20.0,RL,61.0,7943.0,Pave,Grvl,Reg,Lvl,AllPub,Inside,Gtl,Sawyer,Feedr,Norm,1Fam,1Story,4.0,5.0,1961.0,1961.0,Gable,CompShg,VinylSd,VinylSd,BrkCmn,192.0,TA,Fa,CBlock,TA,TA,Mn,Rec,903.0,Unf,0.0,126.0,1029.0,GasA,Gd,Y,SBrkr,1029.0,0.0,0.0,1029.0,1.0,0.0,1.0,0.0,3.0,1.0,TA,5.0,Typ,0.0,Gd,Attchd,1961.0,Unf,1.0,261.0,TA,TA,Y,64.0,0.0,39.0,0.0,0.0,0.0,Gd,MnPrv,Shed,0.0,4.0,2007.0,WD,Normal,118500.0,-0.8547472024349602,0.0,极低
611.0,60.0,RL,82.8,11050.0,Pave,Grvl,Reg,Lvl,AllPub,Inside,Gtl,CollgCr,PosN,Norm,1Fam,2Story,9.0,5.0,2000.0,2000.0,Hip,CompShg,VinylSd,VinylSd,BrkFace,204.0,Gd,TA,PConc,Ex,TA,Mn,GLQ,904.0,Unf,0.0,536.0,1440.0,GasA,Ex,Y,SBrkr,1476.0,677.0,0.0,2153.0,1.0,0.0,2.0,1.0,3.0,1.0,Ex,8.0,Typ,2.0,Ex,Attchd,2000.0,Fin,3.0,736.0,TA,TA,Y,253.0,142.0,0.0,0.0,0.0,0.0,Gd,MnPrv,Shed,0.0,5.0,2009.0,WD,Normal,313000.0,2.122226483790343,4.0,极高
612.0,80.0,RL,75.4,10395.0,Pave,Grvl,IR1,Lvl,AllPub,FR2,Gtl,NWAmes,Norm,Norm,1Fam,SLvl,6.0,6.0,1978.0,1978.0,Gable,CompShg,HdBoard,HdBoard,BrkFace,233.0,TA,TA,CBlock,Gd,TA,Av,ALQ,605.0,Unf,0.0,427.0,1032.0,GasA,TA,Y,SBrkr,1032.0,0.0,0.0,1032.0,0.0,1.0,2.0,0.0,3.0,1.0,TA,6.0,Typ,1.0,TA,Attchd,1978.0,Unf,2.0,564.0,TA,TA,Y,0.0,0.0,0.0,0.0,0.0,0.0,Gd,MnPrv,Shed,500.0,7.0,2007.0,WD,Normal,148000.0,-0.40322677187636663,1.0,低
613.0,60.0,RL,81.2,11885.0,Pave,Grvl,Reg,Lvl,AllPub,Inside,Gtl,CollgCr,Norm,Norm,1Fam,2Story,8.0,5.0,2001.0,2001.0,Gable,CompShg,VinylSd,VinylSd,BrkFace,108.0,Gd,TA,PConc,Gd,TA,Av,GLQ,990.0,Unf,0.0,309.0,1299.0,GasA,Ex,Y,SBrkr,1299.0,573.0,0.0,1872.0,1.0,0.0,2.0,1.0,3.0,1.0,Ex,7.0,Typ,1.0,TA,BuiltIn,2001.0,RFn,2.0,531.0,TA,TA,Y,160.0,122.0,0.0,0.0,0.0,0.0,Gd,MnPrv,Shed,0.0,11.0,2009.0,WD,Normal,261500.0,1.3339789524761883,4.0,极高
614.0,20.0,RL,70.0,8402.0,Pave,Grvl,Reg,Lvl,AllPub,Inside,Gtl,Mitchel,Feedr,Norm,1Fam,1Story,5.0,5.0,2007.0,2007.0,Gable,CompShg,VinylSd,VinylSd,BrkFace,0.0,TA,TA,PConc,Gd,TA,No,ALQ,206.0,Unf,0.0,914.0,1120.0,GasA,Ex,Y,SBrkr,1120.0,0.0,0.0,1120.0,0.0,0.0,1.0,0.0,3.0,1.0,TA,6.0,Typ,0.0,Gd,Attchd,1978.2,Unf,0.0,0.0,TA,TA,Y,0.0,30.0,0.0,0.0,0.0,0.0,Gd,MnPrv,Shed,0.0,12.0,2007.0,New,Partial,147000.0,-0.4185325491834376,1.0,低
615.0,180.0,RM,21.0,1491.0,Pave,Grvl,Reg,Lvl,AllPub,Inside,Gtl,MeadowV,Norm,Norm,TwnhsE,SFoyer,4.0,6.0,1972.0,1972.0,Gable,CompShg,CemntBd,CmentBd,BrkFace,0.0,TA,TA,CBlock,Gd,TA,Av,LwQ,150.0,GLQ,480.0,0.0,630.0,GasA,Ex,Y,SBrkr,630.0,0.0,0.0,630.0,1.0,0.0,1.0,0.0,1.0,1.0,TA,3.0,Typ,0.0,Gd,Attchd,1958.0,Unf,0.0,0.0,TA,TA,Y,96.0,24.0,0.0,0.0,0.0,0.0,Gd,MnPrv,Shed,0.0,5.0,2010.0,WD,Normal,75500.0,-1.5128956266390117,0.0,极低
616.0,85.0,RL,80.0,8800.0,Pave,Grvl,Reg,Lvl,AllPub,Inside,Gtl,NAmes,Feedr,Norm,1Fam,SFoyer,6.0,7.0,1963.0,1963.0,Gable,CompShg,MetalSd,MetalSd,BrkFace,156.0,TA,Gd,PConc,TA,TA,Gd,GLQ,763.0,Unf,0.0,173.0,936.0,GasA,Ex,Y,SBrkr,1054.0,0.0,0.0,1054.0,1.0,0.0,1.0,0.0,3.0,1.0,Gd,6.0,Typ,0.0,Gd,Attchd,1963.0,RFn,2.0,480.0,TA,TA,Y,120.0,0.0,0.0,0.0,0.0,0.0,Gd,MnPrv,Shed,0.0,5.0,2010.0,WD,Abnorml,137500.0,-0.5639374336006118,1.0,低
617.0,60.0,RL,63.8,7861.0,Pave,Grvl,IR1,Lvl,AllPub,Inside,Gtl,Gilbert,Norm,Norm,1Fam,2Story,6.0,5.0,2002.0,2003.0,Gable,CompShg,VinylSd,VinylSd,BrkFace,0.0,Gd,TA,PConc,Gd,TA,No,GLQ,457.0,Unf,0.0,326.0,783.0,GasA,Ex,Y,SBrkr,807.0,702.0,0.0,1509.0,1.0,0.0,2.0,1.0,3.0,1.0,Gd,7.0,Typ,1.0,Gd,Attchd,2002.0,Fin,2.0,393.0,TA,TA,Y,100.0,75.0,0.0,0.0,0.0,0.0,Gd,MnPrv,Shed,0.0,6.0,2006.0,WD,Normal,183200.0,0.13553658933253143,3.0,高
618.0,45.0,RL,59.0,7227.0,Pave,Grvl,Reg,HLS,AllPub,Corner,Mod,NAmes,Artery,Norm,1Fam,1.5Unf,6.0,6.0,1954.0,1954.0,Gable,CompShg,MetalSd,MetalSd,BrkFace,0.0,TA,TA,CBlock,TA,TA,No,Unf,0.0,Unf,0.0,832.0,832.0,GasA,Gd,Y,SBrkr,832.0,0.0,0.0,832.0,0.0,0.0,1.0,0.0,2.0,1.0,Gd,4.0,Typ,0.0,Gd,Detchd,1962.0,Unf,2.0,528.0,TA,TA,Y,0.0,0.0,0.0,0.0,0.0,0.0,Gd,MnPrv,Shed,0.0,6.0,2008.0,WD,Normal,105500.0,-1.0537223074268827,0.0,极低
619.0,20.0,RL,90.0,11694.0,Pave,Grvl,Reg,Lvl,AllPub,Inside,Gtl,NridgHt,Norm,Norm,1Fam,1Story,9.0,5.0,2007.0,2007.0,Hip,CompShg,CemntBd,CmentBd,BrkFace,452.0,Ex,TA,PConc,Ex,TA,Av,GLQ,48.0,Unf,0.0,1774.0,1822.0,GasA,Ex,Y,SBrkr,1828.0,0.0,0.0,1828.0,0.0,0.0,2.0,0.0,3.0,1.0,Gd,9.0,Typ,1.0,Gd,Attchd,2007.0,Unf,3.0,774.0,TA,TA,Y,0.0,108.0,0.0,0.0,260.0,0.0,Gd,MnPrv,Shed,0.0,7.0,2007.0,New,Partial,314813.0,2.149975858048063,4.0,极高
620.0,60.0,RL,85.0,12244.0,Pave,Grvl,Reg,Lvl,AllPub,Inside,Gtl,Timber,Norm,Norm,1Fam,2Story,8.0,5.0,2003.0,2003.0,Hip,CompShg,VinylSd,VinylSd,Stone,226.0,Gd,TA,PConc,Gd,TA,Gd,GLQ,871.0,Unf,0.0,611.0,1482.0,GasA,Ex,Y,SBrkr,1482.0,780.0,0.0,2262.0,1.0,0.0,2.0,1.0,4.0,1.0,Gd,10.0,Typ,2.0,Gd,Attchd,2003.0,Fin,3.0,749.0,TA,TA,Y,168.0,0.0,0.0,0.0,0.0,0.0,Gd,MnPrv,Shed,0.0,8.0,2008.0,WD,Normal,305000.0,1.9997802653337753,4.0,极高
621.0,30.0,RL,45.0,8248.0,Pave,Grvl,Reg,Lvl,AllPub,Inside,Gtl,Edwards,Norm,Norm,1Fam,1Story,3.0,3.0,1914.0,1950.0,Gable,CompShg,Stucco,Stucco,BrkFace,0.0,TA,TA,BrkTil,TA,TA,No,BLQ,41.0,Unf,0.0,823.0,864.0,GasA,TA,N,FuseF,864.0,0.0,0.0,864.0,1.0,0.0,1.0,0.0,2.0,1.0,TA,5.0,Typ,0.0,Gd,Attchd,1937.8,Unf,0.0,0.0,TA,TA,N,0.0,0.0,100.0,0.0,0.0,0.0,Gd,MnPrv,Shed,0.0,9.0,2008.0,WD,Normal,67000.0,-1.6429947337491149,0.0,极低
622.0,60.0,RL,90.0,10800.0,Pave,Grvl,Reg,Lvl,AllPub,Inside,Gtl,NWAmes,Norm,Norm,1Fam,2Story,6.0,7.0,1974.0,1997.0,Gable,CompShg,HdBoard,HdBoard,BrkFace,0.0,TA,TA,CBlock,TA,TA,No,ALQ,956.0,Rec,182.0,384.0,1522.0,GasA,TA,Y,SBrkr,1548.0,1066.0,0.0,2614.0,0.0,0.0,2.0,1.0,4.0,1.0,TA,9.0,Typ,1.0,TA,Attchd,1974.0,RFn,2.0,624.0,TA,TA,Y,38.0,243.0,0.0,0.0,0.0,0.0,Gd,MnPrv,Shed,0.0,6.0,2008.0,WD,Normal,240000.0,1.0049047403741624,4.0,极高
623.0,20.0,RL,71.0,7064.0,Pave,Grvl,Reg,Lvl,AllPub,Inside,Gtl,Sawyer,Norm,Norm,1Fam,1Story,5.0,6.0,1977.0,1977.0,Gable,CompShg,Plywood,Plywood,BrkFace,153.0,TA,TA,CBlock,TA,TA,No,BLQ,560.0,Unf,0.0,420.0,980.0,GasA,TA,Y,SBrkr,980.0,0.0,0.0,980.0,0.0,0.0,1.0,0.0,3.0,1.0,TA,6.0,Typ,0.0,Gd,Detchd,1986.0,Unf,2.0,484.0,TA,TA,Y,192.0,0.0,0.0,0.0,0.0,0.0,Gd,MnPrv,Shed,0.0,7.0,2009.0,WD,Normal,135000.0,-0.6022018768682892,1.0,低
624.0,160.0,FV,34.2,2117.0,Pave,Grvl,Reg,Lvl,AllPub,Inside,Gtl,Somerst,Norm,Norm,TwnhsE,2Story,6.0,5.0,2000.0,2000.0,Gable,CompShg,MetalSd,MetalSd,BrkFace,513.0,Gd,TA,PConc,Gd,TA,No,GLQ,420.0,Unf,0.0,336.0,756.0,GasA,Ex,Y,SBrkr,756.0,756.0,0.0,1512.0,0.0,0.0,2.0,1.0,2.0,1.0,Gd,4.0,Typ,1.0,TA,Detchd,2000.0,Unf,2.0,440.0,TA,TA,Y,0.0,32.0,0.0,0.0,0.0,0.0,Gd,MnPrv,Shed,0.0,6.0,2007.0,WD,Normal,168500.0,-0.08945833708141178,2.0,中
625.0,60.0,RL,80.0,10400.0,Pave,Grvl,Reg,Lvl,AllPub,Inside,Gtl,NWAmes,Norm,Norm,1Fam,2Story,6.0,5.0,1972.0,1972.0,Gable,CompShg,VinylSd,VinylSd,BrkFace,288.0,TA,TA,CBlock,TA,TA,No,Rec,247.0,Unf,0.0,485.0,732.0,GasA,Gd,Y,SBrkr,1012.0,778.0,0.0,1790.0,1.0,0.0,1.0,2.0,4.0,1.0,TA,8.0,Min2,1.0,TA,Attchd,1972.0,RFn,2.0,484.0,TA,TA,Y,148.0,0.0,0.0,0.0,147.0,0.0,Gd,MnPrv,Shed,0.0,11.0,2006.0,WD,Normal,165150.0,-0.14073269106009953,2.0,中
626.0,20.0,RL,87.0,10000.0,Pave,Grvl,IR1,Lvl,AllPub,Corner,Gtl,NAmes,Norm,Norm,1Fam,1Story,6.0,6.0,1962.0,1962.0,Hip,CompShg,Wd Sdng,Wd Sdng,BrkFace,261.0,TA,TA,CBlock,TA,TA,No,Unf,0.0,Unf,0.0,1116.0,1116.0,GasA,TA,Y,SBrkr,1116.0,0.0,0.0,1116.0,0.0,0.0,1.0,1.0,3.0,1.0,TA,5.0,Typ,0.0,Gd,Attchd,1962.0,Unf,2.0,440.0,TA,TA,Y,0.0,0.0,0.0,0.0,385.0,0.0,Gd,MnPrv,Shed,0.0,2.0,2010.0,WD,Normal,160000.0,-0.21955744419151502,2.0,中
627.0,20.0,RL,78.2,12342.0,Pave,Grvl,IR1,Lvl,AllPub,Inside,Gtl,NAmes,Norm,Norm,1Fam,1Story,5.0,5.0,1960.0,1978.0,Hip,CompShg,Wd Sdng,Wd Sdng,BrkFace,0.0,TA,TA,CBlock,TA,TA,No,Unf,0.0,Unf,0.0,978.0,978.0,GasA,TA,Y,SBrkr,1422.0,0.0,0.0,1422.0,0.0,0.0,1.0,0.0,3.0,1.0,TA,6.0,Min1,1.0,TA,Attchd,1960.0,RFn,1.0,286.0,TA,TA,Y,0.0,0.0,36.0,0.0,0.0,0.0,Gd,GdWo,Shed,600.0,8.0,2007.0,WD,Normal,139900.0,-0.5272035680636414,1.0,低
628.0,80.0,RL,80.0,9600.0,Pave,Grvl,Reg,Lvl,AllPub,Inside,Gtl,NAmes,Norm,Norm,1Fam,SLvl,6.0,6.0,1955.0,1972.0,Gable,CompShg,AsbShng,AsbShng,BrkFace,164.0,TA,TA,CBlock,TA,TA,Av,BLQ,674.0,LwQ,132.0,350.0,1156.0,GasA,Ex,Y,SBrkr,1520.0,0.0,0.0,1520.0,1.0,0.0,1.0,0.0,3.0,1.0,TA,7.0,Typ,2.0,Gd,Basment,1955.0,RFn,1.0,364.0,TA,TA,Y,0.0,0.0,189.0,0.0,0.0,0.0,Gd,MnPrv,Shed,0.0,3.0,2010.0,WD,Normal,153000.0,-0.3266978853410118,2.0,中
730.5,50.0,RL,70.0,9478.5,Pave,Grvl,IR1,HLS,AllPub,Inside,Sev,NAmes,Norm,Norm,1Fam,2Story,6.0,5.0,1973.0,1994.0,Gable,CompShg,Plywood,Plywood,BrkFace,0.0,TA,TA,PConc,Gd,TA,Av,Rec,383.5,Unf,0.0,477.5,991.5,GasA,TA,Y,SBrkr,1087.0,0.0,0.0,1464.0,0.0,0.0,2.0,0.0,3.0,1.0,Fa,6.0,Typ,1.0,TA,Attchd,1978.0,Unf,2.0,480.0,TA,TA,Y,0.0,25.0,0.0,0.0,0.0,0.0,Gd,MnPrv,Shed,0.0,6.0,2008.0,WD,Family,163000.0,-0.1736401122703021,2.0,中
630.0,80.0,RL,82.0,9020.0,Pave,Grvl,Reg,Lvl,AllPub,Corner,Gtl,NAmes,Feedr,Norm,1Fam,SLvl,6.0,5.0,1964.0,1964.0,Gable,WdShngl,Plywood,Wd Sdng,BrkFace,259.0,TA,TA,CBlock,TA,TA,Gd,GLQ,624.0,Rec,336.0,288.0,1248.0,GasA,TA,Y,SBrkr,1350.0,0.0,0.0,1350.0,1.0,0.0,1.0,1.0,3.0,1.0,TA,6.0,Typ,0.0,Gd,Attchd,1964.0,RFn,2.0,520.0,TA,TA,Y,176.0,0.0,0.0,0.0,0.0,0.0,Gd,GdPrv,Shed,0.0,6.0,2008.0,WD,Normal,168500.0,-0.08945833708141178,2.0,中
730.5,50.0,RM,70.0,9478.5,Pave,Grvl,Reg,Lvl,AllPub,Corner,Gtl,OldTown,Artery,Norm,1Fam,2Story,6.0,5.0,1973.0,1994.0,Gable,CompShg,VinylSd,VinylSd,BrkFace,0.0,TA,TA,BrkTil,Fa,Fa,No,Unf,383.5,Unf,0.0,477.5,991.5,GasA,TA,Y,FuseA,1087.0,0.0,0.0,1464.0,0.0,0.0,2.0,0.0,3.0,1.0,Ex,6.0,Typ,1.0,Gd,Detchd,1978.0,Unf,2.0,480.0,Fa,Po,N,0.0,25.0,0.0,0.0,0.0,0.0,Gd,MnPrv,Shed,0.0,6.0,2008.0,WD,Abnorml,163000.0,-0.1736401122703021,2.0,中
632.0,120.0,RL,34.0,4590.0,Pave,Grvl,Reg,Lvl,AllPub,Inside,Gtl,NridgHt,Norm,Norm,Twnhs,1Story,8.0,5.0,2006.0,2006.0,Gable,CompShg,VinylSd,VinylSd,Stone,108.0,Gd,TA,PConc,Gd,Gd,Mn,GLQ,24.0,Unf,0.0,1530.0,1554.0,GasA,Ex,Y,SBrkr,1554.0,0.0,0.0,1554.0,0.0,0.0,2.0,0.0,2.0,1.0,Gd,6.0,Typ,1.0,Gd,Attchd,2006.0,RFn,2.0,627.0,TA,TA,Y,156.0,73.0,0.0,0.0,0.0,0.0,Gd,MnPrv,Shed,0.0,8.0,2007.0,WD,Normal,209500.0,0.5380785325084979,3.0,高
633.0,20.0,RL,85.0,11900.0,Pave,Grvl,Reg,Lvl,AllPub,Inside,Gtl,NWAmes,Norm,Norm,1Fam,1Story,7.0,5.0,1977.0,1977.0,Hip,CompShg,Plywood,Plywood,BrkFace,209.0,TA,Gd,CBlock,TA,TA,No,ALQ,822.0,Unf,0.0,564.0,1386.0,GasA,TA,Y,SBrkr,1411.0,0.0,0.0,1411.0,0.0,0.0,2.0,0.0,3.0,1.0,TA,6.0,Typ,1.0,TA,Attchd,1977.0,Fin,2.0,544.0,TA,TA,Y,192.0,0.0,0.0,0.0,0.0,0.0,Gd,MnPrv,Shed,0.0,4.0,2009.0,WD,Family,82500.0,-1.405755185489515,0.0,极低
634.0,20.0,RL,80.0,9250.0,Pave,Grvl,Reg,Lvl,AllPub,Corner,Gtl,NAmes,Norm,Norm,1Fam,1Story,5.0,7.0,1954.0,2005.0,Gable,CompShg,Wd Sdng,Wd Sdng,BrkFace,0.0,TA,TA,CBlock,TA,TA,No,BLQ,480.0,LwQ,468.0,108.0,1056.0,GasA,TA,Y,SBrkr,1056.0,0.0,0.0,1056.0,0.0,1.0,1.0,0.0,3.0,1.0,TA,6.0,Typ,0.0,Gd,Attchd,1954.0,Unf,1.0,260.0,TA,TA,Y,390.0,0.0,0.0,0.0,0.0,0.0,Gd,MnPrv,Shed,0.0,7.0,2007.0,WD,Normal,139400.0,-0.534856456717177,1.0,低
730.5,50.0,RL,70.0,9478.5,Pave,Grvl,Reg,Lvl,AllPub,Inside,Gtl,OldTown,Norm,Norm,Duplex,SFoyer,6.0,5.0,1973.0,1994.0,Gable,CompShg,Plywood,Plywood,BrkFace,0.0,TA,TA,CBlock,TA,TA,No,GLQ,383.5,Unf,0.0,477.5,991.5,GasA,Gd,Y,SBrkr,1087.0,0.0,0.0,1464.0,0.0,0.0,2.0,0.0,3.0,1.0,TA,6.0,Typ,1.0,Gd,Detchd,1978.0,Unf,2.0,480.0,TA,TA,Y,0.0,25.0,0.0,0.0,0.0,0.0,Gd,GdPrv,Shed,0.0,6.0,2008.0,WD,Normal,163000.0,-0.1736401122703021,2.0,中
730.5,50.0,RH,70.0,9478.5,Pave,Pave,Reg,Bnk,AllPub,Inside,Gtl,SWISU,Feedr,Norm,2fmCon,2.5Fin,6.0,5.0,1973.0,1994.0,Hip,CompShg,VinylSd,VinylSd,BrkFace,0.0,Fa,TA,CBlock,TA,Fa,No,LwQ,383.5,Unf,0.0,477.5,991.5,GasA,Ex,Y,FuseA,1087.0,0.0,0.0,1464.0,0.0,0.0,2.0,0.0,3.0,1.0,Fa,6.0,Typ,1.0,Gd,Attchd,1978.0,Unf,2.0,480.0,TA,TA,N,0.0,25.0,0.0,0.0,0.0,0.0,Gd,MnPrv,Shed,0.0,6.0,2008.0,WD,Abnorml,163000.0,-0.1736401122703021,2.0,中
637.0,30.0,RM,51.0,6120.0,Pave,Grvl,Reg,Lvl,AllPub,Inside,Gtl,BrkSide,Norm,Norm,1Fam,1Story,2.0,3.0,1936.0,1950.0,Gable,CompShg,AsbShng,AsbShng,BrkFace,0.0,Fa,Fa,BrkTil,TA,Fa,No,Unf,0.0,Unf,0.0,264.0,264.0,Grav,Fa,N,FuseA,800.0,0.0,0.0,800.0,0.0,0.0,1.0,0.0,1.0,1.0,Fa,4.0,Maj1,1.0,Po,Attchd,1948.6,Unf,0.0,0.0,TA,TA,N,0.0,0.0,0.0,0.0,0.0,0.0,Gd,MnPrv,Shed,0.0,1.0,2009.0,ConLw,Normal,60000.0,-1.7501351748986118,0.0,极低
730.5,50.0,RM,70.0,9478.5,Pave,Grvl,Reg,Lvl,AllPub,Inside,Gtl,OldTown,Norm,Norm,2fmCon,1.5Fin,6.0,5.0,1973.0,1994.0,Gable,CompShg,Wd Sdng,Wd Sdng,BrkFace,0.0,TA,TA,CBlock,TA,TA,No,Unf,383.5,Unf,0.0,477.5,991.5,GasA,TA,Y,FuseA,1087.0,0.0,0.0,1464.0,0.0,0.0,2.0,0.0,3.0,1.0,Gd,6.0,Typ,1.0,Gd,BuiltIn,1978.0,Unf,2.0,480.0,TA,TA,Y,0.0,25.0,0.0,0.0,0.0,0.0,Gd,MnPrv,Shed,0.0,6.0,2008.0,WD,Normal,163000.0,-0.1736401122703021,2.0,中
639.0,30.0,RL,67.0,8777.0,Pave,Grvl,Reg,Lvl,AllPub,Inside,Gtl,Edwards,Feedr,Norm,1Fam,1Story,5.0,7.0,1910.0,1950.0,Gable,CompShg,MetalSd,Wd Sdng,BrkFace,0.0,TA,TA,CBlock,Fa,TA,No,Unf,0.0,Unf,0.0,796.0,796.0,GasA,Gd,Y,FuseA,796.0,0.0,0.0,796.0,0.0,0.0,1.0,0.0,2.0,1.0,TA,4.0,Typ,0.0,Gd,Attchd,1945.6,Unf,0.0,0.0,TA,TA,P,328.0,0.0,164.0,0.0,0.0,0.0,Gd,MnPrv,Shed,0.0,5.0,2008.0,WD,Normal,85000.0,-1.3674907422218376,0.0,极低
640.0,120.0,RL,53.0,3982.0,Pave,Grvl,Reg,Lvl,AllPub,Inside,Gtl,Blmngtn,Norm,Norm,TwnhsE,1Story,8.0,5.0,2006.0,2006.0,Hip,CompShg,VinylSd,VinylSd,BrkFace,0.0,Gd,TA,PConc,Gd,Gd,Av,GLQ,1154.0,Unf,0.0,366.0,1520.0,GasA,Ex,Y,SBrkr,1567.0,0.0,0.0,1567.0,1.0,0.0,2.0,0.0,1.0,1.0,Ex,7.0,Typ,1.0,Gd,Attchd,2006.0,Fin,3.0,648.0,TA,TA,Y,312.0,0.0,0.0,0.0,0.0,0.0,Gd,MnPrv,Shed,0.0,10.0,2006.0,New,Partial,264561.0,1.3808299368131325,4.0,极高
641.0,120.0,RL,62.0,12677.0,Pave,Grvl,IR1,Lvl,AllPub,Inside,Gtl,NridgHt,Norm,Norm,TwnhsE,1Story,8.0,5.0,2003.0,2004.0,Hip,CompShg,MetalSd,MetalSd,BrkFace,472.0,Ex,TA,PConc,Ex,TA,Gd,GLQ,1218.0,Unf,0.0,300.0,1518.0,GasA,Ex,Y,SBrkr,1518.0,0.0,0.0,1518.0,0.0,0.0,1.0,1.0,1.0,1.0,Ex,6.0,Typ,1.0,Gd,Attchd,2003.0,RFn,2.0,588.0,TA,TA,Y,185.0,140.0,0.0,0.0,0.0,0.0,Gd,MnPrv,Shed,0.0,4.0,2008.0,WD,Normal,274000.0,1.5253011688145752,4.0,极高
642.0,60.0,FV,66.4,7050.0,Pave,Grvl,Reg,Lvl,AllPub,Inside,Gtl,Somerst,Norm,Norm,1Fam,2Story,7.0,5.0,2001.0,2001.0,Gable,CompShg,VinylSd,VinylSd,BrkFace,0.0,Gd,TA,PConc,Gd,TA,No,GLQ,738.0,Unf,0.0,319.0,1057.0,GasA,Ex,Y,SBrkr,1057.0,872.0,0.0,1929.0,1.0,0.0,2.0,1.0,3.0,1.0,Gd,7.0,Typ,1.0,TA,Attchd,2001.0,Fin,2.0,650.0,TA,TA,Y,0.0,235.0,0.0,0.0,0.0,0.0,Gd,MnPrv,Shed,0.0,5.0,2007.0,WD,Normal,226000.0,0.7906238580751689,4.0,极高
643.0,80.0,RL,75.0,13860.0,Pave,Grvl,Reg,Lvl,AllPub,Inside,Gtl,NAmes,Norm,Norm,1Fam,SLvl,8.0,7.0,1972.0,1995.0,Gable,CompShg,Plywood,Wd Sdng,BrkFace,0.0,Gd,TA,CBlock,Gd,TA,Gd,GLQ,1410.0,Unf,0.0,542.0,1952.0,GasA,Gd,Y,SBrkr,2000.0,704.0,0.0,2704.0,1.0,0.0,2.0,1.0,4.0,1.0,Ex,9.0,Typ,3.0,TA,Attchd,1972.0,Fin,2.0,538.0,TA,TA,Y,269.0,111.0,0.0,0.0,0.0,0.0,Gd,MnPrv,Shed,0.0,7.0,2009.0,WD,Normal,345000.0,2.612011357616614,4.0,极高
644.0,60.0,RL,80.0,10793.0,Pave,Grvl,Reg,Lvl,AllPub,Inside,Gtl,NWAmes,RRAn,Norm,1Fam,2Story,5.0,5.0,1969.0,1969.0,Mansard,CompShg,WdShing,HdBoard,BrkFace,263.0,TA,TA,CBlock,TA,TA,No,Rec,493.0,BLQ,287.0,0.0,780.0,GasA,Ex,Y,SBrkr,780.0,840.0,0.0,1620.0,0.0,0.0,2.0,1.0,4.0,1.0,TA,7.0,Min1,0.0,Gd,Attchd,1969.0,Fin,2.0,462.0,TA,TA,Y,208.0,0.0,0.0,0.0,0.0,0.0,Gd,GdWo,Shed,0.0,4.0,2007.0,WD,Normal,152000.0,-0.34200366264808274,2.0,低
645.0,20.0,FV,85.0,9187.0,Pave,Grvl,Reg,Lvl,AllPub,Inside,Gtl,Somerst,Norm,Norm,1Fam,1Story,9.0,5.0,2009.0,2009.0,Gable,CompShg,CemntBd,CmentBd,Stone,162.0,Ex,TA,PConc,Ex,TA,Mn,GLQ,1121.0,Unf,0.0,645.0,1766.0,GasA,Ex,Y,SBrkr,1766.0,0.0,0.0,1766.0,1.0,0.0,2.0,1.0,2.0,1.0,Ex,7.0,Typ,1.0,Gd,Attchd,2009.0,Fin,3.0,478.0,TA,TA,Y,195.0,130.0,0.0,0.0,0.0,0.0,Gd,MnPrv,Shed,0.0,10.0,2009.0,New,Partial,370878.0,3.0080942627689966,4.0,极高
646.0,20.0,RL,79.2,10530.0,Pave,Grvl,IR1,Lvl,AllPub,Corner,Gtl,NAmes,Norm,Norm,1Fam,1Story,6.0,5.0,1971.0,1971.0,Hip,CompShg,Plywood,Plywood,BrkFace,0.0,TA,TA,CBlock,TA,TA,No,ALQ,282.0,LwQ,35.0,664.0,981.0,GasA,TA,Y,SBrkr,981.0,0.0,0.0,981.0,1.0,0.0,1.0,1.0,3.0,1.0,TA,5.0,Typ,0.0,Gd,Detchd,1979.0,Unf,2.0,576.0,TA,TA,Y,0.0,312.0,40.0,0.0,0.0,0.0,Gd,MnPrv,Shed,0.0,3.0,2007.0,WD,Normal,143250.0,-0.4759292140849537,1.0,低
647.0,20.0,RL,60.0,7200.0,Pave,Grvl,Reg,Lvl,AllPub,Inside,Gtl,NAmes,Norm,Norm,1Fam,1Story,5.0,5.0,1950.0,1950.0,Hip,CompShg,MetalSd,MetalSd,BrkFace,0.0,TA,TA,CBlock,TA,TA,No,Unf,0.0,Unf,0.0,0.0,0.0,GasA,Gd,Y,SBrkr,1048.0,0.0,0.0,1048.0,0.0,0.0,1.0,0.0,3.0,1.0,TA,7.0,Min1,0.0,Gd,Detchd,1950.0,Unf,2.0,420.0,TA,TA,Y,0.0,27.0,0.0,0.0,0.0,0.0,Gd,MnPrv,Shed,0.0,7.0,2008.0,WD,Normal,98300.0,-1.1639239040377938,0.0,极低
648.0,20.0,RL,85.0,10452.0,Pave,Grvl,IR1,Lvl,AllPub,Inside,Gtl,Edwards,Norm,Norm,1Fam,1Story,6.0,5.0,1953.0,1953.0,Hip,CompShg,Wd Sdng,Wd Sdng,Stone,216.0,TA,TA,CBlock,TA,TA,Mn,Rec,500.0,Unf,0.0,594.0,1094.0,GasA,Ex,Y,SBrkr,1094.0,0.0,0.0,1094.0,0.0,0.0,1.0,0.0,3.0,1.0,TA,5.0,Typ,2.0,Gd,Attchd,1953.0,RFn,2.0,495.0,TA,TA,Y,0.0,0.0,0.0,0.0,287.0,0.0,Gd,MnPrv,Shed,0.0,6.0,2008.0,WD,Normal,155000.0,-0.29608633072686985,2.0,中
649.0,60.0,RL,70.0,7700.0,Pave,Grvl,Reg,Lvl,AllPub,Inside,Gtl,NAmes,PosN,Norm,1Fam,2Story,6.0,5.0,1966.0,1966.0,Gable,CompShg,MetalSd,MetalSd,BrkFace,351.0,TA,TA,CBlock,TA,TA,No,Unf,0.0,Unf,0.0,756.0,756.0,GasA,TA,Y,SBrkr,1051.0,788.0,0.0,1839.0,0.0,0.0,1.0,1.0,4.0,1.0,TA,7.0,Typ,1.0,TA,Attchd,1966.0,Unf,2.0,442.0,TA,TA,Y,0.0,124.0,216.0,0.0,0.0,0.0,Gd,MnPrv,Shed,0.0,6.0,2010.0,WD,Normal,155000.0,-0.29608633072686985,2.0,中
650.0,180.0,RM,21.0,1936.0,Pave,Grvl,Reg,Lvl,AllPub,Inside,Gtl,MeadowV,Norm,Norm,Twnhs,SFoyer,4.0,6.0,1970.0,1970.0,Gable,CompShg,CemntBd,CmentBd,BrkFace,0.0,TA,TA,CBlock,Gd,TA,Av,BLQ,131.0,GLQ,499.0,0.0,630.0,GasA,Gd,Y,SBrkr,630.0,0.0,0.0,630.0,1.0,0.0,1.0,0.0,1.0,1.0,TA,3.0,Typ,0.0,Gd,Attchd,1972.6,Unf,0.0,0.0,TA,TA,Y,0.0,0.0,0.0,0.0,0.0,0.0,Gd,MnPrv,Shed,0.0,12.0,2007.0,WD,Normal,84500.0,-1.375143630875373,0.0,极低
651.0,60.0,FV,65.0,8125.0,Pave,Grvl,Reg,Lvl,AllPub,Inside,Gtl,Somerst,Norm,Norm,1Fam,2Story,7.0,6.0,2007.0,2007.0,Gable,CompShg,CemntBd,CmentBd,BrkFace,34.0,Gd,TA,PConc,Gd,TA,No,Unf,0.0,Unf,0.0,813.0,813.0,GasA,Ex,Y,SBrkr,822.0,843.0,0.0,1665.0,0.0,0.0,2.0,1.0,3.0,1.0,Gd,7.0,Typ,0.0,Gd,Attchd,2007.0,RFn,2.0,562.0,TA,TA,Y,0.0,0.0,0.0,0.0,0.0,0.0,Gd,MnPrv,Shed,0.0,5.0,2008.0,WD,Normal,205950.0,0.48374302306839595,3.0,高
652.0,70.0,RL,60.0,9084.0,Pave,Grvl,Reg,Lvl,AllPub,Inside,Gtl,Edwards,Artery,Norm,1Fam,2Story,4.0,5.0,1940.0,1950.0,Gable,CompShg,MetalSd,MetalSd,BrkFace,0.0,TA,TA,CBlock,TA,TA,Mn,Unf,0.0,Unf,0.0,755.0,755.0,GasA,TA,Y,SBrkr,755.0,755.0,0.0,1510.0,1.0,0.0,1.0,0.0,4.0,1.0,TA,7.0,Typ,1.0,Gd,Detchd,1940.0,Unf,1.0,296.0,Fa,Po,P,120.0,0.0,0.0,0.0,0.0,0.0,Gd,MnPrv,Shed,0.0,10.0,2009.0,WD,Normal,108000.0,-1.0154578641592054,0.0,极低
653.0,60.0,RL,70.0,8750.0,Pave,Grvl,Reg,Lvl,AllPub,Inside,Gtl,CollgCr,Norm,Norm,1Fam,2Story,7.0,5.0,1996.0,1996.0,Gable,CompShg,VinylSd,VinylSd,BrkFace,0.0,Gd,TA,PConc,Gd,TA,No,Unf,0.0,Unf,0.0,880.0,880.0,GasA,Ex,Y,SBrkr,909.0,807.0,0.0,1716.0,0.0,0.0,2.0,1.0,2.0,1.0,Gd,7.0,Typ,1.0,TA,Attchd,1996.0,RFn,2.0,512.0,TA,TA,Y,0.0,120.0,0.0,0.0,0.0,0.0,Gd,MnPrv,Shed,0.0,7.0,2009.0,WD,Normal,191000.0,0.254921652327685,3.0,高
654.0,50.0,RM,60.0,10320.0,Pave,Grvl,Reg,Lvl,AllPub,Inside,Gtl,IDOTRR,Norm,Norm,1Fam,1.5Fin,6.0,7.0,1906.0,1995.0,Gable,CompShg,MetalSd,MetalSd,BrkFace,0.0,TA,TA,CBlock,TA,TA,No,Unf,0.0,Unf,0.0,756.0,756.0,GasA,Ex,Y,SBrkr,756.0,713.0,0.0,1469.0,0.0,0.0,1.0,0.0,3.0,1.0,TA,7.0,Typ,0.0,Gd,Detchd,1906.0,Unf,1.0,216.0,TA,TA,Y,57.0,0.0,239.0,0.0,0.0,0.0,Gd,MnPrv,Shed,0.0,6.0,2008.0,WD,Normal,135000.0,-0.6022018768682892,1.0,低
655.0,20.0,RL,91.0,10437.0,Pave,Grvl,IR1,Lvl,AllPub,Inside,Gtl,NoRidge,Norm,Norm,1Fam,1Story,8.0,6.0,1995.0,1995.0,Hip,CompShg,MetalSd,MetalSd,BrkFace,660.0,Gd,Gd,PConc,Gd,TA,Gd,GLQ,1696.0,Unf,0.0,413.0,2109.0,GasA,Ex,Y,SBrkr,2113.0,0.0,0.0,2113.0,1.0,0.0,2.0,1.0,2.0,1.0,Gd,7.0,Typ,1.0,TA,Attchd,1995.0,Fin,3.0,839.0,TA,TA,Y,236.0,46.0,0.0,0.0,0.0,0.0,Gd,MnPrv,Shed,0.0,8.0,2008.0,WD,Normal,350000.0,2.6885402441519686,4.0,极高
656.0,160.0,RM,21.0,1680.0,Pave,Grvl,Reg,Lvl,AllPub,Inside,Gtl,BrDale,Norm,Norm,Twnhs,2Story,6.0,5.0,1971.0,1971.0,Gable,CompShg,HdBoard,ImStucc,BrkFace,381.0,TA,TA,CBlock,TA,TA,No,Unf,0.0,Unf,0.0,525.0,525.0,GasA,TA,Y,SBrkr,525.0,567.0,0.0,1092.0,0.0,0.0,1.0,1.0,3.0,1.0,TA,6.0,Typ,0.0,Gd,Detchd,1971.0,Unf,1.0,264.0,TA,TA,Y,0.0,0.0,0.0,0.0,0.0,0.0,Gd,MnPrv,Shed,0.0,3.0,2010.0,WD,Family,88000.0,-1.3215734103006247,0.0,极低
657.0,20.0,RL,72.0,10007.0,Pave,Grvl,IR1,Lvl,AllPub,Inside,Gtl,NAmes,Norm,Norm,1Fam,1Story,5.0,7.0,1959.0,2006.0,Gable,CompShg,HdBoard,HdBoard,BrkFace,54.0,Gd,TA,CBlock,TA,TA,No,ALQ,806.0,Unf,0.0,247.0,1053.0,GasA,Ex,Y,SBrkr,1053.0,0.0,0.0,1053.0,1.0,0.0,1.0,1.0,3.0,1.0,Gd,5.0,Typ,0.0,Gd,Attchd,1959.0,RFn,1.0,312.0,TA,TA,Y,0.0,0.0,0.0,0.0,0.0,0.0,Gd,MnPrv,Shed,0.0,8.0,2008.0,WD,Normal,145500.0,-0.44149121514404405,1.0,低
658.0,70.0,RL,60.0,7200.0,Pave,Grvl,Reg,HLS,AllPub,Inside,Mod,Crawfor,Norm,Norm,1Fam,2Story,7.0,6.0,1931.0,2000.0,Gable,CompShg,Stucco,Wd Shng,BrkFace,0.0,TA,Fa,BrkTil,Gd,TA,No,Unf,0.0,Unf,0.0,776.0,776.0,GasA,TA,Y,SBrkr,851.0,651.0,0.0,1502.0,0.0,0.0,1.0,1.0,3.0,1.0,TA,6.0,Typ,1.0,Gd,Attchd,1931.0,RFn,1.0,270.0,TA,TA,P,0.0,0.0,112.0,0.0,0.0,0.0,Gd,MnPrv,Shed,0.0,2.0,2008.0,WD,Normal,149000.0,-0.38792099456929563,1.0,低
659.0,50.0,RL,78.0,17503.0,Pave,Grvl,Reg,Lvl,AllPub,Inside,Gtl,NAmes,Artery,Norm,1Fam,1.5Fin,6.0,5.0,1948.0,1950.0,Gable,CompShg,VinylSd,VinylSd,BrkFace,0.0,TA,TA,CBlock,TA,TA,No,Unf,0.0,Unf,0.0,912.0,912.0,GasA,TA,Y,SBrkr,912.0,546.0,0.0,1458.0,0.0,1.0,1.0,0.0,3.0,1.0,TA,6.0,Typ,1.0,Gd,Attchd,1948.0,Unf,1.0,330.0,TA,TA,Y,192.0,0.0,0.0,0.0,0.0,0.0,Gd,MnPrv,Shed,0.0,1.0,2010.0,WD,Abnorml,97500.0,-1.1761685258834504,0.0,极低
660.0,20.0,RL,75.0,9937.0,Pave,Grvl,Reg,Lvl,AllPub,Corner,Gtl,Edwards,Norm,Norm,1Fam,1Story,5.0,7.0,1964.0,1999.0,Hip,CompShg,MetalSd,MetalSd,BrkFace,0.0,TA,Gd,PConc,TA,TA,No,BLQ,637.0,Unf,0.0,849.0,1486.0,GasA,Ex,Y,SBrkr,1486.0,0.0,0.0,1486.0,1.0,0.0,1.0,0.0,3.0,1.0,TA,7.0,Typ,0.0,Gd,Detchd,1968.0,Fin,2.0,480.0,TA,TA,Y,0.0,0.0,0.0,0.0,0.0,0.0,Gd,MnPrv,Shed,0.0,3.0,2009.0,WD,Normal,167000.0,-0.11241700304201824,2.0,中
661.0,60.0,RL,81.6,12384.0,Pave,Grvl,Reg,Lvl,AllPub,CulDSac,Gtl,NWAmes,Norm,Norm,1Fam,2Story,7.0,7.0,1976.0,1976.0,Gable,CompShg,Plywood,Plywood,BrkFace,233.0,TA,TA,CBlock,Gd,TA,No,Unf,0.0,Unf,0.0,793.0,793.0,GasA,TA,Y,SBrkr,1142.0,793.0,0.0,1935.0,0.0,0.0,2.0,1.0,3.0,1.0,TA,7.0,Typ,1.0,TA,Attchd,1976.0,RFn,2.0,550.0,TA,TA,Y,0.0,113.0,252.0,0.0,0.0,0.0,Gd,MnPrv,Shed,0.0,11.0,2007.0,WD,Normal,197900.0,0.3605315157464747,3.0,高
730.5,50.0,RL,70.0,9478.5,Pave,Grvl,IR2,Lvl,AllPub,CulDSac,Gtl,NoRidge,Norm,Norm,1Fam,2Story,6.0,5.0,1973.0,1994.0,Hip,CompShg,VinylSd,VinylSd,BrkFace,0.0,Gd,TA,PConc,Gd,Gd,No,GLQ,383.5,Rec,0.0,477.5,991.5,GasA,Ex,Y,SBrkr,1087.0,0.0,0.0,1464.0,0.0,0.0,2.0,0.0,3.0,1.0,Gd,6.0,Typ,1.0,TA,Attchd,1978.0,RFn,2.0,480.0,TA,TA,Y,0.0,25.0,0.0,0.0,0.0,0.0,Gd,MnPrv,Shed,0.0,6.0,2008.0,WD,Normal,163000.0,-0.1736401122703021,2.0,中
663.0,20.0,RL,120.0,13560.0,Pave,Grvl,Reg,Lvl,AllPub,Corner,Gtl,NAmes,Norm,Norm,1Fam,1Story,6.0,3.0,1968.0,1968.0,Hip,CompShg,Wd Sdng,Wd Sdng,BrkFace,216.0,TA,TA,CBlock,Fa,Fa,No,Unf,0.0,Unf,0.0,1392.0,1392.0,GasA,Gd,Y,SBrkr,1392.0,0.0,0.0,1392.0,1.0,0.0,1.0,0.0,2.0,1.0,TA,5.0,Maj2,2.0,TA,Attchd,1968.0,RFn,2.0,576.0,TA,TA,Y,0.0,0.0,240.0,0.0,0.0,0.0,Gd,MnPrv,Shed,0.0,7.0,2009.0,WD,Normal,110000.0,-0.9848463095450634,0.0,极低
664.0,85.0,RL,90.0,10012.0,Pave,Grvl,Reg,Lvl,AllPub,Inside,Gtl,Edwards,Norm,Norm,1Fam,SFoyer,4.0,5.0,1972.0,1972.0,Gable,CompShg,Plywood,Plywood,BrkFace,0.0,TA,TA,CBlock,Gd,TA,Av,BLQ,920.0,Rec,180.0,38.0,1138.0,GasA,TA,Y,SBrkr,1181.0,0.0,0.0,1181.0,1.0,0.0,2.0,0.0,3.0,1.0,TA,6.0,Typ,0.0,Gd,Detchd,1974.0,RFn,2.0,588.0,TA,TA,Y,0.0,0.0,180.0,0.0,0.0,0.0,Gd,MnPrv,Shed,0.0,4.0,2008.0,WD,Normal,137500.0,-0.5639374336006118,1.0,低
730.5,50.0,RL,70.0,9478.5,Pave,Grvl,IR2,Lvl,AllPub,CulDSac,Gtl,Somerst,RRAn,Norm,1Fam,1Story,6.0,5.0,1973.0,1994.0,Gable,CompShg,VinylSd,VinylSd,BrkFace,0.0,Gd,TA,PConc,Ex,TA,Mn,GLQ,383.5,Unf,0.0,477.5,991.5,GasA,Ex,Y,SBrkr,1087.0,0.0,0.0,1464.0,0.0,0.0,2.0,0.0,3.0,1.0,Ex,6.0,Typ,1.0,Ex,Attchd,1978.0,Fin,2.0,480.0,TA,TA,Y,0.0,25.0,0.0,0.0,0.0,0.0,Gd,MnPrv,Shed,0.0,6.0,2008.0,New,Partial,163000.0,-0.1736401122703021,2.0,中
666.0,60.0,RL,106.0,11194.0,Pave,Grvl,IR1,Lvl,AllPub,Corner,Gtl,Gilbert,Norm,Norm,1Fam,2Story,8.0,5.0,2000.0,2000.0,Gable,CompShg,VinylSd,VinylSd,BrkFace,40.0,Gd,TA,PConc,Gd,TA,No,Unf,0.0,Unf,0.0,1406.0,1406.0,GasA,Ex,Y,SBrkr,1454.0,482.0,0.0,1936.0,0.0,0.0,2.0,1.0,3.0,1.0,Gd,7.0,Typ,1.0,TA,Attchd,2000.0,RFn,2.0,504.0,TA,TA,Y,188.0,124.0,0.0,0.0,0.0,0.0,Gd,MnPrv,Shed,0.0,11.0,2006.0,WD,Normal,230500.0,0.8594998559569882,4.0,极高
730.5,50.0,RL,70.0,9478.5,Pave,Grvl,IR1,Lvl,AllPub,Inside,Gtl,NAmes,Norm,Norm,1Fam,2Story,6.0,5.0,1973.0,1994.0,Flat,Tar&Grv,Plywood,Plywood,BrkCmn,0.0,TA,Gd,CBlock,Gd,TA,No,LwQ,383.5,Rec,0.0,477.5,991.5,GasA,TA,Y,SBrkr,1087.0,0.0,0.0,1464.0,0.0,0.0,2.0,0.0,3.0,1.0,TA,6.0,Sev,1.0,Po,CarPort,1978.0,Unf,2.0,480.0,TA,TA,Y,0.0,25.0,0.0,0.0,0.0,0.0,Gd,MnPrv,Shed,0.0,6.0,2008.0,WD,Abnorml,163000.0,-0.1736401122703021,2.0,中
668.0,20.0,RL,65.0,8125.0,Pave,Grvl,Reg,Lvl,AllPub,Inside,Gtl,SawyerW,Norm,Norm,1Fam,1Story,6.0,5.0,1994.0,1998.0,Gable,CompShg,HdBoard,HdBoard,BrkFace,258.0,TA,TA,PConc,Gd,TA,No,GLQ,1138.0,Unf,0.0,270.0,1408.0,GasA,Ex,Y,SBrkr,1679.0,0.0,0.0,1679.0,1.0,0.0,2.0,0.0,3.0,1.0,Gd,7.0,Typ,1.0,Fa,Attchd,1994.0,RFn,2.0,575.0,TA,TA,Y,224.0,42.0,0.0,0.0,0.0,0.0,Gd,MnPrv,Shed,0.0,10.0,2008.0,WD,Normal,193500.0,0.2931860955953624,3.0,高
669.0,20.0,RL,83.0,14175.0,Pave,Grvl,Reg,Bnk,AllPub,Corner,Mod,Sawyer,Norm,Norm,1Fam,1Story,5.0,6.0,1956.0,1987.0,Gable,CompShg,CemntBd,Wd Sdng,BrkFace,0.0,TA,TA,CBlock,TA,TA,No,Rec,988.0,Unf,0.0,200.0,1188.0,GasA,Gd,Y,SBrkr,1437.0,0.0,0.0,1437.0,1.0,0.0,1.0,1.0,3.0,1.0,TA,6.0,Min2,1.0,TA,Detchd,1999.0,Unf,2.0,576.0,TA,TA,Y,304.0,0.0,0.0,0.0,0.0,0.0,Gd,MnPrv,Shed,0.0,11.0,2006.0,WD,Normal,168000.0,-0.09711122573494727,2.0,中
670.0,30.0,RL,80.0,11600.0,Pave,Grvl,Reg,Lvl,AllPub,Inside,Gtl,Crawfor,Norm,Norm,1Fam,1Story,4.0,5.0,1922.0,1950.0,Gable,CompShg,MetalSd,MetalSd,BrkFace,0.0,TA,TA,BrkTil,Fa,TA,No,Unf,0.0,Unf,0.0,700.0,700.0,GasA,Ex,Y,SBrkr,1180.0,0.0,0.0,1180.0,0.0,0.0,1.0,0.0,2.0,1.0,Fa,5.0,Typ,1.0,Gd,Detchd,1922.0,Unf,1.0,252.0,TA,Fa,Y,0.0,0.0,67.0,0.0,0.0,0.0,Gd,MnPrv,Shed,0.0,7.0,2006.0,WD,Normal,137500.0,-0.5639374336006118,1.0,低
671.0,60.0,RL,64.0,8633.0,Pave,Grvl,Reg,Lvl,AllPub,FR2,Gtl,CollgCr,Norm,Norm,1Fam,2Story,6.0,5.0,2005.0,2005.0,Gable,CompShg,VinylSd,VinylSd,BrkFace,0.0,Gd,TA,PConc,Gd,TA,No,GLQ,193.0,Unf,0.0,545.0,738.0,GasA,Ex,Y,SBrkr,738.0,738.0,0.0,1476.0,1.0,0.0,2.0,1.0,3.0,1.0,Gd,7.0,Typ,0.0,Gd,Attchd,2005.0,Fin,2.0,540.0,TA,TA,Y,100.0,35.0,0.0,0.0,0.0,0.0,Gd,MnPrv,Shed,0.0,2.0,2009.0,WD,Normal,173500.0,-0.012929450546056945,3.0,高
672.0,70.0,RH,54.0,6629.0,Pave,Grvl,Reg,Lvl,AllPub,Inside,Gtl,Edwards,Artery,Norm,1Fam,2Story,6.0,6.0,1925.0,1950.0,Gambrel,CompShg,Wd Sdng,Wd Sdng,BrkFace,0.0,TA,Gd,BrkTil,TA,TA,No,BLQ,551.0,Unf,0.0,121.0,672.0,GasA,TA,N,SBrkr,697.0,672.0,0.0,1369.0,1.0,0.0,2.0,0.0,3.0,1.0,TA,6.0,Typ,0.0,Gd,Detchd,1930.0,Unf,1.0,300.0,TA,TA,Y,147.0,0.0,0.0,0.0,0.0,0.0,Gd,MnPrv,Shed,0.0,7.0,2009.0,WD,Normal,103600.0,-1.0828032843103175,0.0,极低
673.0,20.0,RL,76.2,11250.0,Pave,Grvl,IR1,Lvl,AllPub,Inside,Gtl,Veenker,Norm,Norm,1Fam,1Story,6.0,6.0,1977.0,1977.0,Gable,CompShg,Plywood,Plywood,BrkFace,0.0,Gd,TA,CBlock,Gd,TA,No,ALQ,767.0,Unf,0.0,441.0,1208.0,GasA,TA,Y,SBrkr,1208.0,0.0,0.0,1208.0,1.0,0.0,1.0,1.0,3.0,1.0,TA,6.0,Typ,1.0,TA,Attchd,1977.0,RFn,2.0,546.0,TA,TA,Y,198.0,42.0,0.0,0.0,0.0,0.0,Gd,MnPrv,Shed,0.0,6.0,2006.0,WD,Normal,165000.0,-0.14302855765616015,2.0,中
674.0,20.0,RL,110.0,14442.0,Pave,Grvl,Reg,Lvl,AllPub,Inside,Gtl,Crawfor,Norm,Norm,1Fam,1Story,6.0,7.0,1957.0,2004.0,Hip,CompShg,CemntBd,CmentBd,BrkFace,106.0,TA,TA,PConc,TA,TA,No,GLQ,1186.0,Unf,0.0,291.0,1477.0,GasA,Ex,Y,SBrkr,1839.0,0.0,0.0,1839.0,1.0,0.0,2.0,0.0,3.0,1.0,Gd,7.0,Typ,2.0,TA,Attchd,1957.0,Fin,2.0,416.0,TA,TA,Y,0.0,87.0,0.0,0.0,200.0,0.0,Gd,MnPrv,Shed,0.0,6.0,2007.0,WD,Normal,257500.0,1.2727558432479043,4.0,极高
675.0,20.0,RL,80.0,9200.0,Pave,Grvl,Reg,Lvl,AllPub,Inside,Gtl,NAmes,Norm,Norm,1Fam,1Story,6.0,6.0,1965.0,1965.0,Gable,CompShg,HdBoard,HdBoard,BrkFace,0.0,TA,TA,CBlock,TA,TA,No,Rec,892.0,Unf,0.0,244.0,1136.0,GasA,TA,Y,SBrkr,1136.0,0.0,0.0,1136.0,1.0,0.0,1.0,0.0,3.0,1.0,TA,5.0,Typ,1.0,Gd,Attchd,1965.0,RFn,1.0,384.0,TA,TA,Y,426.0,0.0,0.0,0.0,0.0,0.0,Gd,MnPrv,Shed,0.0,7.0,2008.0,WD,Normal,140000.0,-0.5256729903329344,1.0,低
676.0,160.0,RL,24.0,2289.0,Pave,Grvl,Reg,Lvl,AllPub,Inside,Gtl,NPkVill,Norm,Norm,Twnhs,2Story,6.0,6.0,1978.0,1978.0,Gable,CompShg,Plywood,Brk Cmn,BrkFace,0.0,TA,TA,CBlock,TA,TA,No,ALQ,311.0,Unf,0.0,544.0,855.0,GasA,TA,Y,SBrkr,855.0,586.0,0.0,1441.0,0.0,0.0,2.0,1.0,3.0,1.0,TA,7.0,Typ,1.0,TA,Attchd,1978.0,Unf,2.0,440.0,TA,TA,Y,28.0,0.0,0.0,0.0,0.0,0.0,Gd,MnPrv,Shed,0.0,4.0,2009.0,WD,Normal,148500.0,-0.3955738832228311,1.0,低
730.5,50.0,RM,70.0,9478.5,Pave,Grvl,Reg,Lvl,AllPub,Inside,Gtl,OldTown,Norm,Norm,1Fam,2Story,6.0,5.0,1973.0,1994.0,Gable,CompShg,AsbShng,Stucco,BrkFace,0.0,TA,TA,BrkTil,TA,Fa,No,Unf,383.5,Unf,0.0,477.5,991.5,GasW,Fa,N,SBrkr,1087.0,0.0,0.0,1464.0,0.0,0.0,2.0,0.0,3.0,1.0,TA,6.0,Min2,1.0,Gd,2Types,1978.0,Unf,2.0,480.0,Fa,Fa,N,0.0,25.0,0.0,0.0,0.0,0.0,Gd,MnPrv,Shed,0.0,6.0,2008.0,WD,Normal,163000.0,-0.1736401122703021,2.0,中
678.0,30.0,RL,52.0,9022.0,Pave,Grvl,Reg,Lvl,AllPub,Inside,Gtl,OldTown,Norm,Norm,1Fam,1Story,5.0,8.0,1924.0,2006.0,Gable,CompShg,VinylSd,VinylSd,BrkFace,0.0,Gd,TA,BrkTil,TA,TA,No,Unf,0.0,Unf,0.0,768.0,768.0,GasA,Ex,Y,SBrkr,792.0,0.0,0.0,792.0,0.0,0.0,1.0,0.0,2.0,1.0,Gd,5.0,Typ,0.0,Gd,Detchd,1924.0,Unf,1.0,240.0,Fa,Fa,N,316.0,0.0,120.0,0.0,0.0,0.0,Gd,MnPrv,Shed,0.0,5.0,2009.0,WD,Normal,109500.0,-0.9924991981985989,0.0,极低
679.0,20.0,RL,80.0,11844.0,Pave,Grvl,IR1,Lvl,AllPub,Inside,Gtl,StoneBr,Norm,Norm,1Fam,1Story,8.0,5.0,2008.0,2008.0,Hip,CompShg,VinylSd,VinylSd,Stone,464.0,Gd,TA,PConc,Ex,TA,Mn,Unf,0.0,Unf,0.0,2046.0,2046.0,GasA,Ex,Y,SBrkr,2046.0,0.0,0.0,2046.0,0.0,0.0,2.0,1.0,3.0,1.0,Gd,7.0,Typ,1.0,Gd,Attchd,2008.0,Fin,3.0,834.0,TA,TA,Y,322.0,82.0,0.0,0.0,0.0,0.0,Gd,MnPrv,Shed,0.0,7.0,2009.0,New,Partial,372500.0,3.0329202335610654,4.0,极高
680.0,20.0,RL,67.4,9945.0,Pave,Grvl,IR1,Lvl,AllPub,Inside,Gtl,Sawyer,Norm,Norm,1Fam,1Story,5.0,5.0,1961.0,1961.0,Hip,CompShg,Wd Sdng,Wd Sdng,BrkFace,57.0,TA,TA,CBlock,TA,TA,No,Rec,827.0,Unf,0.0,161.0,988.0,GasA,TA,Y,SBrkr,988.0,0.0,0.0,988.0,1.0,0.0,1.0,0.0,3.0,1.0,TA,5.0,Typ,0.0,Gd,Detchd,1963.0,Unf,2.0,572.0,TA,TA,Y,0.0,0.0,0.0,0.0,0.0,0.0,Gd,MnPrv,Shed,0.0,10.0,2007.0,WD,Normal,128500.0,-0.7016894293642505,1.0,低
681.0,120.0,RL,50.0,8012.0,Pave,Grvl,Reg,Lvl,AllPub,Inside,Gtl,SawyerW,Norm,Norm,TwnhsE,1Story,6.0,5.0,1980.0,1980.0,Gable,CompShg,Plywood,Plywood,BrkFace,0.0,TA,TA,CBlock,Gd,TA,No,BLQ,543.0,BLQ,119.0,261.0,923.0,GasA,TA,Y,SBrkr,923.0,0.0,0.0,923.0,0.0,0.0,2.0,0.0,2.0,1.0,TA,5.0,Typ,1.0,TA,Attchd,1980.0,RFn,1.0,264.0,TA,TA,Y,80.0,0.0,0.0,0.0,0.0,0.0,Gd,MnPrv,Shed,0.0,5.0,2010.0,WD,Normal,143000.0,-0.47975565841172146,1.0,低
682.0,50.0,RH,55.0,4500.0,Pave,Pave,IR2,Bnk,AllPub,Inside,Gtl,SWISU,Norm,Norm,1Fam,1.5Fin,5.0,5.0,1932.0,2000.0,Gable,CompShg,VinylSd,Stucco,BrkFace,0.0,TA,TA,BrkTil,TA,TA,No,Rec,182.0,Unf,0.0,611.0,793.0,GasA,Ex,Y,SBrkr,848.0,672.0,0.0,1520.0,0.0,0.0,1.0,0.0,3.0,1.0,TA,6.0,Typ,0.0,Gd,Detchd,1968.0,Unf,1.0,281.0,TA,TA,Y,0.0,0.0,56.0,0.0,0.0,0.0,Gd,MnPrv,Shed,0.0,7.0,2009.0,WD,Abnorml,159434.0,-0.22822051414731717,2.0,中
683.0,120.0,RL,35.4,2887.0,Pave,Grvl,Reg,HLS,AllPub,Inside,Gtl,ClearCr,Norm,Norm,1Fam,1Story,6.0,5.0,1996.0,1997.0,Gable,CompShg,Wd Sdng,Wd Sdng,BrkFace,0.0,TA,TA,PConc,Gd,TA,Mn,GLQ,1003.0,Unf,0.0,288.0,1291.0,GasA,Ex,Y,SBrkr,1291.0,0.0,0.0,1291.0,1.0,0.0,1.0,0.0,2.0,1.0,Gd,6.0,Typ,1.0,Gd,Attchd,1996.0,Unf,2.0,431.0,TA,TA,Y,307.0,0.0,0.0,0.0,0.0,0.0,Gd,MnPrv,Shed,0.0,11.0,2008.0,WD,Normal,173000.0,-0.020582339199592427,3.0,高
684.0,20.0,RL,90.0,11248.0,Pave,Grvl,IR1,Lvl,AllPub,Corner,Gtl,CollgCr,Norm,Norm,1Fam,1Story,9.0,5.0,2002.0,2002.0,Hip,CompShg,VinylSd,VinylSd,Stone,215.0,Gd,TA,PConc,Gd,TA,Av,GLQ,1059.0,Unf,0.0,567.0,1626.0,GasA,Ex,Y,SBrkr,1668.0,0.0,0.0,1668.0,1.0,0.0,2.0,0.0,3.0,1.0,Gd,7.0,Typ,1.0,TA,Attchd,2002.0,Fin,3.0,702.0,TA,TA,Y,257.0,45.0,0.0,0.0,0.0,0.0,Gd,MnPrv,Shed,0.0,7.0,2007.0,WD,Normal,285000.0,1.693664719192356,4.0,极高
685.0,60.0,RL,58.0,16770.0,Pave,Grvl,IR2,Lvl,AllPub,CulDSac,Gtl,NoRidge,Norm,Norm,1Fam,2Story,7.0,5.0,1998.0,1998.0,Gable,CompShg,VinylSd,VinylSd,BrkFace,30.0,Gd,TA,PConc,Gd,TA,No,Unf,0.0,Unf,0.0,1195.0,1195.0,GasA,Gd,Y,SBrkr,1195.0,644.0,0.0,1839.0,0.0,0.0,2.0,1.0,4.0,1.0,TA,7.0,Typ,0.0,Gd,Attchd,1998.0,Fin,2.0,486.0,TA,TA,Y,0.0,81.0,0.0,0.0,0.0,0.0,Gd,MnPrv,Shed,0.0,6.0,2010.0,WD,Normal,221000.0,0.714094971539814,4.0,极高
686.0,160.0,RL,51.4,5062.0,Pave,Grvl,IR1,Lvl,AllPub,CulDSac,Gtl,StoneBr,Norm,Norm,TwnhsE,2Story,7.0,5.0,1984.0,1984.0,Gable,CompShg,HdBoard,HdBoard,BrkFace,0.0,Gd,TA,CBlock,Gd,TA,Mn,GLQ,828.0,LwQ,182.0,180.0,1190.0,GasA,Gd,Y,SBrkr,1190.0,900.0,0.0,2090.0,1.0,0.0,2.0,0.0,3.0,1.0,Gd,6.0,Min1,1.0,TA,Attchd,1984.0,Fin,2.0,577.0,TA,TA,Y,219.0,0.0,0.0,0.0,0.0,0.0,Gd,MnPrv,Shed,0.0,9.0,2007.0,WD,Normal,207500.0,0.5074669778943559,3.0,高
687.0,60.0,FV,84.0,10207.0,Pave,Grvl,Reg,Lvl,AllPub,Inside,Gtl,Somerst,Norm,Norm,1Fam,2Story,7.0,6.0,2007.0,2007.0,Gable,CompShg,VinylSd,VinylSd,BrkFace,0.0,Gd,TA,PConc,Gd,TA,No,Unf,0.0,Unf,0.0,874.0,874.0,GasA,Ex,Y,SBrkr,874.0,887.0,0.0,1761.0,0.0,0.0,3.0,0.0,3.0,1.0,Gd,7.0,Typ,0.0,Gd,Attchd,2007.0,Fin,2.0,578.0,TA,TA,Y,144.0,105.0,0.0,0.0,0.0,0.0,Gd,MnPrv,Shed,0.0,8.0,2007.0,New,Partial,227875.0,0.8193221905259269,4.0,极高
688.0,160.0,FV,62.2,5105.0,Pave,Grvl,IR2,Lvl,AllPub,FR2,Gtl,Somerst,Norm,Norm,TwnhsE,2Story,7.0,5.0,2004.0,2004.0,Gable,CompShg,MetalSd,MetalSd,BrkFace,0.0,Gd,TA,PConc,Gd,TA,No,GLQ,239.0,Unf,0.0,312.0,551.0,GasA,Ex,Y,SBrkr,551.0,551.0,0.0,1102.0,0.0,0.0,2.0,1.0,2.0,1.0,Gd,4.0,Typ,0.0,Gd,Detchd,2004.0,Unf,2.0,480.0,TA,TA,Y,0.0,60.0,0.0,0.0,0.0,0.0,Gd,MnPrv,Shed,0.0,3.0,2007.0,WD,Normal,148800.0,-0.39098215003070985,1.0,低
689.0,20.0,RL,60.0,8089.0,Pave,Grvl,Reg,HLS,AllPub,Inside,Gtl,StoneBr,Norm,Norm,1Fam,1Story,8.0,6.0,2007.0,2007.0,Gable,CompShg,MetalSd,MetalSd,BrkFace,0.0,Gd,TA,PConc,Gd,TA,Av,GLQ,945.0,Unf,0.0,474.0,1419.0,GasA,Ex,Y,SBrkr,1419.0,0.0,0.0,1419.0,1.0,0.0,2.0,0.0,2.0,1.0,Gd,7.0,Typ,1.0,Gd,Attchd,2007.0,RFn,2.0,567.0,TA,TA,Y,140.0,0.0,0.0,0.0,0.0,0.0,Gd,MnPrv,Shed,0.0,10.0,2007.0,New,Partial,392000.0,3.3313828910489494,4.0,极高
690.0,120.0,RL,61.0,7577.0,Pave,Grvl,IR1,Lvl,AllPub,Corner,Gtl,NridgHt,Norm,Norm,TwnhsE,1Story,6.0,5.0,2005.0,2006.0,Gable,CompShg,VinylSd,VinylSd,Stone,256.0,Gd,TA,PConc,Gd,TA,Av,ALQ,20.0,Unf,0.0,1342.0,1362.0,GasA,Ex,Y,SBrkr,1362.0,0.0,0.0,1362.0,0.0,0.0,2.0,0.0,2.0,1.0,Gd,6.0,Typ,1.0,Gd,Attchd,2005.0,RFn,2.0,460.0,TA,TA,Y,192.0,28.0,0.0,0.0,0.0,0.0,Gd,MnPrv,Shed,0.0,6.0,2007.0,WD,Normal,194700.0,0.3115530283638476,3.0,高
691.0,120.0,RM,51.4,4426.0,Pave,Grvl,Reg,Lvl,AllPub,Inside,Gtl,CollgCr,Norm,Norm,TwnhsE,1Story,6.0,5.0,2004.0,2004.0,Gable,CompShg,VinylSd,VinylSd,BrkFace,147.0,Gd,TA,PConc,Gd,TA,Gd,GLQ,697.0,Unf,0.0,151.0,848.0,GasA,Ex,Y,SBrkr,848.0,0.0,0.0,848.0,1.0,0.0,1.0,0.0,1.0,1.0,Gd,3.0,Typ,1.0,TA,Attchd,2004.0,RFn,2.0,420.0,TA,TA,Y,149.0,0.0,0.0,0.0,0.0,0.0,Gd,MnPrv,Shed,0.0,5.0,2008.0,WD,Normal,141000.0,-0.5103672130258634,1.0,低
730.5,50.0,RL,70.0,9478.5,Pave,Grvl,IR1,Lvl,AllPub,Corner,Gtl,NoRidge,Norm,Norm,1Fam,2Story,6.0,5.0,1973.0,1994.0,Gable,WdShngl,HdBoard,HdBoard,BrkFace,0.0,Ex,TA,PConc,Ex,TA,Gd,GLQ,383.5,Unf,0.0,477.5,991.5,GasA,Ex,Y,SBrkr,1087.0,0.0,0.0,1464.0,0.0,0.0,2.0,0.0,3.0,1.0,Ex,6.0,Typ,1.0,Ex,Attchd,1978.0,Fin,2.0,480.0,TA,TA,Y,0.0,25.0,0.0,0.0,0.0,0.0,Gd,MnPrv,Shed,0.0,6.0,2008.0,WD,Normal,163000.0,-0.1736401122703021,2.0,中
693.0,60.0,RL,42.0,26178.0,Pave,Grvl,IR1,Lvl,AllPub,Inside,Mod,Timber,Norm,Norm,1Fam,2Story,7.0,5.0,1989.0,1990.0,Hip,CompShg,MetalSd,MetalSd,BrkFace,293.0,Gd,TA,PConc,Gd,TA,Gd,GLQ,965.0,Unf,0.0,245.0,1210.0,GasA,Ex,Y,SBrkr,1238.0,1281.0,0.0,2519.0,1.0,0.0,2.0,1.0,4.0,1.0,Gd,9.0,Typ,2.0,Gd,Attchd,1989.0,RFn,2.0,628.0,TA,TA,Y,320.0,27.0,0.0,0.0,0.0,0.0,Gd,MnPrv,Shed,0.0,4.0,2006.0,WD,Normal,335000.0,2.4589535845459043,4.0,极高
694.0,30.0,RL,60.0,5400.0,Pave,Grvl,Reg,Lvl,AllPub,Corner,Sev,OldTown,Norm,Norm,1Fam,1Story,5.0,6.0,1921.0,1968.0,Gable,CompShg,MetalSd,MetalSd,BrkFace,0.0,TA,TA,BrkTil,TA,TA,No,Unf,0.0,Unf,0.0,1073.0,1073.0,GasA,Ex,Y,SBrkr,1073.0,0.0,0.0,1073.0,0.0,0.0,1.0,0.0,2.0,1.0,TA,4.0,Typ,0.0,Gd,Detchd,1968.0,Unf,1.0,326.0,TA,TA,Y,0.0,0.0,112.0,0.0,0.0,0.0,Gd,MnPrv,Shed,0.0,12.0,2006.0,WD,Abnorml,108480.0,-1.0081110910518112,0.0,极低
695.0,50.0,RM,51.0,6120.0,Pave,Grvl,Reg,Lvl,AllPub,Corner,Gtl,BrkSide,Norm,Norm,1Fam,1.5Fin,5.0,6.0,1936.0,1950.0,Gable,CompShg,Wd Sdng,Wd Sdng,BrkFace,0.0,TA,Fa,BrkTil,TA,TA,No,Unf,0.0,Unf,0.0,927.0,927.0,GasA,TA,Y,SBrkr,1067.0,472.0,0.0,1539.0,0.0,0.0,1.0,1.0,3.0,1.0,TA,5.0,Typ,0.0,Gd,Detchd,1995.0,Unf,2.0,576.0,TA,TA,Y,112.0,0.0,0.0,0.0,0.0,0.0,Gd,MnPrv,Shed,0.0,4.0,2009.0,WD,Normal,141500.0,-0.5027143243723279,1.0,低
696.0,20.0,RL,54.0,13811.0,Pave,Grvl,IR1,Lvl,AllPub,Inside,Gtl,Timber,Norm,Norm,1Fam,1Story,6.0,6.0,1987.0,1987.0,Gable,CompShg,HdBoard,HdBoard,BrkFace,72.0,TA,TA,CBlock,Gd,Gd,No,GLQ,980.0,LwQ,40.0,92.0,1112.0,GasA,Gd,Y,SBrkr,1137.0,0.0,0.0,1137.0,1.0,0.0,2.0,0.0,2.0,1.0,Gd,5.0,Typ,1.0,TA,Attchd,1987.0,Unf,2.0,551.0,TA,TA,Y,125.0,0.0,0.0,0.0,0.0,0.0,Gd,MnPrv,Shed,0.0,7.0,2006.0,WD,Normal,176000.0,0.025334992721620472,3.0,高
697.0,30.0,RM,50.0,6000.0,Pave,Grvl,Reg,Lvl,AllPub,Inside,Gtl,BrkSide,Norm,Norm,1Fam,1Story,5.0,7.0,1921.0,1950.0,Gable,CompShg,Wd Sdng,Wd Shng,BrkFace,0.0,TA,TA,CBlock,TA,TA,No,LwQ,616.0,Unf,0.0,0.0,616.0,GasA,Gd,Y,SBrkr,616.0,0.0,0.0,616.0,0.0,0.0,1.0,0.0,2.0,1.0,TA,4.0,Typ,0.0,Gd,Detchd,1921.0,Unf,1.0,205.0,TA,TA,Y,0.0,0.0,129.0,0.0,0.0,0.0,Gd,MnPrv,Shed,0.0,6.0,2006.0,WD,Normal,89000.0,-1.3062676329935536,0.0,极低
730.5,50.0,RL,70.0,9478.5,Pave,Grvl,IR1,Lvl,AllPub,Inside,Gtl,Edwards,Norm,Norm,1Fam,1Story,6.0,5.0,1973.0,1994.0,Gable,CompShg,Wd Sdng,Wd Sdng,BrkFace,0.0,TA,TA,PConc,Ex,Gd,Mn,LwQ,383.5,ALQ,0.0,477.5,991.5,GasA,Fa,Y,FuseA,1087.0,0.0,0.0,1464.0,0.0,0.0,2.0,0.0,3.0,1.0,TA,6.0,Typ,1.0,Gd,Detchd,1978.0,Unf,2.0,480.0,TA,TA,Y,0.0,25.0,0.0,0.0,0.0,0.0,Gd,MnPrv,Shed,0.0,6.0,2008.0,WD,Normal,163000.0,-0.1736401122703021,2.0,中
699.0,20.0,RL,65.0,8450.0,Pave,Grvl,Reg,Lvl,AllPub,Inside,Gtl,Sawyer,RRAe,Norm,1Fam,1Story,5.0,8.0,1965.0,2009.0,Gable,CompShg,MetalSd,MetalSd,BrkFace,0.0,TA,Gd,CBlock,TA,TA,No,GLQ,553.0,BLQ,117.0,224.0,894.0,GasA,Ex,Y,SBrkr,894.0,0.0,0.0,894.0,1.0,0.0,1.0,0.0,3.0,1.0,TA,5.0,Typ,1.0,Gd,Detchd,1973.0,Unf,1.0,336.0,TA,TA,Y,416.0,144.0,0.0,0.0,0.0,0.0,Gd,MnPrv,Shed,0.0,4.0,2010.0,WD,Normal,138500.0,-0.5486316562935408,1.0,低
700.0,120.0,FV,59.0,4282.0,Pave,Pave,IR2,Lvl,AllPub,Inside,Gtl,Somerst,Norm,Norm,TwnhsE,1Story,7.0,5.0,2004.0,2004.0,Gable,CompShg,MetalSd,MetalSd,BrkFace,0.0,Gd,TA,PConc,Gd,TA,Mn,GLQ,16.0,Unf,0.0,1375.0,1391.0,GasA,Ex,Y,SBrkr,1391.0,0.0,0.0,1391.0,0.0,0.0,2.0,0.0,2.0,1.0,Gd,5.0,Typ,0.0,Gd,Attchd,2004.0,RFn,2.0,530.0,TA,TA,Y,156.0,158.0,0.0,0.0,0.0,0.0,Gd,MnPrv,Shed,0.0,7.0,2008.0,WD,Normal,196000.0,0.3314505388630398,3.0,高
701.0,20.0,RL,85.0,14331.0,Pave,Grvl,Reg,Lvl,AllPub,Inside,Gtl,Timber,Norm,Norm,1Fam,1Story,8.0,5.0,2002.0,2002.0,Hip,CompShg,VinylSd,VinylSd,BrkFace,630.0,Gd,TA,PConc,Ex,TA,Gd,GLQ,1274.0,Unf,0.0,526.0,1800.0,GasA,Ex,Y,SBrkr,1800.0,0.0,0.0,1800.0,1.0,0.0,2.0,0.0,3.0,1.0,Gd,7.0,Typ,1.0,Gd,Attchd,2002.0,Fin,3.0,765.0,TA,TA,Y,270.0,78.0,0.0,0.0,0.0,0.0,Gd,MnPrv,Shed,0.0,5.0,2006.0,WD,Normal,312500.0,2.1145735951368074,4.0,极高
702.0,20.0,RL,80.0,9600.0,Pave,Grvl,Reg,Lvl,AllPub,Inside,Gtl,NWAmes,Norm,Norm,1Fam,1Story,7.0,5.0,1969.0,1969.0,Hip,CompShg,HdBoard,HdBoard,BrkFace,168.0,TA,TA,CBlock,TA,TA,No,Unf,0.0,Unf,0.0,1164.0,1164.0,GasA,TA,Y,SBrkr,1164.0,0.0,0.0,1164.0,0.0,0.0,1.0,1.0,3.0,1.0,TA,6.0,Typ,0.0,Gd,Attchd,1969.0,Unf,2.0,528.0,TA,TA,Y,0.0,0.0,0.0,0.0,0.0,0.0,Gd,MnPrv,Shed,0.0,7.0,2006.0,COD,Normal,140000.0,-0.5256729903329344,1.0,低
703.0,60.0,RL,82.0,12438.0,Pave,Grvl,IR1,Lvl,AllPub,Inside,Gtl,StoneBr,Norm,Norm,1Fam,2Story,8.0,5.0,2006.0,2006.0,Hip,CompShg,VinylSd,VinylSd,BrkFace,466.0,Ex,TA,PConc,Ex,Gd,No,Unf,0.0,Unf,0.0,1234.0,1234.0,GasA,Ex,Y,SBrkr,1264.0,1312.0,0.0,2576.0,0.0,0.0,2.0,1.0,4.0,1.0,Ex,10.0,Typ,1.0,Gd,BuiltIn,2006.0,Fin,3.0,666.0,TA,TA,Y,324.0,100.0,0.0,0.0,0.0,0.0,Gd,MnPrv,Shed,0.0,7.0,2006.0,New,Partial,361919.0,2.8709698038749476,4.0,极高
730.5,50.0,RM,70.0,9478.5,Pave,Grvl,Reg,Lvl,AllPub,Inside,Gtl,OldTown,Feedr,Norm,2fmCon,2Story,6.0,5.0,1973.0,1994.0,Gable,CompShg,Wd Sdng,Wd Sdng,BrkFace,0.0,TA,Gd,BrkTil,Gd,TA,No,Unf,383.5,Unf,0.0,477.5,991.5,GasA,Gd,Y,SBrkr,1087.0,0.0,0.0,1464.0,0.0,0.0,2.0,0.0,3.0,1.0,Gd,6.0,Typ,1.0,Po,Detchd,1978.0,Unf,2.0,480.0,TA,TA,N,0.0,25.0,0.0,0.0,0.0,0.0,Gd,MnPrv,Shed,0.0,6.0,2008.0,WD,Normal,163000.0,-0.1736401122703021,2.0,中
705.0,20.0,RL,70.0,8400.0,Pave,Grvl,Reg,Lvl,AllPub,Inside,Gtl,CollgCr,Norm,Norm,1Fam,1Story,7.0,5.0,2004.0,2005.0,Gable,CompShg,VinylSd,VinylSd,BrkFace,109.0,Gd,TA,PConc,Gd,TA,Av,GLQ,712.0,Unf,0.0,761.0,1473.0,GasA,Ex,Y,SBrkr,1484.0,0.0,0.0,1484.0,1.0,0.0,2.0,0.0,3.0,1.0,Gd,7.0,Typ,0.0,Gd,Attchd,2004.0,RFn,2.0,606.0,TA,TA,Y,0.0,35.0,0.0,144.0,0.0,0.0,Gd,MnPrv,Shed,0.0,5.0,2010.0,WD,Normal,213000.0,0.5916487530832463,3.0,高
730.5,50.0,RM,70.0,9478.5,Pave,Grvl,Reg,Lvl,AllPub,Inside,Gtl,IDOTRR,Norm,Norm,2fmCon,2Story,6.0,5.0,1973.0,1994.0,Hip,CompShg,VinylSd,Wd Shng,BrkFace,0.0,Fa,Fa,Slab,TA,TA,No,Unf,383.5,Unf,0.0,477.5,991.5,GasA,Fa,N,SBrkr,1087.0,0.0,0.0,1464.0,0.0,0.0,2.0,0.0,3.0,1.0,Fa,6.0,Mod,1.0,Gd,Attchd,1978.0,Unf,2.0,480.0,TA,TA,N,0.0,25.0,0.0,0.0,0.0,0.0,Gd,MnPrv,Othr,0.0,6.0,2008.0,WD,Normal,163000.0,-0.1736401122703021,2.0,中
707.0,20.0,RL,86.8,115149.0,Pave,Grvl,IR2,Low,AllPub,CulDSac,Sev,ClearCr,Norm,Norm,1Fam,1Story,7.0,5.0,1971.0,2002.0,Gable,CompShg,Plywood,Plywood,Stone,351.0,TA,TA,CBlock,Gd,TA,Gd,GLQ,1219.0,Unf,0.0,424.0,1643.0,GasA,TA,Y,SBrkr,1824.0,0.0,0.0,1824.0,1.0,0.0,2.0,0.0,2.0,1.0,Gd,5.0,Typ,2.0,TA,Attchd,1971.0,Unf,2.0,739.0,TA,TA,Y,380.0,48.0,0.0,0.0,0.0,0.0,Gd,MnPrv,Shed,0.0,6.0,2007.0,WD,Normal,302000.0,1.9538629334125623,4.0,极高
708.0,120.0,RL,48.0,6240.0,Pave,Grvl,Reg,Lvl,AllPub,Inside,Gtl,NridgHt,Norm,Norm,TwnhsE,1Story,8.0,5.0,2006.0,2006.0,Hip,CompShg,MetalSd,MetalSd,BrkFace,176.0,Gd,TA,PConc,Gd,TA,No,GLQ,863.0,Unf,0.0,461.0,1324.0,GasA,Ex,Y,SBrkr,1324.0,0.0,0.0,1324.0,1.0,0.0,2.0,0.0,2.0,1.0,Gd,6.0,Typ,1.0,Gd,Attchd,2006.0,Fin,2.0,550.0,TA,TA,Y,192.0,38.0,0.0,0.0,0.0,0.0,Gd,MnPrv,Shed,0.0,12.0,2009.0,WD,Normal,254000.0,1.2191856226731559,4.0,极高
709.0,60.0,RL,65.0,9018.0,Pave,Grvl,IR1,Lvl,AllPub,Inside,Gtl,Gilbert,Norm,Norm,1Fam,2Story,7.0,5.0,2007.0,2007.0,Hip,CompShg,VinylSd,VinylSd,BrkFace,0.0,Gd,TA,PConc,Gd,TA,Av,Unf,0.0,Unf,0.0,728.0,728.0,GasA,Ex,Y,SBrkr,728.0,728.0,0.0,1456.0,0.0,0.0,2.0,1.0,3.0,1.0,Gd,8.0,Typ,1.0,Gd,Attchd,2007.0,Fin,2.0,400.0,TA,TA,Y,100.0,24.0,0.0,0.0,0.0,0.0,Gd,MnPrv,Shed,0.0,7.0,2007.0,New,Partial,179540.0,0.0795174443886517,3.0,高
710.0,20.0,RL,65.0,7162.0,Pave,Grvl,IR1,Lvl,AllPub,Inside,Gtl,Sawyer,Norm,Norm,1Fam,1Story,5.0,7.0,1966.0,1966.0,Gable,CompShg,HdBoard,HdBoard,BrkCmn,41.0,TA,TA,PConc,TA,TA,No,Unf,0.0,Unf,0.0,876.0,876.0,GasA,TA,Y,SBrkr,904.0,0.0,0.0,904.0,0.0,0.0,1.0,0.0,3.0,1.0,TA,6.0,Typ,0.0,Gd,Attchd,1966.0,Unf,1.0,408.0,TA,TA,Y,0.0,0.0,0.0,0.0,0.0,0.0,Gd,MnPrv,Shed,0.0,12.0,2008.0,WD,Abnorml,109900.0,-0.9863768872757704,0.0,极低
711.0,30.0,RL,56.0,4130.0,Pave,Grvl,IR1,Lvl,AllPub,Inside,Gtl,BrkSide,Norm,Norm,1Fam,1Story,3.0,6.0,1935.0,2003.0,Gable,CompShg,VinylSd,VinylSd,BrkFace,0.0,Gd,TA,CBlock,TA,TA,No,Unf,0.0,Unf,0.0,270.0,270.0,GasA,Gd,Y,SBrkr,729.0,0.0,0.0,729.0,0.0,0.0,1.0,0.0,2.0,1.0,TA,5.0,Maj2,0.0,Gd,Attchd,1948.6,Unf,0.0,0.0,TA,TA,N,0.0,0.0,0.0,0.0,0.0,0.0,Gd,MnPrv,Shed,0.0,7.0,2008.0,WD,Normal,52000.0,-1.8725813933551794,0.0,极低
712.0,50.0,C (all),66.0,8712.0,Pave,Pave,Reg,HLS,AllPub,Inside,Mod,IDOTRR,Norm,Norm,1Fam,1.5Fin,4.0,7.0,1900.0,1950.0,Gable,CompShg,MetalSd,MetalSd,BrkFace,0.0,TA,TA,Stone,TA,TA,Mn,Unf,0.0,Unf,0.0,859.0,859.0,GasA,Gd,Y,SBrkr,859.0,319.0,0.0,1178.0,0.0,0.0,1.0,0.0,2.0,1.0,TA,7.0,Typ,0.0,Gd,Detchd,1964.0,RFn,1.0,384.0,TA,TA,N,68.0,0.0,98.0,0.0,0.0,0.0,Gd,MnPrv,Shed,0.0,1.0,2010.0,WD,Abnorml,102776.0,-1.0954152448113441,0.0,极低
713.0,120.0,RL,40.0,4671.0,Pave,Grvl,IR1,HLS,AllPub,Inside,Gtl,StoneBr,Norm,Norm,TwnhsE,1Story,8.0,5.0,1988.0,1989.0,Gable,CompShg,HdBoard,HdBoard,BrkFace,0.0,Gd,TA,PConc,Gd,TA,Mn,GLQ,767.0,Unf,0.0,461.0,1228.0,GasA,Gd,Y,SBrkr,1228.0,0.0,0.0,1228.0,1.0,0.0,2.0,0.0,2.0,1.0,Gd,5.0,Typ,1.0,Gd,Attchd,1988.0,Fin,2.0,472.0,TA,TA,Y,168.0,120.0,0.0,0.0,0.0,0.0,Gd,MnPrv,Shed,0.0,10.0,2008.0,WD,Normal,189000.0,0.22431009771354304,3.0,高
730.5,50.0,RL,70.0,9478.5,Pave,Grvl,Reg,Lvl,AllPub,Inside,Gtl,BrkSide,RRAn,Norm,2fmCon,1Story,6.0,5.0,1973.0,1994.0,Gable,CompShg,HdBoard,HdBoard,BrkFace,0.0,TA,TA,CBlock,TA,TA,Av,ALQ,383.5,Unf,0.0,477.5,991.5,GasW,TA,N,SBrkr,1087.0,0.0,0.0,1464.0,0.0,0.0,2.0,0.0,3.0,1.0,TA,6.0,Typ,1.0,Gd,Detchd,1978.0,Unf,2.0,480.0,TA,TA,Y,0.0,25.0,0.0,0.0,0.0,0.0,Gd,MnPrv,Shed,0.0,6.0,2008.0,WD,Normal,163000.0,-0.1736401122703021,2.0,中
715.0,60.0,RL,71.2,13517.0,Pave,Grvl,IR1,Lvl,AllPub,CulDSac,Gtl,Sawyer,RRAe,Norm,1Fam,2Story,6.0,8.0,1976.0,2005.0,Gable,CompShg,HdBoard,Plywood,BrkFace,289.0,Gd,TA,CBlock,TA,TA,No,GLQ,533.0,Unf,0.0,192.0,725.0,GasA,Ex,Y,SBrkr,725.0,754.0,0.0,1479.0,0.0,0.0,2.0,1.0,3.0,1.0,Gd,6.0,Typ,0.0,Gd,Attchd,1976.0,RFn,2.0,475.0,TA,TA,Y,0.0,44.0,0.0,0.0,0.0,0.0,Gd,MnPrv,Shed,0.0,3.0,2010.0,WD,Normal,130500.0,-0.6710778747501085,1.0,低
716.0,20.0,RL,78.0,10140.0,Pave,Grvl,Reg,Lvl,AllPub,Inside,Gtl,NWAmes,Norm,Norm,1Fam,1Story,6.0,5.0,1974.0,1974.0,Hip,CompShg,HdBoard,HdBoard,BrkFace,174.0,TA,TA,CBlock,Gd,TA,No,Unf,0.0,Unf,0.0,1064.0,1064.0,GasA,TA,Y,SBrkr,1350.0,0.0,0.0,1350.0,0.0,0.0,2.0,0.0,3.0,1.0,TA,7.0,Typ,1.0,TA,Attchd,1974.0,RFn,2.0,478.0,TA,TA,Y,0.0,0.0,0.0,0.0,0.0,0.0,Gd,MnPrv,Shed,0.0,8.0,2009.0,WD,Normal,165000.0,-0.14302855765616015,2.0,中
717.0,70.0,RM,60.0,10800.0,Pave,Grvl,Reg,Bnk,AllPub,Inside,Gtl,OldTown,Norm,Norm,1Fam,2Story,7.0,8.0,1890.0,1998.0,Gable,CompShg,Wd Sdng,VinylSd,BrkFace,0.0,TA,Gd,BrkTil,TA,TA,No,Unf,0.0,Unf,0.0,718.0,718.0,GasA,Ex,Y,SBrkr,1576.0,978.0,0.0,2554.0,0.0,0.0,1.0,1.0,3.0,1.0,TA,8.0,Typ,0.0,Gd,Detchd,1996.0,Unf,2.0,704.0,TA,TA,P,0.0,48.0,143.0,0.0,0.0,0.0,Gd,MnPrv,Shed,0.0,7.0,2007.0,WD,Normal,159500.0,-0.2272103328450505,2.0,中
718.0,20.0,RL,80.0,10000.0,Pave,Grvl,Reg,Lvl,AllPub,Inside,Gtl,NWAmes,Norm,Norm,1Fam,1Story,5.0,6.0,1973.0,2000.0,Gable,CompShg,HdBoard,HdBoard,BrkFace,0.0,TA,TA,CBlock,Gd,TA,No,BLQ,1084.0,Unf,0.0,92.0,1176.0,GasA,Gd,Y,SBrkr,1178.0,0.0,0.0,1178.0,0.0,1.0,1.0,1.0,3.0,1.0,Gd,5.0,Typ,1.0,Fa,Attchd,1973.0,Unf,2.0,439.0,TA,TA,Y,224.0,0.0,0.0,0.0,0.0,0.0,Gd,MnPrv,Shed,0.0,11.0,2008.0,WD,Normal,157000.0,-0.2654747761127279,2.0,中
730.5,50.0,RL,70.0,9478.5,Pave,Grvl,Reg,Lvl,AllPub,Inside,Gtl,NoRidge,Norm,Norm,1Fam,2Story,6.0,5.0,1973.0,1994.0,Hip,CompShg,Wd Sdng,ImStucc,BrkFace,0.0,Gd,TA,PConc,Gd,TA,Gd,GLQ,383.5,Unf,0.0,477.5,991.5,GasA,Ex,Y,SBrkr,1087.0,0.0,0.0,1464.0,0.0,0.0,2.0,0.0,3.0,1.0,Gd,6.0,Typ,1.0,TA,Attchd,1978.0,RFn,2.0,480.0,TA,TA,Y,0.0,25.0,0.0,0.0,0.0,0.0,Gd,MnPrv,Shed,0.0,6.0,2008.0,WD,Normal,163000.0,-0.1736401122703021,2.0,中
720.0,20.0,RL,69.0,9920.0,Pave,Grvl,IR1,Lvl,AllPub,Inside,Gtl,CollgCr,Norm,Norm,1Fam,1Story,5.0,6.0,1969.0,1969.0,Gable,CompShg,HdBoard,Plywood,BrkFace,0.0,TA,TA,CBlock,Gd,TA,Gd,ALQ,523.0,Unf,0.0,448.0,971.0,GasA,TA,Y,SBrkr,971.0,0.0,0.0,971.0,0.0,0.0,1.0,1.0,3.0,1.0,TA,5.0,Typ,1.0,Po,Attchd,1969.0,Unf,1.0,300.0,TA,TA,Y,0.0,0.0,0.0,0.0,0.0,0.0,Gd,MnPrv,Shed,0.0,5.0,2006.0,WD,Normal,128500.0,-0.7016894293642505,1.0,低
721.0,120.0,RL,59.0,6563.0,Pave,Grvl,IR1,Low,AllPub,CulDSac,Mod,StoneBr,Norm,Norm,1Fam,1Story,8.0,5.0,1985.0,1985.0,Gable,CompShg,HdBoard,HdBoard,BrkFace,0.0,Gd,TA,PConc,Gd,TA,Gd,GLQ,1148.0,Unf,0.0,594.0,1742.0,GasA,TA,Y,SBrkr,1742.0,0.0,0.0,1742.0,1.0,0.0,2.0,0.0,2.0,1.0,Gd,5.0,Typ,1.0,TA,Attchd,1985.0,RFn,2.0,564.0,TA,TA,Y,114.0,28.0,234.0,0.0,0.0,0.0,Gd,MnPrv,Shed,0.0,12.0,2006.0,WD,Normal,275000.0,1.5406069461216463,4.0,极高
722.0,120.0,RM,49.0,4426.0,Pave,Grvl,Reg,Lvl,AllPub,Inside,Gtl,CollgCr,Norm,Norm,TwnhsE,1Story,6.0,5.0,2004.0,2004.0,Gable,CompShg,VinylSd,VinylSd,BrkFace,169.0,Gd,TA,PConc,Gd,TA,Av,GLQ,662.0,Unf,0.0,186.0,848.0,GasA,Ex,Y,SBrkr,848.0,0.0,0.0,848.0,1.0,0.0,1.0,0.0,1.0,1.0,Gd,3.0,Typ,0.0,Gd,Attchd,2004.0,RFn,2.0,420.0,TA,TA,Y,160.0,0.0,0.0,0.0,0.0,0.0,Gd,MnPrv,Shed,0.0,5.0,2010.0,WD,Normal,143000.0,-0.47975565841172146,1.0,低
723.0,20.0,RL,70.0,8120.0,Pave,Grvl,Reg,Lvl,AllPub,Inside,Gtl,NAmes,Norm,Norm,1Fam,1Story,4.0,7.0,1970.0,1970.0,Gable,CompShg,MetalSd,MetalSd,BrkFace,0.0,TA,Gd,CBlock,TA,TA,No,ALQ,191.0,Unf,0.0,673.0,864.0,GasA,Ex,Y,SBrkr,864.0,0.0,0.0,864.0,0.0,0.0,1.0,0.0,3.0,1.0,TA,5.0,Typ,0.0,Gd,Detchd,1994.0,Unf,2.0,463.0,TA,TA,Y,0.0,0.0,0.0,0.0,0.0,0.0,Gd,MnPrv,Shed,0.0,7.0,2009.0,WD,Normal,124500.0,-0.7629125385925344,0.0,极低
724.0,50.0,RL,60.0,8172.0,Pave,Grvl,Reg,Lvl,AllPub,Inside,Gtl,Edwards,Norm,Norm,1Fam,1.5Fin,4.0,6.0,1954.0,1972.0,Gable,CompShg,MetalSd,MetalSd,BrkFace,0.0,TA,TA,PConc,TA,TA,No,Unf,0.0,Unf,0.0,941.0,941.0,GasA,Ex,Y,SBrkr,997.0,473.0,0.0,1470.0,0.0,0.0,2.0,0.0,4.0,1.0,TA,7.0,Typ,0.0,Gd,Detchd,1958.0,Unf,1.0,548.0,TA,TA,Y,0.0,0.0,0.0,0.0,156.0,0.0,Gd,MnPrv,Shed,0.0,5.0,2008.0,WD,Normal,135000.0,-0.6022018768682892,1.0,低
725.0,20.0,RL,86.0,13286.0,Pave,Grvl,IR1,Lvl,AllPub,Inside,Gtl,Edwards,Norm,Norm,1Fam,1Story,9.0,5.0,2007.0,2008.0,Hip,CompShg,CemntBd,CmentBd,Stone,340.0,Ex,TA,PConc,Ex,TA,No,GLQ,1234.0,Unf,0.0,464.0,1698.0,GasA,Ex,Y,SBrkr,1698.0,0.0,0.0,1698.0,1.0,0.0,2.0,0.0,3.0,1.0,Ex,8.0,Typ,1.0,Gd,Attchd,2007.0,Fin,3.0,768.0,TA,TA,Y,327.0,64.0,0.0,0.0,0.0,0.0,Gd,MnPrv,Shed,0.0,2.0,2009.0,WD,Normal,320000.0,2.2293669249398396,4.0,极高
726.0,20.0,RL,60.0,6960.0,Pave,Grvl,Reg,Lvl,AllPub,Inside,Gtl,NAmes,Norm,Norm,1Fam,1Story,4.0,6.0,1970.0,1970.0,Gable,CompShg,HdBoard,Plywood,BrkFace,0.0,TA,TA,CBlock,TA,TA,No,ALQ,375.0,BLQ,239.0,250.0,864.0,GasA,TA,Y,SBrkr,864.0,0.0,0.0,864.0,0.0,0.0,1.0,0.0,3.0,1.0,Gd,5.0,Typ,0.0,Gd,Detchd,1989.0,Unf,2.0,660.0,TA,TA,Y,96.0,0.0,0.0,0.0,0.0,0.0,Gd,MnPrv,Shed,500.0,11.0,2009.0,WD,Normal,120500.0,-0.8241356478208182,0.0,极低
730.5,50.0,RL,70.0,9478.5,Pave,Grvl,IR1,Lvl,AllPub,Corner,Gtl,Crawfor,Norm,Norm,1Fam,1Story,6.0,5.0,1973.0,1994.0,Hip,CompShg,Wd Sdng,Plywood,BrkFace,0.0,Gd,Gd,CBlock,Gd,TA,No,GLQ,383.5,Unf,0.0,477.5,991.5,GasA,Ex,Y,SBrkr,1087.0,0.0,0.0,1464.0,0.0,0.0,2.0,0.0,3.0,1.0,Gd,6.0,Typ,1.0,Gd,Attchd,1978.0,Fin,2.0,480.0,TA,TA,Y,0.0,25.0,0.0,0.0,0.0,0.0,Gd,MnPrv,Shed,0.0,6.0,2008.0,WD,Normal,163000.0,-0.1736401122703021,2.0,中
728.0,20.0,RL,64.0,7314.0,Pave,Grvl,Reg,Lvl,AllPub,Inside,Gtl,CollgCr,Norm,Norm,1Fam,1Story,7.0,5.0,2007.0,2007.0,Gable,CompShg,VinylSd,VinylSd,Stone,82.0,Gd,TA,PConc,Gd,TA,Av,GLQ,724.0,Unf,0.0,508.0,1232.0,GasA,Ex,Y,SBrkr,1232.0,0.0,0.0,1232.0,1.0,0.0,2.0,0.0,2.0,1.0,Gd,6.0,Typ,0.0,Gd,Attchd,2007.0,RFn,2.0,632.0,TA,TA,Y,132.0,0.0,0.0,0.0,0.0,0.0,Gd,MnPrv,Shed,0.0,2.0,2009.0,WD,Normal,194500.0,0.30849187290243335,3.0,高
729.0,90.0,RL,85.0,11475.0,Pave,Grvl,Reg,Lvl,AllPub,Corner,Gtl,NAmes,Norm,Norm,Duplex,1Story,5.0,5.0,1958.0,1958.0,Gable,CompShg,VinylSd,VinylSd,BrkFace,95.0,TA,TA,CBlock,TA,TA,No,Unf,0.0,Unf,0.0,1584.0,1584.0,GasA,TA,Y,SBrkr,1776.0,0.0,0.0,1776.0,1.0,0.0,2.0,0.0,4.0,2.0,TA,9.0,Typ,0.0,Gd,Detchd,1968.0,Unf,3.0,888.0,TA,TA,Y,0.0,25.0,0.0,0.0,0.0,0.0,Gd,MnPrv,Shed,0.0,7.0,2009.0,COD,Abnorml,110000.0,-0.9848463095450634,0.0,极低
730.0,30.0,RM,52.0,6240.0,Pave,Grvl,Reg,Lvl,AllPub,Inside,Gtl,IDOTRR,Norm,Norm,1Fam,1.5Fin,4.0,5.0,1925.0,1950.0,Gable,CompShg,MetalSd,MetalSd,BrkFace,0.0,TA,TA,CBlock,TA,TA,No,BLQ,152.0,Unf,0.0,628.0,780.0,GasA,TA,Y,FuseA,848.0,0.0,360.0,1208.0,0.0,0.0,1.0,0.0,2.0,1.0,TA,5.0,Typ,0.0,Gd,Detchd,1962.0,Unf,2.0,539.0,TA,TA,Y,0.0,23.0,112.0,0.0,0.0,0.0,Gd,MnPrv,Shed,0.0,1.0,2009.0,WD,Normal,103000.0,-1.0919867506945602,0.0,极低
731.0,120.0,RL,39.0,5389.0,Pave,Grvl,IR1,Lvl,AllPub,Inside,Gtl,StoneBr,Norm,Norm,TwnhsE,1Story,8.0,5.0,1995.0,1996.0,Gable,CompShg,CemntBd,CmentBd,BrkFace,0.0,Gd,TA,PConc,Gd,TA,No,GLQ,1180.0,Unf,0.0,415.0,1595.0,GasA,Ex,Y,SBrkr,1616.0,0.0,0.0,1616.0,1.0,0.0,2.0,0.0,2.0,1.0,Gd,5.0,Typ,1.0,TA,Attchd,1995.0,RFn,2.0,608.0,TA,TA,Y,237.0,152.0,0.0,0.0,0.0,0.0,Gd,MnPrv,Shed,0.0,3.0,2010.0,WD,Normal,236500.0,0.951334519799414,4.0,极高
732.0,80.0,RL,73.0,9590.0,Pave,Grvl,IR1,Lvl,AllPub,Corner,Gtl,Timber,Norm,Norm,1Fam,SLvl,7.0,5.0,2003.0,2003.0,Gable,CompShg,VinylSd,VinylSd,BrkFace,442.0,Gd,TA,PConc,Ex,TA,Av,GLQ,786.0,Unf,0.0,82.0,868.0,GasA,Ex,Y,SBrkr,1146.0,0.0,0.0,1146.0,1.0,0.0,2.0,0.0,3.0,1.0,Gd,6.0,Typ,1.0,Gd,Attchd,2003.0,Fin,2.0,438.0,TA,TA,Y,160.0,22.0,0.0,0.0,0.0,0.0,Gd,MnPrv,Shed,0.0,5.0,2007.0,WD,Normal,187500.0,0.2013514317529366,3.0,高
733.0,60.0,RL,75.0,11404.0,Pave,Grvl,IR1,Lvl,AllPub,Inside,Gtl,CollgCr,Norm,Norm,1Fam,2Story,7.0,5.0,1998.0,1999.0,Gable,CompShg,VinylSd,VinylSd,BrkFace,202.0,Gd,TA,PConc,Gd,TA,Av,ALQ,252.0,Unf,0.0,901.0,1153.0,GasA,Ex,Y,SBrkr,1153.0,878.0,0.0,2031.0,0.0,0.0,2.0,1.0,3.0,1.0,Gd,8.0,Typ,1.0,TA,Attchd,1998.0,Fin,2.0,541.0,TA,TA,Y,192.0,84.0,0.0,0.0,0.0,0.0,Gd,MnPrv,Shed,0.0,7.0,2008.0,WD,Normal,222500.0,0.7370536375004204,4.0,极高
734.0,20.0,RL,80.0,10000.0,Pave,Grvl,Reg,Lvl,AllPub,Corner,Gtl,Sawyer,Feedr,Norm,1Fam,1Story,5.0,6.0,1961.0,1983.0,Hip,CompShg,HdBoard,HdBoard,BrkFace,0.0,TA,TA,CBlock,TA,TA,No,BLQ,594.0,Unf,0.0,270.0,864.0,GasA,Ex,Y,SBrkr,1144.0,0.0,0.0,1144.0,1.0,0.0,1.0,0.0,3.0,1.0,TA,6.0,Typ,1.0,TA,Attchd,1961.0,RFn,1.0,264.0,TA,TA,Y,165.0,0.0,0.0,0.0,0.0,0.0,Gd,GdWo,Shed,400.0,3.0,2009.0,WD,Normal,131400.0,-0.6573026751737446,1.0,低
735.0,20.0,RL,63.2,8978.0,Pave,Grvl,IR1,Lvl,AllPub,Corner,Gtl,Sawyer,Norm,Norm,1Fam,1Story,5.0,5.0,1968.0,1968.0,Gable,CompShg,Plywood,Plywood,BrkFace,0.0,TA,TA,PConc,TA,TA,No,Unf,0.0,Unf,0.0,948.0,948.0,GasA,TA,Y,SBrkr,948.0,0.0,0.0,948.0,0.0,0.0,1.0,0.0,3.0,1.0,TA,6.0,Typ,0.0,Gd,Attchd,1968.0,Unf,1.0,300.0,TA,TA,Y,147.0,0.0,0.0,0.0,0.0,0.0,Gd,MnPrv,Shed,0.0,5.0,2007.0,WD,Family,108000.0,-1.0154578641592054,0.0,极低
736.0,75.0,RM,60.0,10800.0,Pave,Grvl,Reg,Lvl,AllPub,Inside,Gtl,OldTown,Norm,Norm,1Fam,2.5Unf,7.0,7.0,1914.0,1970.0,Gable,CompShg,Wd Sdng,Wd Sdng,BrkFace,0.0,TA,TA,BrkTil,Gd,TA,Mn,Rec,390.0,Unf,0.0,490.0,880.0,GasW,Fa,N,SBrkr,880.0,888.0,0.0,1768.0,0.0,0.0,1.0,1.0,2.0,1.0,TA,6.0,Typ,2.0,TA,Detchd,1914.0,Unf,2.0,320.0,TA,TA,N,0.0,341.0,0.0,0.0,0.0,0.0,Gd,MnPrv,Shed,0.0,10.0,2006.0,WD,Normal,163000.0,-0.1736401122703021,2.0,中
737.0,90.0,RL,60.0,8544.0,Pave,Grvl,Reg,Lvl,AllPub,Inside,Gtl,NAmes,Norm,Norm,Duplex,1Story,3.0,4.0,1950.0,1950.0,Gable,CompShg,Stucco,Stone,BrkFace,0.0,TA,TA,CBlock,TA,TA,No,Unf,0.0,Unf,0.0,0.0,0.0,GasA,Gd,N,FuseF,1040.0,0.0,0.0,1040.0,0.0,0.0,2.0,0.0,2.0,2.0,TA,6.0,Typ,0.0,Gd,Detchd,1949.0,Unf,2.0,400.0,TA,TA,Y,0.0,0.0,0.0,0.0,0.0,0.0,Gd,MnPrv,Shed,0.0,7.0,2006.0,WD,Normal,93500.0,-1.2373916351117342,0.0,极低
738.0,60.0,RL,72.0,10463.0,Pave,Grvl,IR1,HLS,AllPub,CulDSac,Gtl,Gilbert,Norm,Norm,1Fam,2Story,8.0,5.0,2005.0,2005.0,Gable,CompShg,VinylSd,VinylSd,BrkFace,0.0,Gd,TA,PConc,Gd,TA,No,Unf,0.0,Unf,0.0,893.0,893.0,GasA,Ex,Y,SBrkr,901.0,900.0,0.0,1801.0,0.0,0.0,2.0,1.0,3.0,1.0,Gd,8.0,Typ,1.0,Gd,Attchd,2005.0,Fin,3.0,800.0,TA,TA,Y,0.0,116.0,0.0,0.0,0.0,0.0,Gd,MnPrv,Shed,0.0,6.0,2006.0,WD,Normal,239900.0,1.0033741626434554,4.0,极高
739.0,90.0,RL,60.0,10800.0,Pave,Grvl,Reg,Lvl,AllPub,Inside,Gtl,Edwards,Norm,Norm,Duplex,1Story,5.0,5.0,1987.0,1988.0,Gable,CompShg,Plywood,Plywood,BrkFace,0.0,TA,TA,CBlock,Gd,Gd,Gd,GLQ,1200.0,Unf,0.0,0.0,1200.0,GasA,TA,Y,SBrkr,1200.0,0.0,0.0,1200.0,3.0,0.0,3.0,0.0,3.0,1.0,TA,5.0,Typ,0.0,Gd,Attchd,1977.4,Unf,0.0,0.0,TA,TA,Y,120.0,0.0,0.0,0.0,0.0,0.0,Gd,MnPrv,Shed,0.0,3.0,2009.0,WD,Alloca,179000.0,0.07125232464283338,3.0,高
740.0,60.0,RL,65.0,9313.0,Pave,Grvl,IR1,Lvl,AllPub,Inside,Gtl,CollgCr,Norm,Norm,1Fam,2Story,7.0,5.0,2004.0,2004.0,Gable,CompShg,VinylSd,VinylSd,BrkFace,0.0,Gd,TA,PConc,Gd,TA,No,Unf,0.0,Unf,0.0,864.0,864.0,GasA,Ex,Y,SBrkr,864.0,864.0,0.0,1728.0,0.0,0.0,2.0,1.0,3.0,1.0,Gd,7.0,Typ,0.0,Gd,Attchd,2004.0,RFn,2.0,572.0,TA,TA,Y,187.0,56.0,0.0,0.0,0.0,0.0,Gd,MnPrv,Shed,0.0,4.0,2009.0,WD,Normal,190000.0,0.23961587502061402,3.0,高
741.0,70.0,RM,60.0,9600.0,Pave,Grvl,Reg,Lvl,AllPub,Inside,Gtl,OldTown,Norm,Norm,1Fam,2Story,5.0,7.0,1910.0,2002.0,Gable,CompShg,Wd Sdng,Wd Shng,BrkFace,0.0,TA,Gd,BrkTil,Fa,Fa,No,Unf,0.0,Unf,0.0,264.0,264.0,GasA,Ex,Y,SBrkr,768.0,664.0,0.0,1432.0,0.0,0.0,2.0,0.0,2.0,1.0,TA,7.0,Typ,0.0,Gd,Detchd,1910.0,Unf,2.0,360.0,TA,Gd,Y,270.0,0.0,112.0,0.0,0.0,0.0,Gd,GdPrv,Shed,0.0,5.0,2007.0,WD,Abnorml,132000.0,-0.6481192087895021,1.0,低
742.0,20.0,RL,65.0,6768.0,Pave,Grvl,IR1,Lvl,AllPub,Inside,Gtl,Sawyer,Feedr,Norm,1Fam,1Story,6.0,8.0,1961.0,1996.0,Hip,CompShg,HdBoard,HdBoard,BrkFace,0.0,TA,Gd,CBlock,TA,TA,Mn,GLQ,832.0,Unf,0.0,80.0,912.0,GasA,Gd,Y,SBrkr,912.0,0.0,0.0,912.0,1.0,1.0,1.0,0.0,3.0,1.0,Gd,5.0,Typ,0.0,Gd,Detchd,1962.0,Unf,1.0,288.0,TA,TA,Y,168.0,0.0,0.0,0.0,0.0,0.0,Gd,GdPrv,Shed,0.0,5.0,2008.0,WD,Normal,142000.0,-0.4950614357187924,1.0,低
743.0,20.0,RL,65.0,8450.0,Pave,Grvl,Reg,Lvl,AllPub,Inside,Gtl,SawyerW,Norm,Norm,1Fam,1Story,7.0,5.0,2000.0,2001.0,Gable,CompShg,VinylSd,VinylSd,BrkFace,108.0,TA,TA,PConc,Gd,TA,No,Unf,0.0,Unf,0.0,1349.0,1349.0,GasA,Ex,Y,SBrkr,1349.0,0.0,0.0,1349.0,0.0,0.0,2.0,0.0,3.0,1.0,TA,6.0,Typ,0.0,Gd,Attchd,2000.0,Unf,2.0,539.0,TA,TA,Y,120.0,55.0,0.0,0.0,0.0,0.0,Gd,GdPrv,Shed,0.0,12.0,2007.0,WD,Normal,179000.0,0.07125232464283338,3.0,高
744.0,80.0,RL,70.0,12886.0,Pave,Grvl,IR1,Lvl,AllPub,Inside,Gtl,Sawyer,Norm,Norm,1Fam,SLvl,5.0,6.0,1963.0,1999.0,Gable,CompShg,HdBoard,HdBoard,BrkFace,0.0,TA,TA,CBlock,Gd,TA,Av,ALQ,444.0,Unf,0.0,76.0,520.0,GasA,Ex,Y,SBrkr,1464.0,0.0,0.0,1464.0,0.0,1.0,2.0,0.0,3.0,1.0,TA,6.0,Min2,1.0,TA,Attchd,1997.0,RFn,2.0,480.0,TA,TA,Y,302.0,0.0,0.0,0.0,100.0,0.0,Gd,MnPrv,Shed,0.0,10.0,2009.0,WD,Normal,175000.0,0.010029215414549505,3.0,高
745.0,120.0,RL,41.0,5395.0,Pave,Grvl,IR1,HLS,AllPub,Inside,Gtl,StoneBr,Norm,Norm,TwnhsE,1Story,8.0,5.0,1993.0,1993.0,Gable,CompShg,HdBoard,HdBoard,BrkFace,0.0,Gd,TA,PConc,Gd,TA,No,GLQ,733.0,Unf,0.0,604.0,1337.0,GasA,Gd,Y,SBrkr,1337.0,0.0,0.0,1337.0,1.0,0.0,2.0,0.0,2.0,1.0,Gd,5.0,Typ,1.0,TA,Attchd,1993.0,RFn,2.0,462.0,TA,TA,Y,96.0,0.0,70.0,168.0,0.0,0.0,Gd,MnPrv,Shed,0.0,10.0,2008.0,WD,Normal,180000.0,0.08655810194990435,3.0,高
730.5,50.0,RL,70.0,9478.5,Pave,Grvl,IR1,Lvl,AllPub,Inside,Gtl,NWAmes,Norm,Norm,1Fam,2Story,6.0,5.0,1973.0,1994.0,Hip,CompShg,VinylSd,VinylSd,BrkFace,0.0,Ex,Gd,CBlock,TA,Gd,No,GLQ,383.5,ALQ,0.0,477.5,991.5,GasA,Ex,Y,SBrkr,1087.0,0.0,0.0,1464.0,0.0,0.0,2.0,0.0,3.0,1.0,Gd,6.0,Typ,1.0,TA,BuiltIn,1978.0,Fin,2.0,480.0,TA,TA,Y,0.0,25.0,0.0,0.0,0.0,0.0,Gd,MnPrv,Shed,0.0,6.0,2008.0,WD,Normal,163000.0,-0.1736401122703021,2.0,中
747.0,60.0,RL,64.4,8795.0,Pave,Grvl,IR1,Lvl,AllPub,Inside,Gtl,Gilbert,Norm,Norm,1Fam,2Story,7.0,5.0,2000.0,2000.0,Gable,CompShg,VinylSd,VinylSd,BrkFace,0.0,Gd,TA,PConc,Gd,TA,No,GLQ,300.0,Unf,0.0,652.0,952.0,GasA,Ex,Y,SBrkr,980.0,1276.0,0.0,2256.0,0.0,0.0,2.0,1.0,4.0,1.0,Gd,8.0,Typ,1.0,TA,BuiltIn,2000.0,Fin,2.0,554.0,TA,TA,Y,224.0,54.0,0.0,0.0,0.0,0.0,Gd,MnPrv,Shed,0.0,4.0,2009.0,WD,Normal,236000.0,0.9436816311458786,4.0,极高
730.5,50.0,RM,70.0,9478.5,Pave,Pave,IR1,Lvl,AllPub,Corner,Gtl,OldTown,Norm,Norm,1Fam,2Story,6.0,5.0,1973.0,1994.0,Mansard,CompShg,Stucco,Stucco,BrkFace,0.0,Gd,TA,Stone,TA,Fa,No,Unf,383.5,Unf,0.0,477.5,991.5,GasW,TA,N,SBrkr,1087.0,0.0,0.0,1464.0,0.0,0.0,2.0,0.0,3.0,1.0,Gd,6.0,Typ,1.0,Gd,Detchd,1978.0,Unf,2.0,480.0,TA,TA,N,0.0,25.0,0.0,0.0,0.0,0.0,Gd,MnPrv,Shed,0.0,6.0,2008.0,WD,Normal,163000.0,-0.1736401122703021,2.0,中
749.0,20.0,RL,59.0,10593.0,Pave,Grvl,IR1,Lvl,AllPub,Inside,Gtl,NoRidge,Norm,Norm,1Fam,1Story,7.0,5.0,1996.0,1996.0,Hip,CompShg,VinylSd,VinylSd,BrkFace,338.0,Gd,TA,PConc,Gd,TA,No,GLQ,919.0,Unf,0.0,801.0,1720.0,GasA,Ex,Y,SBrkr,1720.0,0.0,0.0,1720.0,1.0,0.0,2.0,0.0,3.0,1.0,Gd,7.0,Typ,1.0,TA,Attchd,1996.0,Fin,2.0,527.0,TA,TA,Y,240.0,56.0,154.0,0.0,0.0,0.0,Gd,MnPrv,Shed,0.0,3.0,2010.0,WD,Normal,260400.0,1.3171425974384101,4.0,极高
750.0,50.0,RL,50.0,8405.0,Pave,Grvl,Reg,Lvl,AllPub,Inside,Gtl,Edwards,Norm,Norm,1Fam,1.5Fin,4.0,3.0,1945.0,1950.0,Gable,CompShg,WdShing,Wd Shng,BrkFace,0.0,TA,TA,Slab,TA,TA,No,Unf,0.0,Unf,0.0,0.0,0.0,Wall,TA,N,FuseF,1088.0,441.0,0.0,1529.0,0.0,0.0,2.0,0.0,4.0,1.0,TA,9.0,Mod,0.0,Gd,Detchd,1945.0,Unf,1.0,240.0,TA,TA,N,92.0,0.0,185.0,0.0,0.0,0.0,Gd,MnPrv,Shed,0.0,4.0,2009.0,WD,Normal,98000.0,-1.168515637229915,0.0,极低
751.0,50.0,RM,55.0,8800.0,Pave,Grvl,Reg,Lvl,AllPub,Corner,Gtl,OldTown,Norm,Norm,1Fam,1.5Fin,4.0,7.0,1910.0,2004.0,Gable,CompShg,Wd Sdng,Wd Sdng,BrkFace,0.0,TA,TA,BrkTil,TA,Fa,No,Unf,0.0,Unf,0.0,576.0,576.0,GasA,Gd,Y,SBrkr,792.0,348.0,0.0,1140.0,0.0,0.0,1.0,0.0,3.0,1.0,TA,7.0,Min2,0.0,Gd,Attchd,1952.4,Unf,0.0,0.0,TA,TA,N,0.0,160.0,0.0,0.0,0.0,0.0,Gd,MnPrv,Shed,0.0,6.0,2010.0,WD,Normal,96500.0,-1.1914743031905215,0.0,极低
752.0,60.0,RL,61.2,7750.0,Pave,Grvl,Reg,Lvl,AllPub,Inside,Gtl,Gilbert,RRAn,Norm,1Fam,2Story,7.0,5.0,2003.0,2003.0,Gable,CompShg,VinylSd,VinylSd,BrkFace,0.0,Gd,TA,PConc,Gd,TA,No,Unf,0.0,Unf,0.0,660.0,660.0,GasA,Ex,Y,SBrkr,660.0,660.0,0.0,1320.0,0.0,0.0,2.0,1.0,3.0,1.0,Gd,6.0,Typ,0.0,Gd,Attchd,2003.0,Fin,2.0,400.0,TA,TA,Y,0.0,48.0,0.0,0.0,0.0,0.0,Gd,MnPrv,Shed,0.0,8.0,2007.0,WD,Normal,162000.0,-0.18894588957737307,2.0,中
753.0,20.0,RL,79.0,9236.0,Pave,Grvl,IR1,Lvl,AllPub,Inside,Gtl,CollgCr,Norm,Norm,1Fam,1Story,6.0,5.0,1997.0,1997.0,Gable,CompShg,VinylSd,VinylSd,BrkFace,0.0,TA,Gd,PConc,Gd,TA,Gd,GLQ,1200.0,Unf,0.0,279.0,1479.0,GasA,Ex,Y,SBrkr,1494.0,0.0,0.0,1494.0,1.0,0.0,2.0,0.0,3.0,1.0,Gd,6.0,Typ,0.0,Gd,Attchd,1997.0,RFn,2.0,576.0,TA,TA,Y,168.0,27.0,0.0,0.0,0.0,0.0,Gd,MnPrv,Shed,0.0,7.0,2006.0,WD,Normal,217000.0,0.6528718623115302,4.0,极高
754.0,60.0,RL,80.0,10240.0,Pave,Grvl,Reg,Lvl,AllPub,Inside,Gtl,NridgHt,Norm,Norm,1Fam,2Story,8.0,5.0,2005.0,2005.0,Gable,CompShg,VinylSd,VinylSd,BrkFace,178.0,Gd,TA,PConc,Gd,TA,Mn,Unf,0.0,Unf,0.0,1030.0,1030.0,GasA,Gd,Y,SBrkr,1038.0,1060.0,0.0,2098.0,0.0,0.0,2.0,1.0,3.0,1.0,Ex,8.0,Typ,1.0,Gd,Attchd,2005.0,RFn,3.0,878.0,TA,TA,Y,192.0,52.0,0.0,0.0,0.0,0.0,Gd,MnPrv,Shed,0.0,3.0,2006.0,WD,Normal,275500.0,1.5482598347751817,4.0,极高
755.0,20.0,RL,61.0,7930.0,Pave,Grvl,Reg,Lvl,AllPub,Inside,Gtl,NAmes,Norm,Norm,1Fam,1Story,6.0,8.0,1969.0,2005.0,Gable,CompShg,Plywood,Plywood,BrkFace,0.0,TA,TA,CBlock,TA,TA,No,GLQ,439.0,LwQ,472.0,115.0,1026.0,GasA,Gd,Y,SBrkr,1026.0,0.0,0.0,1026.0,1.0,0.0,1.0,0.0,3.0,1.0,Gd,5.0,Typ,0.0,Gd,Detchd,1969.0,RFn,2.0,440.0,TA,TA,Y,171.0,48.0,0.0,0.0,0.0,0.0,Gd,MnPrv,Shed,0.0,7.0,2009.0,WD,Normal,156000.0,-0.28078055341979885,2.0,中
756.0,160.0,FV,34.0,3230.0,Pave,Pave,Reg,Lvl,AllPub,Inside,Gtl,Somerst,Norm,Norm,TwnhsE,2Story,6.0,5.0,1999.0,1999.0,Gable,CompShg,MetalSd,MetalSd,BrkFace,894.0,TA,TA,PConc,Gd,TA,No,GLQ,381.0,Unf,0.0,348.0,729.0,GasA,Gd,Y,SBrkr,742.0,729.0,0.0,1471.0,0.0,0.0,2.0,1.0,3.0,1.0,TA,6.0,Typ,0.0,Gd,Detchd,1999.0,Unf,2.0,440.0,TA,TA,Y,0.0,24.0,0.0,0.0,0.0,0.0,Gd,MnPrv,Shed,0.0,3.0,2009.0,WD,Normal,172500.0,-0.028235227853127914,3.0,高
757.0,60.0,RL,68.0,10769.0,Pave,Grvl,IR1,Lvl,AllPub,Inside,Gtl,CollgCr,Norm,Norm,1Fam,2Story,8.0,5.0,2007.0,2007.0,Gable,CompShg,VinylSd,VinylSd,BrkFace,0.0,Gd,TA,PConc,Gd,TA,Av,GLQ,20.0,Unf,0.0,846.0,866.0,GasA,Ex,Y,SBrkr,866.0,902.0,0.0,1768.0,0.0,0.0,2.0,1.0,3.0,1.0,Gd,7.0,Typ,0.0,Gd,Attchd,2007.0,RFn,2.0,578.0,TA,TA,Y,144.0,105.0,0.0,0.0,0.0,0.0,Gd,MnPrv,Shed,0.0,4.0,2009.0,WD,Normal,212000.0,0.5763429757761753,3.0,高
758.0,60.0,RL,66.4,11616.0,Pave,Grvl,IR1,Lvl,AllPub,CulDSac,Gtl,Sawyer,Norm,Norm,1Fam,2Story,6.0,5.0,1978.0,1978.0,Hip,CompShg,HdBoard,HdBoard,BrkCmn,328.0,TA,TA,CBlock,TA,TA,Mn,Rec,438.0,Unf,0.0,234.0,672.0,GasA,TA,Y,SBrkr,672.0,714.0,0.0,1386.0,0.0,0.0,2.0,1.0,3.0,1.0,TA,6.0,Typ,1.0,TA,Attchd,1978.0,Fin,2.0,440.0,TA,TA,Y,335.0,0.0,0.0,0.0,0.0,0.0,Gd,GdPrv,Shed,0.0,4.0,2010.0,WD,Abnorml,158900.0,-0.23639379922929307,2.0,中
759.0,160.0,FV,24.0,2280.0,Pave,Pave,Reg,Lvl,AllPub,Inside,Gtl,Somerst,Norm,Norm,Twnhs,2Story,7.0,5.0,1999.0,1999.0,Gable,CompShg,MetalSd,MetalSd,BrkFace,360.0,TA,TA,PConc,Gd,TA,No,ALQ,549.0,Unf,0.0,195.0,744.0,GasA,Gd,Y,SBrkr,757.0,744.0,0.0,1501.0,0.0,0.0,2.0,1.0,3.0,1.0,TA,6.0,Typ,0.0,Gd,Detchd,1999.0,Unf,2.0,440.0,TA,TA,Y,0.0,0.0,0.0,0.0,0.0,0.0,Gd,MnPrv,Shed,0.0,8.0,2008.0,WD,Normal,179400.0,0.07737463556566176,3.0,高
760.0,60.0,RL,65.0,12257.0,Pave,Grvl,IR1,Lvl,AllPub,Inside,Gtl,NoRidge,Norm,Norm,1Fam,2Story,8.0,5.0,1995.0,1995.0,Gable,CompShg,VinylSd,VinylSd,BrkFace,513.0,Gd,TA,PConc,Gd,TA,Av,LwQ,56.0,ALQ,64.0,1198.0,1318.0,GasA,Ex,Y,SBrkr,1328.0,1203.0,0.0,2531.0,0.0,0.0,2.0,1.0,4.0,1.0,Gd,9.0,Typ,1.0,TA,Attchd,1995.0,RFn,3.0,752.0,TA,TA,Y,222.0,98.0,0.0,0.0,0.0,0.0,Gd,MnPrv,Shed,0.0,11.0,2007.0,WD,Normal,290000.0,1.7701936057277108,4.0,极高
761.0,20.0,RL,70.0,9100.0,Pave,Grvl,Reg,Lvl,AllPub,Inside,Gtl,NAmes,Norm,Norm,1Fam,1Story,6.0,6.0,1959.0,1959.0,Hip,CompShg,Wd Sdng,Wd Sdng,BrkFace,0.0,TA,TA,CBlock,TA,TA,No,Rec,612.0,Unf,0.0,252.0,864.0,GasA,Ex,Y,SBrkr,864.0,0.0,0.0,864.0,0.0,0.0,1.0,0.0,2.0,1.0,TA,5.0,Typ,0.0,Gd,Detchd,2008.0,Unf,1.0,300.0,Ex,Ex,Y,0.0,0.0,0.0,0.0,0.0,0.0,Gd,MnPrv,Shed,450.0,10.0,2009.0,WD,Normal,127500.0,-0.7169952066713214,1.0,低
762.0,30.0,RM,60.0,6911.0,Pave,Grvl,Reg,Lvl,AllPub,FR2,Gtl,BrkSide,Feedr,Norm,1Fam,1Story,5.0,5.0,1924.0,1950.0,Gable,CompShg,Wd Sdng,Wd Sdng,BrkFace,0.0,TA,TA,PConc,TA,TA,Mn,LwQ,405.0,Unf,0.0,740.0,1145.0,GasA,TA,Y,SBrkr,1301.0,0.0,0.0,1301.0,0.0,0.0,1.0,0.0,2.0,1.0,Fa,5.0,Min1,0.0,Gd,Detchd,1965.0,Unf,2.0,440.0,TA,TA,Y,0.0,0.0,0.0,0.0,0.0,0.0,Gd,MnPrv,Shed,0.0,10.0,2009.0,WD,Normal,100000.0,-1.1379040826157731,0.0,极低
763.0,60.0,FV,72.0,8640.0,Pave,Grvl,Reg,Lvl,AllPub,Inside,Gtl,Somerst,Norm,Norm,1Fam,2Story,7.0,5.0,2009.0,2009.0,Gable,CompShg,VinylSd,VinylSd,BrkFace,0.0,TA,TA,PConc,Gd,TA,Mn,GLQ,24.0,Unf,0.0,732.0,756.0,GasA,Ex,Y,SBrkr,764.0,783.0,0.0,1547.0,0.0,0.0,2.0,1.0,3.0,1.0,Gd,7.0,Typ,0.0,Gd,Attchd,2009.0,Unf,2.0,614.0,TA,TA,Y,169.0,45.0,0.0,0.0,0.0,0.0,Gd,MnPrv,Shed,0.0,6.0,2010.0,Con,Normal,215200.0,0.6253214631588024,3.0,高
764.0,60.0,RL,82.0,9430.0,Pave,Grvl,Reg,Lvl,AllPub,Inside,Gtl,NoRidge,Norm,Norm,1Fam,2Story,8.0,5.0,1999.0,1999.0,Gable,CompShg,VinylSd,VinylSd,BrkFace,673.0,Gd,TA,PConc,Gd,TA,Mn,GLQ,1163.0,Unf,0.0,89.0,1252.0,GasA,Ex,Y,SBrkr,1268.0,1097.0,0.0,2365.0,1.0,0.0,2.0,1.0,3.0,1.0,Gd,8.0,Typ,1.0,Gd,Attchd,1999.0,RFn,3.0,856.0,TA,TA,Y,0.0,128.0,0.0,0.0,180.0,0.0,Gd,MnPrv,Shed,0.0,7.0,2009.0,WD,Normal,337000.0,2.4895651391600464,4.0,极高
730.5,50.0,RL,70.0,9478.5,Pave,Grvl,IR1,Lvl,AllPub,CulDSac,Gtl,Veenker,Norm,Norm,TwnhsE,1Story,6.0,5.0,1973.0,1994.0,Hip,CompShg,BrkFace,BrkFace,BrkFace,0.0,Gd,Gd,PConc,Gd,Gd,Av,LwQ,383.5,GLQ,0.0,477.5,991.5,GasA,Ex,Y,SBrkr,1087.0,0.0,0.0,1464.0,0.0,0.0,2.0,0.0,3.0,1.0,Ex,6.0,Typ,1.0,Gd,Attchd,1978.0,Fin,2.0,480.0,TA,TA,Y,0.0,25.0,0.0,0.0,0.0,0.0,Gd,MnPrv,Shed,0.0,6.0,2008.0,WD,Normal,163000.0,-0.1736401122703021,2.0,中
766.0,20.0,RL,75.0,14587.0,Pave,Grvl,IR1,Lvl,AllPub,Inside,Gtl,Somerst,Norm,Norm,1Fam,1Story,9.0,5.0,2008.0,2008.0,Gable,CompShg,VinylSd,VinylSd,Stone,284.0,Gd,TA,PConc,Gd,TA,No,Unf,0.0,Unf,0.0,1498.0,1498.0,GasA,Ex,Y,SBrkr,1506.0,0.0,0.0,1506.0,0.0,0.0,2.0,0.0,2.0,1.0,Ex,6.0,Typ,1.0,Gd,Attchd,2008.0,Fin,2.0,592.0,TA,TA,Y,0.0,174.0,0.0,0.0,0.0,0.0,Gd,MnPrv,Shed,0.0,8.0,2008.0,New,Partial,264132.0,1.374263758348399,4.0,极高
767.0,60.0,RL,80.0,10421.0,Pave,Grvl,Reg,Lvl,AllPub,Inside,Gtl,NWAmes,Norm,Norm,1Fam,2Story,7.0,5.0,1988.0,1988.0,Gable,CompShg,HdBoard,HdBoard,BrkFace,42.0,TA,TA,CBlock,Gd,TA,No,GLQ,394.0,Unf,0.0,586.0,980.0,GasA,TA,Y,SBrkr,980.0,734.0,0.0,1714.0,0.0,0.0,2.0,1.0,3.0,1.0,TA,7.0,Typ,1.0,TA,Attchd,1988.0,Unf,2.0,496.0,TA,TA,Y,228.0,66.0,156.0,0.0,0.0,0.0,Gd,MnPrv,Shed,500.0,3.0,2010.0,WD,Normal,196500.0,0.3391034275165753,3.0,高
768.0,50.0,RL,75.0,12508.0,Pave,Grvl,IR1,Lvl,AllPub,Inside,Gtl,Mitchel,Norm,Norm,1Fam,1.5Fin,6.0,7.0,1940.0,1985.0,Gable,CompShg,VinylSd,VinylSd,BrkFace,0.0,TA,TA,CBlock,Gd,TA,Mn,ALQ,660.0,Unf,0.0,323.0,983.0,GasA,Ex,Y,SBrkr,983.0,767.0,0.0,1750.0,1.0,0.0,2.0,0.0,4.0,1.0,TA,7.0,Mod,0.0,Gd,Attchd,1989.0,Unf,1.0,423.0,TA,TA,Y,245.0,0.0,156.0,0.0,0.0,0.0,Gd,MnPrv,Shed,1300.0,7.0,2008.0,WD,Normal,160000.0,-0.21955744419151502,2.0,中
769.0,20.0,RL,70.0,9100.0,Pave,Grvl,Reg,Lvl,AllPub,Inside,Gtl,CollgCr,Norm,Norm,1Fam,1Story,7.0,5.0,2004.0,2005.0,Hip,CompShg,VinylSd,VinylSd,BrkFace,0.0,Gd,TA,PConc,Gd,TA,No,GLQ,24.0,Unf,0.0,1836.0,1860.0,GasA,Ex,Y,SBrkr,1836.0,0.0,0.0,1836.0,0.0,0.0,2.0,0.0,3.0,1.0,Gd,8.0,Typ,1.0,Gd,Attchd,2004.0,Fin,2.0,484.0,TA,TA,Y,120.0,33.0,0.0,0.0,0.0,0.0,Gd,MnPrv,Shed,0.0,10.0,2006.0,WD,Normal,216837.0,0.6503770206104775,4.0,极高
730.5,50.0,RL,70.0,9478.5,Pave,Grvl,IR2,HLS,AllPub,CulDSac,Mod,StoneBr,Norm,Norm,1Fam,2Story,6.0,5.0,1973.0,1994.0,Hip,CompShg,CemntBd,Wd Shng,BrkFace,0.0,Ex,TA,PConc,Gd,TA,Gd,ALQ,383.5,Unf,0.0,477.5,991.5,GasA,Ex,Y,SBrkr,1087.0,0.0,0.0,1464.0,0.0,0.0,2.0,0.0,3.0,1.0,Ex,6.0,Mod,1.0,Gd,BuiltIn,1978.0,Fin,2.0,480.0,TA,TA,Y,0.0,25.0,0.0,0.0,0.0,0.0,Gd,MnPrv,Shed,0.0,6.0,2008.0,WD,Normal,163000.0,-0.1736401122703021,2.0,中
771.0,85.0,RL,65.2,7252.0,Pave,Grvl,IR1,Lvl,AllPub,CulDSac,Gtl,Sawyer,Norm,Norm,1Fam,SFoyer,5.0,5.0,1982.0,1982.0,Hip,CompShg,Wd Sdng,Wd Sdng,BrkFace,0.0,TA,TA,CBlock,Gd,TA,Av,GLQ,685.0,Unf,0.0,173.0,858.0,GasA,TA,Y,SBrkr,858.0,0.0,0.0,858.0,1.0,0.0,1.0,0.0,2.0,1.0,TA,5.0,Typ,0.0,Gd,Detchd,1983.0,Unf,2.0,576.0,TA,TA,Y,120.0,0.0,0.0,0.0,0.0,0.0,Gd,MnPrv,Shed,0.0,4.0,2009.0,WD,Normal,134900.0,-0.6037324545989963,1.0,低
772.0,20.0,RL,67.0,8877.0,Pave,Grvl,Reg,Lvl,AllPub,Inside,Gtl,Edwards,Norm,Norm,1Fam,1Story,4.0,5.0,1951.0,1951.0,Gable,CompShg,Wd Sdng,Wd Sdng,BrkFace,0.0,TA,TA,CBlock,Fa,Fa,No,LwQ,836.0,Unf,0.0,0.0,836.0,GasA,TA,Y,FuseF,1220.0,0.0,0.0,1220.0,0.0,0.0,1.0,0.0,2.0,1.0,TA,6.0,Typ,0.0,Gd,Detchd,1951.0,Unf,2.0,396.0,TA,TA,Y,0.0,0.0,0.0,0.0,0.0,0.0,Gd,MnPrv,Shed,0.0,4.0,2006.0,COD,Normal,102000.0,-1.107292528001631,0.0,极低
773.0,80.0,RL,94.0,7819.0,Pave,Grvl,Reg,Lvl,AllPub,Inside,Gtl,Edwards,Norm,Norm,1Fam,SLvl,6.0,5.0,1976.0,1976.0,Gable,CompShg,Plywood,Plywood,BrkFace,0.0,TA,TA,CBlock,TA,TA,Av,ALQ,422.0,BLQ,127.0,480.0,1029.0,GasA,TA,Y,SBrkr,1117.0,0.0,0.0,1117.0,1.0,0.0,1.0,0.0,3.0,1.0,TA,6.0,Typ,1.0,TA,Detchd,1976.0,Unf,2.0,672.0,TA,TA,Y,144.0,0.0,0.0,0.0,0.0,0.0,Gd,MnPrv,Shed,0.0,3.0,2010.0,WD,Abnorml,107000.0,-1.0307636414662762,0.0,极低
774.0,20.0,RL,70.0,10150.0,Pave,Grvl,Reg,Lvl,AllPub,Inside,Gtl,NAmes,Feedr,Norm,1Fam,1Story,5.0,5.0,1958.0,1958.0,Gable,CompShg,Wd Sdng,Wd Sdng,BrkFace,1.0,TA,TA,CBlock,TA,TA,No,Rec,456.0,Unf,0.0,456.0,912.0,GasA,Ex,Y,FuseA,912.0,0.0,0.0,912.0,0.0,0.0,1.0,0.0,2.0,1.0,TA,5.0,Typ,0.0,Gd,Attchd,1958.0,RFn,1.0,275.0,TA,TA,Y,0.0,0.0,0.0,0.0,0.0,0.0,Gd,MnPrv,Shed,0.0,7.0,2007.0,COD,Normal,114500.0,-0.915970311663244,0.0,极低
775.0,20.0,RL,110.0,14226.0,Pave,Grvl,Reg,Lvl,AllPub,Corner,Gtl,NridgHt,Norm,Norm,1Fam,1Story,8.0,5.0,2006.0,2006.0,Hip,CompShg,VinylSd,VinylSd,BrkFace,375.0,Gd,TA,PConc,Gd,TA,Av,Unf,0.0,Unf,0.0,1935.0,1935.0,GasA,Gd,Y,SBrkr,1973.0,0.0,0.0,1973.0,0.0,0.0,2.0,0.0,3.0,1.0,Gd,9.0,Typ,1.0,Gd,Attchd,2006.0,Fin,3.0,895.0,TA,TA,Y,315.0,45.0,0.0,0.0,0.0,0.0,Gd,MnPrv,Shed,0.0,7.0,2007.0,New,Partial,395000.0,3.3773002229701623,4.0,极高
776.0,120.0,RM,32.0,4500.0,Pave,Grvl,Reg,Lvl,AllPub,FR2,Gtl,Mitchel,Norm,Norm,TwnhsE,1Story,6.0,5.0,1998.0,1998.0,Hip,CompShg,VinylSd,VinylSd,BrkFace,320.0,TA,TA,PConc,Ex,TA,No,GLQ,866.0,Unf,0.0,338.0,1204.0,GasA,Ex,Y,SBrkr,1204.0,0.0,0.0,1204.0,1.0,0.0,2.0,0.0,2.0,1.0,TA,5.0,Typ,0.0,Gd,Attchd,1998.0,Fin,2.0,412.0,TA,TA,Y,0.0,247.0,0.0,0.0,0.0,0.0,Gd,MnPrv,Shed,0.0,6.0,2009.0,WD,Normal,162000.0,-0.18894588957737307,2.0,中
777.0,20.0,RL,86.0,11210.0,Pave,Grvl,IR1,Lvl,AllPub,Inside,Gtl,CollgCr,Norm,Norm,1Fam,1Story,7.0,5.0,2005.0,2006.0,Gable,CompShg,VinylSd,VinylSd,BrkFace,240.0,Gd,TA,PConc,Gd,TA,Av,GLQ,20.0,Unf,0.0,1594.0,1614.0,GasA,Ex,Y,SBrkr,1614.0,0.0,0.0,1614.0,0.0,0.0,2.0,0.0,3.0,1.0,Gd,7.0,Typ,0.0,Gd,Attchd,2005.0,RFn,3.0,865.0,TA,TA,Y,144.0,59.0,0.0,0.0,0.0,0.0,Gd,MnPrv,Shed,0.0,7.0,2006.0,New,Partial,221500.0,0.7217478601933495,4.0,极高
778.0,20.0,RL,100.0,13350.0,Pave,Grvl,IR1,Lvl,AllPub,Inside,Gtl,Sawyer,Norm,Norm,1Fam,1Story,5.0,5.0,1974.0,1974.0,Hip,CompShg,HdBoard,Plywood,BrkFace,0.0,TA,TA,CBlock,TA,TA,No,ALQ,762.0,Unf,0.0,102.0,864.0,GasA,TA,Y,SBrkr,894.0,0.0,0.0,894.0,1.0,0.0,1.0,0.0,3.0,1.0,TA,5.0,Typ,1.0,Fa,Attchd,1974.0,Unf,2.0,440.0,TA,TA,Y,241.0,0.0,0.0,0.0,0.0,0.0,Gd,MnPrv,Shed,0.0,6.0,2006.0,WD,Normal,142500.0,-0.48740854706525694,1.0,低
779.0,90.0,RH,60.0,8400.0,Pave,Grvl,Reg,Lvl,AllPub,Inside,Gtl,SawyerW,Feedr,Norm,Duplex,1Story,5.0,5.0,1977.0,1977.0,Gable,CompShg,Plywood,Plywood,BrkFace,320.0,TA,TA,Slab,TA,TA,No,Unf,0.0,Unf,0.0,0.0,0.0,GasA,TA,Y,SBrkr,2020.0,0.0,0.0,2020.0,0.0,0.0,2.0,0.0,4.0,2.0,TA,10.0,Typ,2.0,TA,Detchd,1977.0,Unf,2.0,630.0,TA,TA,Y,0.0,0.0,0.0,0.0,0.0,0.0,Gd,MnPrv,Shed,0.0,10.0,2007.0,WD,Normal,144000.0,-0.46444988110465046,1.0,低
780.0,90.0,RL,78.0,10530.0,Pave,Grvl,Reg,Lvl,AllPub,Inside,Gtl,Mitchel,Norm,Norm,Duplex,SFoyer,6.0,5.0,1977.0,1977.0,Gable,CompShg,Plywood,ImStucc,BrkFace,90.0,TA,TA,CBlock,Gd,TA,Gd,GLQ,975.0,Unf,0.0,0.0,975.0,GasA,TA,Y,SBrkr,1004.0,0.0,0.0,1004.0,1.0,0.0,1.0,0.0,2.0,1.0,TA,4.0,Typ,0.0,Gd,Attchd,1977.0,Unf,2.0,504.0,TA,TA,Y,0.0,0.0,0.0,0.0,0.0,0.0,Gd,MnPrv,Shed,0.0,5.0,2006.0,WD,Normal,135000.0,-0.6022018768682892,1.0,低
781.0,20.0,RL,63.0,7875.0,Pave,Grvl,Reg,Lvl,AllPub,Inside,Gtl,Gilbert,Norm,Norm,1Fam,1Story,7.0,5.0,1995.0,1996.0,Gable,CompShg,HdBoard,HdBoard,BrkFace,38.0,TA,TA,PConc,Gd,Gd,No,Unf,0.0,Unf,0.0,1237.0,1237.0,GasA,Gd,Y,SBrkr,1253.0,0.0,0.0,1253.0,0.0,0.0,2.0,0.0,3.0,1.0,TA,6.0,Typ,1.0,TA,Attchd,1995.0,Fin,2.0,402.0,TA,TA,Y,220.0,21.0,0.0,0.0,0.0,0.0,Gd,MnPrv,Shed,0.0,6.0,2007.0,WD,Normal,176000.0,0.025334992721620472,3.0,高
782.0,60.0,RL,65.0,7153.0,Pave,Grvl,Reg,Lvl,AllPub,Inside,Gtl,SawyerW,Norm,Norm,1Fam,2Story,6.0,5.0,1992.0,1992.0,Gable,CompShg,VinylSd,VinylSd,BrkFace,0.0,Gd,Gd,PConc,Gd,TA,No,ALQ,387.0,Unf,0.0,374.0,761.0,GasA,Ex,Y,SBrkr,810.0,793.0,0.0,1603.0,0.0,0.0,2.0,1.0,3.0,1.0,Gd,7.0,Typ,0.0,Gd,Attchd,1992.0,RFn,2.0,484.0,TA,TA,Y,0.0,124.0,0.0,0.0,0.0,0.0,Gd,MnPrv,Shed,0.0,7.0,2006.0,WD,Normal,175900.0,0.023804414990913375,3.0,高
783.0,20.0,RL,67.0,16285.0,Pave,Grvl,IR2,Lvl,AllPub,Inside,Gtl,CollgCr,Norm,Norm,1Fam,1Story,7.0,5.0,2001.0,2002.0,Gable,CompShg,VinylSd,VinylSd,BrkFace,0.0,Gd,TA,PConc,Gd,TA,No,Unf,0.0,Unf,0.0,1413.0,1413.0,GasA,Ex,Y,SBrkr,1430.0,0.0,0.0,1430.0,0.0,0.0,2.0,0.0,3.0,1.0,Gd,6.0,Typ,0.0,Gd,Attchd,2001.0,RFn,2.0,605.0,TA,TA,Y,0.0,33.0,0.0,0.0,0.0,0.0,Gd,MnPrv,Shed,0.0,6.0,2009.0,WD,Normal,187100.0,0.1952291208301082,3.0,高
784.0,85.0,RL,86.4,9101.0,Pave,Grvl,IR1,Lvl,AllPub,Corner,Gtl,Mitchel,Norm,Norm,1Fam,SFoyer,5.0,6.0,1978.0,1978.0,Gable,CompShg,Plywood,Plywood,BrkFace,104.0,TA,Gd,PConc,Gd,TA,Av,GLQ,1097.0,Unf,0.0,0.0,1097.0,GasA,Ex,Y,SBrkr,1110.0,0.0,0.0,1110.0,1.0,0.0,1.0,0.0,1.0,1.0,Gd,4.0,Typ,1.0,TA,Attchd,1978.0,Fin,2.0,602.0,TA,TA,Y,303.0,30.0,0.0,0.0,0.0,0.0,Gd,MnPrv,Shed,0.0,7.0,2009.0,WD,Normal,165500.0,-0.13537566900262468,2.0,中
785.0,75.0,RM,35.0,6300.0,Pave,Grvl,Reg,Lvl,AllPub,Inside,Gtl,OldTown,Norm,Norm,1Fam,2.5Unf,6.0,6.0,1914.0,2001.0,Gable,CompShg,Wd Sdng,Wd Shng,BrkFace,0.0,TA,TA,CBlock,TA,TA,No,Unf,0.0,Unf,0.0,742.0,742.0,GasA,Ex,Y,SBrkr,742.0,742.0,0.0,1484.0,0.0,0.0,2.0,0.0,3.0,1.0,TA,9.0,Typ,1.0,Gd,Attchd,1942.0,Unf,0.0,0.0,TA,TA,Y,0.0,291.0,134.0,0.0,0.0,0.0,Gd,MnPrv,Shed,0.0,6.0,2008.0,WD,Normal,128000.0,-0.7093423180177859,1.0,低
730.5,50.0,RL,70.0,9478.5,Pave,Grvl,Reg,Lvl,AllPub,Inside,Gtl,NWAmes,Feedr,Norm,1Fam,1Story,6.0,5.0,1973.0,1994.0,Gable,CompShg,BrkFace,Wd Sdng,BrkFace,0.0,TA,TA,CBlock,TA,TA,No,Rec,383.5,LwQ,0.0,477.5,991.5,GasA,TA,Y,SBrkr,1087.0,0.0,0.0,1464.0,0.0,0.0,2.0,0.0,3.0,1.0,TA,6.0,Typ,1.0,Gd,Attchd,1978.0,Unf,2.0,480.0,TA,TA,Y,0.0,25.0,0.0,0.0,0.0,0.0,Gd,MnPrv,Shed,0.0,6.0,2008.0,WD,Normal,163000.0,-0.1736401122703021,2.0,中
787.0,50.0,RM,60.0,10800.0,Pave,Grvl,Reg,Lvl,AllPub,Inside,Gtl,OldTown,Artery,Norm,1Fam,1.5Fin,5.0,6.0,1915.0,1950.0,Gable,CompShg,MetalSd,MetalSd,BrkFace,0.0,TA,Gd,PConc,Fa,TA,No,LwQ,686.0,Unf,0.0,0.0,686.0,GasA,TA,Y,SBrkr,966.0,686.0,0.0,1652.0,1.0,0.0,2.0,0.0,4.0,1.0,TA,7.0,Typ,0.0,Gd,Detchd,1961.0,Unf,1.0,416.0,TA,TA,Y,0.0,0.0,196.0,0.0,0.0,0.0,Gd,MnPrv,Shed,1200.0,6.0,2010.0,WD,Normal,139000.0,-0.5409787676400053,1.0,低
788.0,60.0,RL,76.0,10142.0,Pave,Grvl,IR1,Lvl,AllPub,Inside,Gtl,SawyerW,Norm,Norm,1Fam,2Story,7.0,5.0,2004.0,2004.0,Gable,CompShg,VinylSd,VinylSd,BrkFace,0.0,Gd,TA,PConc,Gd,TA,No,GLQ,656.0,Unf,0.0,300.0,956.0,GasA,Ex,Y,SBrkr,956.0,1128.0,0.0,2084.0,1.0,0.0,2.0,1.0,4.0,1.0,Gd,8.0,Typ,0.0,Gd,BuiltIn,2004.0,RFn,2.0,618.0,TA,TA,Y,0.0,45.0,0.0,0.0,0.0,0.0,Gd,MnPrv,Shed,0.0,1.0,2010.0,WD,Normal,233000.0,0.8977642992246656,4.0,极高
789.0,20.0,RM,50.0,6000.0,Pave,Grvl,Reg,Lvl,AllPub,Corner,Gtl,OldTown,Norm,Norm,1Fam,1Story,4.0,7.0,1954.0,2000.0,Gable,CompShg,MetalSd,MetalSd,BrkFace,0.0,TA,TA,CBlock,TA,TA,No,Unf,0.0,Unf,0.0,901.0,901.0,GasA,Ex,Y,SBrkr,901.0,0.0,0.0,901.0,0.0,0.0,1.0,0.0,2.0,1.0,TA,4.0,Typ,0.0,Gd,Detchd,1954.0,Unf,1.0,281.0,Fa,TA,Y,0.0,0.0,0.0,0.0,0.0,0.0,Gd,MnPrv,Shed,0.0,8.0,2008.0,WD,Normal,107900.0,-1.0169884418899124,0.0,极低
790.0,60.0,RL,72.2,12205.0,Pave,Grvl,IR1,Low,AllPub,Inside,Gtl,ClearCr,Norm,Norm,1Fam,2Story,6.0,8.0,1966.0,2007.0,Gable,CompShg,HdBoard,HdBoard,BrkFace,157.0,TA,TA,CBlock,TA,Fa,Gd,LwQ,568.0,Unf,0.0,264.0,832.0,GasA,Gd,Y,SBrkr,976.0,1111.0,0.0,2087.0,0.0,0.0,2.0,1.0,5.0,1.0,Gd,9.0,Typ,0.0,Gd,Attchd,1966.0,Fin,2.0,444.0,TA,TA,Y,133.0,168.0,0.0,0.0,0.0,0.0,Gd,MnPrv,Shed,0.0,7.0,2007.0,WD,Normal,187500.0,0.2013514317529366,3.0,高
791.0,120.0,RL,43.0,3182.0,Pave,Grvl,Reg,Lvl,AllPub,Inside,Gtl,Blmngtn,Norm,Norm,TwnhsE,1Story,7.0,5.0,2005.0,2006.0,Gable,CompShg,VinylSd,VinylSd,BrkFace,11.0,Gd,TA,PConc,Gd,TA,No,GLQ,16.0,Unf,0.0,1129.0,1145.0,GasA,Ex,Y,SBrkr,1145.0,0.0,0.0,1145.0,0.0,0.0,2.0,0.0,2.0,1.0,Gd,5.0,Typ,1.0,Gd,Attchd,2005.0,Fin,2.0,397.0,TA,TA,Y,100.0,16.0,0.0,0.0,0.0,0.0,Gd,MnPrv,Shed,0.0,9.0,2009.0,WD,Normal,160200.0,-0.21649628873010082,2.0,中
792.0,80.0,RL,80.4,11333.0,Pave,Grvl,IR1,Lvl,AllPub,Corner,Gtl,Mitchel,Norm,Norm,1Fam,SLvl,6.0,5.0,1976.0,1976.0,Gable,CompShg,HdBoard,HdBoard,BrkFace,0.0,TA,TA,PConc,Gd,TA,Av,ALQ,539.0,Unf,0.0,490.0,1029.0,GasA,TA,Y,SBrkr,1062.0,0.0,0.0,1062.0,1.0,0.0,1.0,0.0,3.0,1.0,TA,5.0,Typ,2.0,TA,Attchd,1976.0,RFn,2.0,539.0,TA,TA,Y,120.0,0.0,0.0,0.0,0.0,0.0,Gd,MnPrv,Shed,0.0,5.0,2007.0,WD,Normal,146800.0,-0.4215937046448518,1.0,低
793.0,60.0,RL,92.0,9920.0,Pave,Grvl,IR1,Lvl,AllPub,CulDSac,Gtl,NoRidge,Norm,Norm,1Fam,2Story,7.0,5.0,1996.0,1997.0,Gable,CompShg,MetalSd,MetalSd,BrkFace,0.0,Gd,TA,PConc,Gd,TA,Av,GLQ,862.0,Unf,0.0,255.0,1117.0,GasA,Ex,Y,SBrkr,1127.0,886.0,0.0,2013.0,1.0,0.0,2.0,1.0,3.0,1.0,TA,8.0,Typ,1.0,TA,Attchd,1997.0,Unf,2.0,455.0,TA,TA,Y,180.0,130.0,0.0,0.0,0.0,0.0,Gd,MnPrv,Shed,0.0,6.0,2007.0,WD,Normal,269790.0,1.4608638463518064,4.0,极高
794.0,20.0,RL,76.0,9158.0,Pave,Grvl,Reg,Lvl,AllPub,Inside,Gtl,Somerst,Norm,Norm,1Fam,1Story,8.0,5.0,2007.0,2007.0,Gable,CompShg,CemntBd,CmentBd,Stone,140.0,Gd,TA,PConc,Gd,TA,Av,Unf,0.0,Unf,0.0,1496.0,1496.0,GasA,Ex,Y,SBrkr,1496.0,0.0,0.0,1496.0,0.0,0.0,2.0,0.0,3.0,1.0,Gd,7.0,Typ,0.0,Gd,Attchd,2007.0,Fin,2.0,474.0,TA,TA,Y,168.0,130.0,0.0,0.0,0.0,0.0,Gd,MnPrv,Shed,0.0,6.0,2007.0,New,Partial,225000.0,0.7753180807680978,4.0,极高
795.0,60.0,RL,69.2,10832.0,Pave,Grvl,IR1,Lvl,AllPub,Corner,Gtl,Gilbert,Norm,Norm,1Fam,2Story,7.0,5.0,1994.0,1996.0,Gable,CompShg,MetalSd,MetalSd,BrkFace,0.0,Gd,TA,PConc,Gd,TA,No,Unf,0.0,Unf,0.0,712.0,712.0,GasA,Ex,Y,SBrkr,1086.0,809.0,0.0,1895.0,0.0,0.0,2.0,1.0,3.0,1.0,Gd,7.0,Typ,1.0,TA,Attchd,1994.0,Fin,2.0,409.0,TA,TA,Y,143.0,46.0,0.0,0.0,0.0,0.0,Gd,MnPrv,Shed,500.0,10.0,2008.0,WD,Normal,194500.0,0.30849187290243335,3.0,高
796.0,60.0,RL,70.0,8400.0,Pave,Grvl,Reg,Lvl,AllPub,Inside,Gtl,SawyerW,Norm,Norm,1Fam,2Story,6.0,6.0,1980.0,1981.0,Gable,CompShg,HdBoard,HdBoard,BrkFace,130.0,TA,TA,CBlock,Gd,TA,No,Unf,0.0,Unf,0.0,650.0,650.0,GasA,TA,Y,SBrkr,888.0,676.0,0.0,1564.0,0.0,0.0,2.0,1.0,3.0,1.0,TA,7.0,Typ,1.0,TA,Attchd,1980.0,Unf,2.0,476.0,TA,TA,Y,0.0,50.0,0.0,0.0,204.0,0.0,Gd,MnPrv,Shed,0.0,4.0,2010.0,WD,Normal,171000.0,-0.05119389381373436,2.0,中
797.0,20.0,RL,71.0,8197.0,Pave,Grvl,Reg,Lvl,AllPub,Inside,Gtl,Sawyer,Norm,Norm,1Fam,1Story,6.0,5.0,1977.0,1977.0,Gable,CompShg,Plywood,Plywood,BrkFace,148.0,TA,TA,CBlock,TA,TA,No,Unf,0.0,Unf,0.0,660.0,660.0,GasA,Ex,Y,SBrkr,1285.0,0.0,0.0,1285.0,0.0,0.0,1.0,1.0,3.0,1.0,TA,7.0,Typ,1.0,TA,Attchd,1977.0,RFn,2.0,528.0,TA,TA,Y,138.0,0.0,0.0,0.0,0.0,0.0,Gd,MnPrv,Shed,0.0,4.0,2007.0,WD,Normal,143500.0,-0.472102769758186,1.0,低
798.0,20.0,RL,57.0,7677.0,Pave,Grvl,Reg,Lvl,AllPub,Inside,Gtl,NAmes,Norm,Norm,1Fam,1Story,5.0,5.0,1953.0,1953.0,Gable,CompShg,VinylSd,VinylSd,BrkFace,0.0,TA,TA,CBlock,TA,TA,No,BLQ,570.0,Unf,0.0,203.0,773.0,GasA,Gd,Y,SBrkr,773.0,0.0,0.0,773.0,0.0,0.0,1.0,0.0,2.0,1.0,TA,4.0,Typ,0.0,Gd,Attchd,1953.0,Unf,1.0,240.0,TA,TA,Y,0.0,0.0,0.0,0.0,0.0,0.0,Gd,MnPrv,Shed,0.0,4.0,2008.0,WD,Abnorml,110000.0,-0.9848463095450634,0.0,极低
730.5,50.0,RL,70.0,9478.5,Pave,Grvl,Reg,Lvl,AllPub,Inside,Gtl,NridgHt,Norm,Norm,1Fam,2Story,6.0,5.0,1973.0,1994.0,Hip,CompShg,VinylSd,VinylSd,Stone,0.0,Ex,TA,PConc,Ex,TA,No,Unf,383.5,Unf,0.0,477.5,991.5,GasA,Ex,Y,SBrkr,1087.0,0.0,0.0,1464.0,0.0,0.0,2.0,0.0,3.0,1.0,Ex,6.0,Typ,1.0,Gd,BuiltIn,1978.0,Fin,2.0,480.0,TA,TA,Y,0.0,25.0,0.0,0.0,0.0,0.0,Gd,MnPrv,Shed,0.0,6.0,2008.0,New,Partial,163000.0,-0.1736401122703021,2.0,中
800.0,50.0,RL,60.0,7200.0,Pave,Grvl,Reg,Lvl,AllPub,Corner,Gtl,SWISU,Feedr,Norm,1Fam,1.5Fin,5.0,7.0,1937.0,1950.0,Gable,CompShg,Wd Sdng,Wd Sdng,BrkFace,252.0,TA,TA,BrkTil,Gd,TA,No,ALQ,569.0,Unf,0.0,162.0,731.0,GasA,Ex,Y,SBrkr,981.0,787.0,0.0,1768.0,1.0,0.0,1.0,1.0,3.0,1.0,Gd,7.0,Typ,2.0,TA,Detchd,1939.0,Unf,1.0,240.0,TA,TA,Y,0.0,0.0,264.0,0.0,0.0,0.0,Gd,MnPrv,Shed,0.0,6.0,2007.0,WD,Normal,175000.0,0.010029215414549505,3.0,高
801.0,60.0,RL,79.0,12798.0,Pave,Grvl,IR1,HLS,AllPub,Inside,Mod,ClearCr,Feedr,Norm,1Fam,2Story,6.0,5.0,1997.0,1997.0,Gable,CompShg,VinylSd,VinylSd,BrkFace,0.0,TA,TA,PConc,Gd,TA,Gd,GLQ,462.0,Unf,0.0,154.0,616.0,GasA,Gd,Y,SBrkr,616.0,1072.0,0.0,1688.0,1.0,0.0,2.0,1.0,4.0,1.0,Gd,8.0,Typ,0.0,Gd,Attchd,1997.0,RFn,2.0,603.0,TA,TA,Y,403.0,114.0,185.0,0.0,0.0,0.0,Gd,MnPrv,Shed,400.0,5.0,2008.0,WD,Normal,200000.0,0.3926736480913237,3.0,高
802.0,30.0,RM,40.0,4800.0,Pave,Grvl,Reg,Lvl,AllPub,Inside,Gtl,IDOTRR,Norm,Norm,1Fam,1Story,4.0,7.0,1916.0,1990.0,Gable,CompShg,MetalSd,MetalSd,BrkFace,0.0,TA,TA,CBlock,TA,TA,No,LwQ,197.0,Unf,0.0,999.0,1196.0,GasA,Ex,Y,FuseA,1196.0,0.0,0.0,1196.0,1.0,0.0,1.0,0.0,2.0,1.0,TA,5.0,Typ,0.0,Gd,Detchd,1957.0,Unf,2.0,440.0,TA,TA,Y,0.0,0.0,0.0,0.0,0.0,0.0,Gd,MnPrv,Shed,0.0,7.0,2007.0,WD,Normal,109900.0,-0.9863768872757704,0.0,极低
803.0,60.0,RL,63.0,8199.0,Pave,Grvl,Reg,Lvl,AllPub,Inside,Gtl,CollgCr,Norm,Norm,1Fam,2Story,7.0,5.0,2005.0,2005.0,Gable,CompShg,WdShing,Wd Shng,BrkFace,0.0,Gd,TA,PConc,Gd,TA,Av,GLQ,648.0,Unf,0.0,80.0,728.0,GasA,Ex,Y,SBrkr,728.0,728.0,0.0,1456.0,1.0,0.0,2.0,1.0,3.0,1.0,Gd,7.0,Typ,1.0,Gd,Attchd,2005.0,Fin,2.0,410.0,TA,TA,Y,36.0,18.0,0.0,0.0,0.0,0.0,Gd,MnPrv,Shed,0.0,10.0,2008.0,WD,Normal,189000.0,0.22431009771354304,3.0,高
730.5,50.0,RL,70.0,9478.5,Pave,Grvl,Reg,Lvl,AllPub,Inside,Gtl,NridgHt,Norm,Norm,1Fam,2Story,6.0,5.0,1973.0,1994.0,Hip,CompShg,VinylSd,VinylSd,Stone,0.0,Ex,TA,PConc,Ex,TA,Gd,Unf,383.5,Unf,0.0,477.5,991.5,GasA,Ex,Y,SBrkr,1087.0,0.0,0.0,1464.0,0.0,0.0,2.0,0.0,3.0,1.0,Ex,6.0,Typ,1.0,Gd,BuiltIn,1978.0,RFn,2.0,480.0,TA,TA,Y,0.0,25.0,0.0,0.0,0.0,0.0,Gd,MnPrv,Shed,0.0,6.0,2008.0,New,Partial,163000.0,-0.1736401122703021,2.0,中
805.0,20.0,RL,75.0,9000.0,Pave,Grvl,Reg,Lvl,AllPub,Inside,Gtl,NAmes,Norm,Norm,1Fam,1Story,5.0,5.0,1954.0,1954.0,Gable,CompShg,Wd Sdng,Wd Sdng,BrkFace,0.0,TA,TA,CBlock,TA,TA,No,LwQ,812.0,Unf,0.0,124.0,936.0,GasA,TA,Y,SBrkr,1128.0,0.0,0.0,1128.0,0.0,0.0,1.0,0.0,2.0,1.0,TA,5.0,Min1,0.0,Gd,Attchd,1954.0,Unf,1.0,286.0,TA,TA,Y,0.0,0.0,0.0,0.0,0.0,0.0,Gd,GdWo,Shed,0.0,6.0,2006.0,WD,Family,118000.0,-0.8624000910884956,0.0,极低
806.0,20.0,RL,91.0,12274.0,Pave,Grvl,IR1,Lvl,AllPub,FR2,Gtl,Somerst,Norm,Norm,1Fam,1Story,7.0,5.0,2008.0,2008.0,Gable,CompShg,VinylSd,VinylSd,Stone,256.0,Gd,TA,PConc,Gd,TA,No,Unf,0.0,Unf,0.0,1417.0,1417.0,GasA,Ex,Y,SBrkr,1428.0,0.0,0.0,1428.0,0.0,0.0,2.0,0.0,3.0,1.0,Ex,6.0,Typ,0.0,Gd,Attchd,2008.0,RFn,2.0,554.0,TA,TA,Y,0.0,60.0,0.0,0.0,0.0,0.0,Gd,MnPrv,Shed,0.0,7.0,2008.0,New,Partial,227680.0,0.8163375639510481,4.0,极高
807.0,80.0,RL,75.0,9750.0,Pave,Grvl,Reg,Lvl,AllPub,Inside,Gtl,NAmes,Norm,Norm,1Fam,SLvl,5.0,5.0,1967.0,1967.0,Gable,CompShg,VinylSd,VinylSd,BrkFace,0.0,TA,TA,PConc,TA,TA,Av,ALQ,400.0,Rec,480.0,100.0,980.0,GasA,Gd,Y,SBrkr,980.0,0.0,0.0,980.0,0.0,0.0,2.0,0.0,3.0,1.0,TA,6.0,Typ,0.0,Gd,Attchd,1967.0,Fin,1.0,384.0,TA,TA,Y,68.0,0.0,0.0,0.0,0.0,0.0,Gd,MnPrv,Shed,0.0,10.0,2006.0,WD,Normal,135500.0,-0.5945489882147537,1.0,低
730.5,50.0,RL,70.0,9478.5,Pave,Grvl,Reg,Lvl,AllPub,Inside,Gtl,BrkSide,Norm,Norm,1Fam,2Story,6.0,5.0,1973.0,1994.0,Gable,CompShg,Wd Sdng,Wd Sdng,BrkFace,0.0,TA,TA,CBlock,TA,TA,Gd,GLQ,383.5,Unf,0.0,477.5,991.5,GasA,Ex,Y,SBrkr,1087.0,0.0,0.0,1464.0,0.0,0.0,2.0,0.0,3.0,1.0,Gd,6.0,Typ,1.0,TA,Attchd,1978.0,RFn,2.0,480.0,TA,TA,Y,0.0,25.0,0.0,0.0,0.0,0.0,Gd,MnPrv,Shed,0.0,6.0,2008.0,WD,Normal,163000.0,-0.1736401122703021,2.0,中
809.0,80.0,RL,85.0,13400.0,Pave,Grvl,Reg,Lvl,AllPub,Inside,Gtl,NAmes,Norm,Norm,1Fam,SLvl,5.0,5.0,1966.0,1966.0,Gable,CompShg,VinylSd,VinylSd,BrkFace,1047.0,TA,TA,CBlock,TA,TA,Av,ALQ,516.0,BLQ,128.0,380.0,1024.0,GasA,TA,Y,SBrkr,1086.0,0.0,0.0,1086.0,1.0,0.0,1.0,0.0,3.0,1.0,TA,6.0,Typ,1.0,Gd,Attchd,1966.0,RFn,2.0,484.0,TA,TA,Y,0.0,0.0,0.0,0.0,0.0,0.0,Gd,GdWo,Shed,0.0,6.0,2006.0,WD,Normal,159950.0,-0.22032273305686856,2.0,中
810.0,75.0,RM,90.0,8100.0,Pave,Grvl,Reg,Lvl,AllPub,Corner,Gtl,OldTown,Norm,Norm,1Fam,2.5Unf,5.0,5.0,1898.0,1965.0,Hip,CompShg,AsbShng,AsbShng,BrkFace,0.0,TA,TA,PConc,TA,TA,No,Unf,0.0,Unf,0.0,849.0,849.0,GasA,TA,N,FuseA,1075.0,1063.0,0.0,2138.0,0.0,0.0,2.0,0.0,2.0,3.0,TA,11.0,Typ,0.0,Gd,Detchd,1910.0,Unf,2.0,360.0,Fa,Po,N,40.0,156.0,0.0,0.0,0.0,0.0,Gd,MnPrv,Shed,0.0,11.0,2009.0,WD,Normal,106000.0,-1.0460694187733472,0.0,极低
811.0,20.0,RL,78.0,10140.0,Pave,Grvl,Reg,Lvl,AllPub,Inside,Gtl,NWAmes,Norm,Norm,1Fam,1Story,6.0,6.0,1974.0,1999.0,Hip,CompShg,HdBoard,HdBoard,BrkFace,99.0,TA,TA,CBlock,TA,TA,No,ALQ,663.0,LwQ,377.0,0.0,1040.0,GasA,Fa,Y,SBrkr,1309.0,0.0,0.0,1309.0,1.0,0.0,1.0,1.0,3.0,1.0,Gd,5.0,Typ,1.0,Fa,Attchd,1974.0,RFn,2.0,484.0,TA,TA,Y,265.0,0.0,0.0,0.0,0.0,648.0,Fa,GdPrv,Shed,0.0,1.0,2006.0,WD,Normal,181000.0,0.1018638792569753,3.0,高
812.0,120.0,RM,46.6,4438.0,Pave,Grvl,Reg,Lvl,AllPub,Inside,Gtl,CollgCr,Norm,Norm,TwnhsE,1Story,6.0,5.0,2004.0,2004.0,Gable,CompShg,VinylSd,VinylSd,BrkFace,169.0,Gd,TA,PConc,Gd,TA,Gd,GLQ,662.0,Unf,0.0,186.0,848.0,GasA,Ex,Y,SBrkr,848.0,0.0,0.0,848.0,1.0,0.0,1.0,0.0,1.0,1.0,Gd,4.0,Typ,1.0,Gd,Attchd,2004.0,Fin,2.0,420.0,TA,TA,Y,140.0,0.0,0.0,0.0,0.0,0.0,Gd,MnPrv,Shed,0.0,6.0,2008.0,ConLD,Normal,144500.0,-0.456796992451115,1.0,低
813.0,20.0,C (all),66.0,8712.0,Grvl,Grvl,Reg,Bnk,AllPub,Inside,Mod,IDOTRR,Norm,Norm,1Fam,1Story,5.0,5.0,1952.0,1952.0,Hip,CompShg,Wd Sdng,Wd Sdng,BrkFace,0.0,Fa,TA,CBlock,TA,TA,Av,Unf,0.0,Unf,0.0,540.0,540.0,GasA,TA,N,FuseA,1044.0,0.0,0.0,1044.0,0.0,0.0,1.0,0.0,2.0,1.0,Fa,4.0,Typ,0.0,Gd,Basment,1952.0,Unf,2.0,504.0,TA,TA,N,0.0,0.0,0.0,0.0,0.0,0.0,Gd,MnPrv,Shed,54.0,6.0,2010.0,WD,Alloca,55993.0,-1.811465424568045,0.0,极低
814.0,20.0,RL,75.0,9750.0,Pave,Grvl,Reg,Lvl,AllPub,Inside,Gtl,NAmes,Norm,Norm,1Fam,1Story,6.0,6.0,1958.0,1958.0,Gable,CompShg,MetalSd,MetalSd,BrkFace,243.0,TA,TA,CBlock,TA,TA,No,Rec,608.0,Unf,0.0,834.0,1442.0,GasA,Gd,Y,SBrkr,1442.0,0.0,0.0,1442.0,0.0,0.0,1.0,1.0,4.0,1.0,TA,7.0,Typ,0.0,Gd,Attchd,1958.0,RFn,1.0,301.0,TA,TA,Y,0.0,0.0,275.0,0.0,0.0,0.0,Gd,MnPrv,Shed,500.0,4.0,2007.0,COD,Normal,157900.0,-0.25169957653636404,2.0,中
815.0,50.0,RL,45.0,8248.0,Pave,Grvl,Reg,Lvl,AllPub,Inside,Gtl,Edwards,Norm,Norm,1Fam,1.5Fin,5.0,7.0,1918.0,1950.0,Gable,CompShg,Stucco,Stucco,BrkFace,0.0,TA,TA,BrkTil,TA,TA,No,Unf,0.0,Unf,0.0,686.0,686.0,GasW,Gd,Y,SBrkr,686.0,564.0,0.0,1250.0,0.0,1.0,1.0,1.0,3.0,1.0,Fa,7.0,Typ,0.0,Gd,Detchd,1955.0,Unf,1.0,280.0,TA,TA,P,207.0,0.0,96.0,0.0,0.0,0.0,Gd,MnPrv,Shed,0.0,7.0,2006.0,WD,Normal,116000.0,-0.8930116457026376,0.0,极低
816.0,20.0,RL,48.0,12137.0,Pave,Grvl,IR2,Lvl,AllPub,CulDSac,Gtl,CollgCr,Norm,Norm,1Fam,1Story,7.0,5.0,1998.0,1998.0,Gable,CompShg,VinylSd,VinylSd,BrkFace,442.0,TA,TA,PConc,Gd,TA,No,Unf,0.0,Unf,0.0,1649.0,1649.0,GasA,Ex,Y,SBrkr,1661.0,0.0,0.0,1661.0,0.0,0.0,2.0,0.0,3.0,1.0,Gd,6.0,Typ,0.0,Gd,Attchd,1998.0,RFn,2.0,598.0,TA,TA,Y,0.0,34.0,0.0,0.0,0.0,0.0,Gd,MnPrv,Shed,0.0,5.0,2010.0,WD,Normal,224900.0,0.7737875030373907,4.0,极高
817.0,20.0,RL,82.4,11425.0,Pave,Grvl,IR1,Lvl,AllPub,Corner,Gtl,NAmes,Norm,Norm,1Fam,1Story,5.0,6.0,1954.0,1954.0,Gable,CompShg,BrkFace,BrkFace,BrkFace,0.0,TA,TA,CBlock,TA,TA,No,BLQ,486.0,Unf,0.0,522.0,1008.0,GasA,Gd,Y,SBrkr,1008.0,0.0,0.0,1008.0,0.0,0.0,1.0,0.0,2.0,1.0,TA,4.0,Typ,1.0,Gd,Attchd,1954.0,RFn,1.0,275.0,TA,TA,Y,0.0,0.0,120.0,0.0,0.0,0.0,Gd,MnPrv,Shed,0.0,7.0,2006.0,WD,Normal,137000.0,-0.5715903222541473,1.0,低
818.0,20.0,RL,82.0,13265.0,Pave,Grvl,IR1,Lvl,AllPub,CulDSac,Gtl,Mitchel,Norm,Norm,1Fam,1Story,8.0,5.0,2002.0,2002.0,Hip,CompShg,CemntBd,CmentBd,BrkFace,148.0,Gd,TA,PConc,Gd,TA,No,GLQ,1218.0,Unf,0.0,350.0,1568.0,GasA,Ex,Y,SBrkr,1689.0,0.0,0.0,1689.0,1.0,0.0,2.0,0.0,3.0,1.0,Gd,7.0,Typ,2.0,Gd,Attchd,2002.0,RFn,3.0,857.0,TA,TA,Y,150.0,59.0,0.0,0.0,0.0,0.0,Gd,MnPrv,Shed,0.0,7.0,2008.0,WD,Normal,271000.0,1.4793838368933623,4.0,极高
819.0,80.0,RL,80.0,8816.0,Pave,Grvl,Reg,Lvl,AllPub,Inside,Gtl,ClearCr,Norm,Norm,1Fam,SLvl,6.0,7.0,1971.0,1971.0,Gable,CompShg,HdBoard,HdBoard,BrkFace,80.0,TA,TA,CBlock,TA,TA,Av,GLQ,504.0,Unf,0.0,506.0,1010.0,GasA,Gd,Y,SBrkr,1052.0,0.0,0.0,1052.0,1.0,0.0,1.0,0.0,3.0,1.0,TA,6.0,Typ,0.0,Gd,Attchd,1971.0,Unf,2.0,440.0,TA,TA,Y,0.0,0.0,0.0,0.0,0.0,0.0,Gd,MnPrv,Shed,0.0,6.0,2010.0,WD,Normal,155000.0,-0.29608633072686985,2.0,中
820.0,120.0,RL,44.0,6371.0,Pave,Grvl,IR1,Lvl,AllPub,Inside,Gtl,NridgHt,Norm,Norm,TwnhsE,1Story,7.0,5.0,2009.0,2010.0,Gable,CompShg,VinylSd,VinylSd,Stone,128.0,Gd,TA,PConc,Gd,TA,Mn,GLQ,733.0,Unf,0.0,625.0,1358.0,GasA,Ex,Y,SBrkr,1358.0,0.0,0.0,1358.0,1.0,0.0,2.0,0.0,2.0,1.0,Gd,6.0,Typ,1.0,Gd,Attchd,2010.0,RFn,2.0,484.0,TA,TA,Y,192.0,35.0,0.0,0.0,0.0,0.0,Gd,MnPrv,Shed,0.0,6.0,2010.0,New,Partial,224000.0,0.7600123034610269,4.0,极高
821.0,60.0,RL,72.0,7226.0,Pave,Grvl,IR1,Lvl,AllPub,CulDSac,Gtl,CollgCr,Norm,Norm,1Fam,2Story,7.0,5.0,2003.0,2003.0,Gable,CompShg,VinylSd,VinylSd,BrkFace,0.0,Gd,TA,PConc,Gd,TA,No,Unf,0.0,Unf,0.0,798.0,798.0,GasA,Ex,Y,SBrkr,798.0,842.0,0.0,1640.0,0.0,0.0,2.0,1.0,3.0,1.0,Gd,6.0,Typ,0.0,Gd,Attchd,2003.0,RFn,2.0,595.0,TA,TA,Y,0.0,45.0,0.0,0.0,0.0,0.0,Gd,MnPrv,Shed,0.0,6.0,2008.0,WD,Normal,183000.0,0.13247543387111724,3.0,高
822.0,20.0,RM,60.0,6000.0,Pave,Pave,Reg,Bnk,AllPub,Inside,Mod,OldTown,Norm,Norm,2fmCon,1Story,4.0,4.0,1953.0,1953.0,Gable,CompShg,MetalSd,MetalSd,BrkFace,0.0,Fa,TA,CBlock,Fa,TA,No,Unf,0.0,Unf,0.0,936.0,936.0,GasA,TA,N,SBrkr,936.0,0.0,0.0,936.0,0.0,0.0,1.0,0.0,2.0,1.0,TA,4.0,Min2,0.0,Gd,Detchd,1974.0,Unf,2.0,576.0,TA,TA,Y,0.0,32.0,112.0,0.0,0.0,0.0,Gd,MnPrv,Shed,0.0,2.0,2009.0,WD,Normal,93000.0,-1.2450445237652699,0.0,极低
823.0,60.0,RL,80.6,12394.0,Pave,Grvl,IR1,Lvl,AllPub,Corner,Gtl,Gilbert,Norm,Norm,1Fam,2Story,7.0,5.0,2003.0,2003.0,Gable,CompShg,VinylSd,VinylSd,BrkFace,0.0,Gd,TA,PConc,Gd,TA,Gd,Unf,0.0,Unf,0.0,847.0,847.0,GasA,Ex,Y,SBrkr,847.0,886.0,0.0,1733.0,0.0,0.0,2.0,1.0,3.0,1.0,Gd,7.0,Typ,1.0,Gd,BuiltIn,2003.0,Fin,2.0,433.0,TA,TA,Y,100.0,48.0,0.0,0.0,0.0,0.0,Gd,MnPrv,Shed,0.0,10.0,2007.0,WD,Family,225000.0,0.7753180807680978,4.0,极高
824.0,50.0,RL,60.0,9900.0,Pave,Grvl,Reg,Lvl,AllPub,Inside,Gtl,SWISU,Norm,Norm,1Fam,1.5Fin,6.0,7.0,1940.0,1950.0,Gable,CompShg,VinylSd,VinylSd,BrkFace,0.0,TA,TA,BrkTil,TA,TA,No,Unf,0.0,Unf,0.0,778.0,778.0,GasA,TA,Y,SBrkr,944.0,545.0,0.0,1489.0,0.0,0.0,2.0,0.0,3.0,1.0,TA,7.0,Typ,1.0,Gd,Detchd,1940.0,Unf,1.0,240.0,TA,TA,Y,335.0,0.0,0.0,0.0,0.0,0.0,Gd,GdWo,Shed,0.0,7.0,2009.0,WD,Normal,139500.0,-0.5333258789864699,1.0,低
825.0,20.0,FV,81.0,11216.0,Pave,Grvl,Reg,Lvl,AllPub,Inside,Gtl,Somerst,Norm,Norm,1Fam,1Story,8.0,5.0,2006.0,2006.0,Gable,CompShg,VinylSd,VinylSd,BrkFace,0.0,Gd,TA,PConc,Gd,Gd,No,Unf,0.0,Unf,0.0,1489.0,1489.0,GasA,Ex,Y,SBrkr,1489.0,0.0,0.0,1489.0,0.0,0.0,2.0,0.0,3.0,1.0,Gd,7.0,Typ,1.0,Gd,Attchd,2006.0,RFn,2.0,776.0,TA,TA,Y,0.0,140.0,0.0,0.0,0.0,0.0,Gd,MnPrv,Shed,0.0,6.0,2006.0,New,Partial,232600.0,0.8916419883018373,4.0,极高
730.5,50.0,RL,70.0,9478.5,Pave,Grvl,Reg,Lvl,AllPub,Inside,Gtl,NridgHt,PosN,PosN,1Fam,1Story,6.0,5.0,1973.0,1994.0,Hip,CompShg,CemntBd,CmentBd,BrkFace,0.0,Ex,TA,PConc,Ex,TA,Av,GLQ,383.5,Unf,0.0,477.5,991.5,GasA,Ex,Y,SBrkr,1087.0,0.0,0.0,1464.0,0.0,0.0,2.0,0.0,3.0,1.0,Ex,6.0,Typ,1.0,Gd,Attchd,1978.0,Fin,2.0,480.0,TA,TA,Y,0.0,25.0,0.0,0.0,0.0,0.0,Gd,MnPrv,Shed,0.0,6.0,2008.0,New,Partial,163000.0,-0.1736401122703021,2.0,中
827.0,45.0,RM,50.0,6130.0,Pave,Grvl,Reg,Lvl,AllPub,Inside,Gtl,BrkSide,Norm,Norm,1Fam,1.5Unf,5.0,6.0,1924.0,1950.0,Gable,CompShg,MetalSd,MetalSd,BrkFace,0.0,TA,TA,BrkTil,TA,TA,No,ALQ,784.0,Unf,0.0,0.0,784.0,GasA,Gd,Y,SBrkr,784.0,0.0,0.0,784.0,1.0,0.0,1.0,0.0,2.0,1.0,Gd,5.0,Typ,0.0,Gd,Attchd,1963.4,Unf,0.0,0.0,TA,TA,Y,0.0,0.0,116.0,0.0,0.0,0.0,Gd,MnPrv,Shed,0.0,5.0,2008.0,WD,Normal,109500.0,-0.9924991981985989,0.0,极低
828.0,20.0,RL,65.0,8529.0,Pave,Grvl,IR1,Lvl,AllPub,Inside,Gtl,SawyerW,Norm,Norm,1Fam,1Story,7.0,5.0,2001.0,2001.0,Gable,CompShg,VinylSd,VinylSd,BrkFace,0.0,Gd,TA,PConc,Gd,TA,No,GLQ,20.0,Unf,0.0,1434.0,1454.0,GasA,Ex,Y,SBrkr,1434.0,0.0,0.0,1434.0,0.0,0.0,2.0,0.0,3.0,1.0,Gd,6.0,Typ,1.0,TA,Attchd,2001.0,RFn,2.0,527.0,TA,TA,Y,290.0,39.0,0.0,0.0,0.0,0.0,Gd,MnPrv,Shed,0.0,4.0,2009.0,WD,Normal,189000.0,0.22431009771354304,3.0,高
730.5,50.0,RL,70.0,9478.5,Pave,Grvl,IR2,Low,AllPub,CulDSac,Sev,ClearCr,Norm,Norm,1Fam,2Story,6.0,5.0,1973.0,1994.0,Flat,Tar&Grv,Plywood,Plywood,BrkFace,0.0,TA,TA,PConc,TA,Gd,Gd,LwQ,383.5,ALQ,0.0,477.5,991.5,GasA,TA,Y,SBrkr,1087.0,0.0,0.0,1464.0,0.0,0.0,2.0,0.0,3.0,1.0,TA,6.0,Min2,1.0,Gd,Attchd,1978.0,Fin,2.0,480.0,TA,TA,Y,0.0,25.0,0.0,0.0,0.0,0.0,Gd,MnPrv,Shed,0.0,6.0,2008.0,WD,Abnorml,163000.0,-0.1736401122703021,2.0,中
830.0,160.0,FV,24.0,2544.0,Pave,Pave,Reg,Lvl,AllPub,Inside,Gtl,Somerst,Norm,Norm,Twnhs,2Story,7.0,5.0,2005.0,2005.0,Gable,CompShg,MetalSd,MetalSd,BrkFace,0.0,Gd,TA,PConc,Gd,TA,No,Unf,0.0,Unf,0.0,600.0,600.0,GasA,Ex,Y,SBrkr,520.0,623.0,80.0,1223.0,0.0,0.0,2.0,1.0,2.0,1.0,Gd,4.0,Typ,0.0,Gd,Detchd,2005.0,RFn,2.0,480.0,TA,TA,Y,0.0,166.0,0.0,0.0,0.0,0.0,Gd,MnPrv,Shed,0.0,7.0,2006.0,WD,Normal,147400.0,-0.4124102382606092,1.0,低
831.0,20.0,RL,80.0,11900.0,Pave,Grvl,IR1,Lvl,AllPub,Corner,Gtl,NAmes,Norm,Norm,1Fam,1Story,6.0,5.0,1957.0,1957.0,Gable,CompShg,HdBoard,HdBoard,BrkFace,387.0,TA,TA,CBlock,TA,TA,No,Rec,1040.0,Unf,0.0,352.0,1392.0,GasA,TA,Y,FuseA,1392.0,0.0,0.0,1392.0,1.0,0.0,1.0,1.0,3.0,1.0,TA,6.0,Typ,2.0,Gd,Attchd,1957.0,RFn,2.0,458.0,TA,TA,Y,0.0,0.0,0.0,0.0,192.0,0.0,Gd,MnPrv,Shed,0.0,6.0,2008.0,WD,Normal,166000.0,-0.1277227803490892,2.0,中
832.0,160.0,FV,30.0,3180.0,Pave,Pave,Reg,Lvl,AllPub,Inside,Gtl,Somerst,Norm,Norm,TwnhsE,2Story,7.0,5.0,2005.0,2005.0,Gable,CompShg,MetalSd,MetalSd,BrkFace,0.0,TA,TA,PConc,Gd,TA,No,Unf,0.0,Unf,0.0,600.0,600.0,GasA,Ex,Y,SBrkr,520.0,600.0,80.0,1200.0,0.0,0.0,2.0,1.0,2.0,1.0,Gd,4.0,Typ,0.0,Gd,Detchd,2005.0,RFn,2.0,480.0,TA,TA,Y,0.0,166.0,0.0,0.0,0.0,0.0,Gd,MnPrv,Shed,0.0,6.0,2006.0,WD,Normal,151000.0,-0.3573094399551537,1.0,低
833.0,60.0,RL,44.0,9548.0,Pave,Grvl,IR1,Lvl,AllPub,CulDSac,Gtl,CollgCr,Norm,Norm,1Fam,2Story,7.0,6.0,2003.0,2003.0,Gable,CompShg,VinylSd,VinylSd,BrkFace,223.0,Gd,TA,PConc,Gd,TA,No,GLQ,483.0,Unf,0.0,458.0,941.0,GasA,Ex,Y,SBrkr,941.0,888.0,0.0,1829.0,1.0,0.0,2.0,1.0,3.0,1.0,Gd,7.0,Typ,1.0,TA,Attchd,2003.0,RFn,2.0,613.0,TA,TA,Y,192.0,39.0,0.0,0.0,0.0,0.0,Gd,MnPrv,Shed,0.0,1.0,2010.0,WD,Normal,237000.0,0.9589874084529495,4.0,极高
834.0,20.0,RL,100.0,10004.0,Pave,Grvl,Reg,Lvl,AllPub,Inside,Gtl,NAmes,Norm,Norm,1Fam,1Story,6.0,6.0,1964.0,1964.0,Gable,CompShg,HdBoard,Plywood,BrkFace,180.0,TA,TA,CBlock,TA,TA,No,Rec,196.0,BLQ,345.0,975.0,1516.0,GasA,TA,Y,SBrkr,1516.0,0.0,0.0,1516.0,0.0,0.0,1.0,1.0,3.0,1.0,TA,6.0,Typ,0.0,Gd,Attchd,1964.0,RFn,2.0,472.0,TA,TA,Y,0.0,0.0,0.0,0.0,152.0,0.0,Gd,MnPrv,Shed,0.0,2.0,2009.0,WD,Normal,167000.0,-0.11241700304201824,2.0,中
835.0,20.0,RL,75.0,7875.0,Pave,Grvl,Reg,Lvl,AllPub,Inside,Gtl,NAmes,Norm,Norm,1Fam,1Story,5.0,6.0,1961.0,1961.0,Gable,CompShg,VinylSd,VinylSd,BrkFace,136.0,TA,TA,CBlock,TA,TA,No,Rec,572.0,Unf,0.0,572.0,1144.0,GasA,Gd,Y,SBrkr,1144.0,0.0,0.0,1144.0,1.0,0.0,1.0,0.0,3.0,1.0,TA,6.0,Typ,0.0,Gd,Attchd,1961.0,Unf,2.0,456.0,TA,TA,Y,0.0,0.0,0.0,0.0,0.0,0.0,Gd,GdWo,Shed,0.0,9.0,2008.0,WD,Normal,139950.0,-0.5264382791982879,1.0,低
836.0,20.0,RL,60.0,9600.0,Pave,Grvl,Reg,Lvl,AllPub,Inside,Gtl,Sawyer,Norm,Norm,1Fam,1Story,4.0,7.0,1950.0,1995.0,Gable,CompShg,VinylSd,HdBoard,BrkFace,0.0,TA,TA,CBlock,Gd,TA,No,BLQ,442.0,Unf,0.0,625.0,1067.0,GasA,TA,Y,SBrkr,1067.0,0.0,0.0,1067.0,0.0,0.0,2.0,0.0,2.0,1.0,Gd,4.0,Min2,0.0,Gd,Attchd,1996.0,Unf,2.0,436.0,TA,TA,Y,290.0,0.0,0.0,0.0,0.0,0.0,Gd,MnPrv,Shed,0.0,2.0,2010.0,WD,Normal,128000.0,-0.7093423180177859,1.0,低
837.0,30.0,RM,90.0,8100.0,Pave,Pave,Reg,Lvl,AllPub,Inside,Gtl,OldTown,Norm,Norm,1Fam,1Story,5.0,6.0,1948.0,1973.0,Gable,CompShg,VinylSd,VinylSd,BrkFace,0.0,TA,TA,BrkTil,TA,TA,No,Rec,338.0,Unf,0.0,1221.0,1559.0,GasA,Gd,Y,SBrkr,1559.0,0.0,0.0,1559.0,1.0,0.0,1.0,0.0,2.0,1.0,TA,5.0,Min2,0.0,Gd,Detchd,1948.0,Unf,2.0,812.0,TA,TA,Y,0.0,116.0,230.0,0.0,0.0,0.0,Gd,GdWo,Shed,0.0,6.0,2007.0,COD,Normal,153500.0,-0.31904499668747627,2.0,中
838.0,160.0,RM,21.0,1680.0,Pave,Grvl,Reg,Lvl,AllPub,Inside,Gtl,BrDale,Norm,Norm,Twnhs,2Story,6.0,5.0,1973.0,1973.0,Gable,CompShg,HdBoard,HdBoard,BrkFace,158.0,TA,TA,CBlock,TA,TA,No,BLQ,330.0,Unf,0.0,153.0,483.0,GasA,TA,Y,SBrkr,483.0,504.0,0.0,987.0,1.0,0.0,1.0,1.0,2.0,1.0,TA,5.0,Typ,0.0,Gd,Detchd,1973.0,Unf,1.0,264.0,TA,TA,Y,0.0,0.0,0.0,0.0,0.0,0.0,Gd,MnPrv,Shed,0.0,11.0,2008.0,WD,Normal,100000.0,-1.1379040826157731,0.0,极低
839.0,20.0,RL,75.0,9525.0,Pave,Grvl,Reg,Lvl,AllPub,Inside,Gtl,CollgCr,Norm,Norm,1Fam,1Story,5.0,6.0,1995.0,2006.0,Gable,CompShg,VinylSd,VinylSd,BrkFace,0.0,TA,TA,PConc,Gd,TA,No,Unf,0.0,Unf,0.0,1099.0,1099.0,GasA,Ex,Y,SBrkr,1099.0,0.0,0.0,1099.0,0.0,0.0,1.0,1.0,3.0,1.0,Gd,6.0,Typ,0.0,Gd,Attchd,1999.0,Unf,1.0,352.0,TA,TA,Y,278.0,0.0,0.0,0.0,0.0,0.0,Gd,MnPrv,Shed,0.0,6.0,2008.0,WD,Normal,144000.0,-0.46444988110465046,1.0,低
840.0,50.0,RL,70.0,11767.0,Pave,Grvl,Reg,Lvl,AllPub,Inside,Gtl,Edwards,Norm,Norm,1Fam,1.5Fin,5.0,6.0,1946.0,1995.0,Gable,CompShg,MetalSd,MetalSd,BrkFace,0.0,TA,TA,CBlock,TA,TA,No,BLQ,352.0,Unf,0.0,416.0,768.0,GasA,Ex,Y,SBrkr,768.0,432.0,0.0,1200.0,0.0,0.0,1.0,0.0,3.0,1.0,TA,6.0,Typ,0.0,Gd,Detchd,1946.0,Unf,1.0,240.0,TA,TA,Y,0.0,0.0,0.0,0.0,0.0,0.0,Gd,MnPrv,Shed,0.0,5.0,2008.0,WD,Normal,130500.0,-0.6710778747501085,1.0,低
841.0,70.0,RH,73.2,12155.0,Pave,Grvl,IR1,Lvl,AllPub,Inside,Gtl,SWISU,Norm,Norm,1Fam,2Story,6.0,8.0,1925.0,1950.0,Gable,CompShg,Wd Sdng,Wd Sdng,BrkFace,0.0,TA,TA,BrkTil,TA,TA,No,BLQ,156.0,Unf,0.0,516.0,672.0,GasA,TA,N,SBrkr,810.0,672.0,0.0,1482.0,0.0,0.0,2.0,0.0,4.0,1.0,Fa,7.0,Typ,0.0,Gd,Detchd,1934.0,Unf,1.0,400.0,TA,TA,P,0.0,0.0,254.0,0.0,0.0,0.0,Gd,MnPrv,Shed,0.0,3.0,2008.0,WD,Normal,140000.0,-0.5256729903329344,1.0,低
842.0,70.0,RM,60.0,10440.0,Pave,Grvl,Reg,Lvl,AllPub,Inside,Gtl,OldTown,Norm,Norm,1Fam,2Story,5.0,8.0,1904.0,2002.0,Gable,CompShg,MetalSd,MetalSd,BrkFace,0.0,TA,TA,PConc,TA,TA,No,Unf,0.0,Unf,0.0,650.0,650.0,GasA,Gd,Y,SBrkr,958.0,581.0,0.0,1539.0,0.0,0.0,2.0,0.0,3.0,1.0,Gd,8.0,Typ,1.0,Po,Detchd,1983.0,Unf,2.0,686.0,Gd,TA,P,70.0,78.0,68.0,0.0,0.0,0.0,Gd,MnPrv,Shed,0.0,6.0,2008.0,WD,Normal,157500.0,-0.25782188745919243,2.0,中
843.0,80.0,RL,82.0,9020.0,Pave,Grvl,Reg,Lvl,AllPub,Inside,Gtl,NAmes,Norm,Norm,1Fam,SLvl,6.0,7.0,1966.0,1966.0,Gable,CompShg,HdBoard,HdBoard,BrkFace,183.0,TA,TA,CBlock,TA,TA,Gd,Rec,312.0,ALQ,539.0,276.0,1127.0,GasA,TA,Y,SBrkr,1165.0,0.0,0.0,1165.0,1.0,0.0,1.0,1.0,3.0,1.0,TA,6.0,Typ,0.0,Gd,Attchd,1966.0,RFn,2.0,490.0,Gd,Gd,Y,0.0,129.0,0.0,0.0,0.0,0.0,Gd,GdPrv,Shed,0.0,5.0,2008.0,WD,Normal,174900.0,0.008498637683842408,3.0,高
730.5,50.0,RL,70.0,9478.5,Pave,Grvl,Reg,Lvl,AllPub,Corner,Gtl,NAmes,Artery,Norm,Duplex,1Story,6.0,5.0,1973.0,1994.0,Gable,CompShg,BrkFace,BrkFace,BrkFace,0.0,TA,TA,CBlock,TA,TA,No,Unf,383.5,Unf,0.0,477.5,991.5,GasA,Ex,N,SBrkr,1087.0,0.0,0.0,1464.0,0.0,0.0,2.0,0.0,3.0,1.0,TA,6.0,Typ,1.0,Gd,Attchd,1978.0,Unf,2.0,480.0,TA,TA,Y,0.0,25.0,0.0,0.0,0.0,0.0,Gd,MnPrv,Shed,0.0,6.0,2008.0,WD,Normal,163000.0,-0.1736401122703021,2.0,中
845.0,50.0,RM,100.0,12665.0,Pave,Grvl,IR1,Lvl,AllPub,Inside,Gtl,OldTown,Artery,Norm,1Fam,1.5Fin,5.0,8.0,1915.0,1950.0,Gable,CompShg,Wd Sdng,Wd Sdng,BrkFace,0.0,TA,TA,BrkTil,TA,TA,Mn,Unf,0.0,Unf,0.0,876.0,876.0,GasA,Gd,Y,SBrkr,876.0,540.0,0.0,1416.0,0.0,0.0,1.0,1.0,4.0,1.0,TA,7.0,Typ,1.0,Gd,Detchd,1949.0,Unf,3.0,720.0,TA,TA,Y,418.0,0.0,194.0,0.0,0.0,0.0,Gd,MnPrv,Shed,0.0,6.0,2008.0,WD,Normal,153900.0,-0.3129226857646479,2.0,中
846.0,85.0,RL,118.4,16647.0,Pave,Grvl,IR1,Lvl,AllPub,CulDSac,Gtl,Sawyer,RRAe,Norm,1Fam,SFoyer,5.0,5.0,1975.0,1981.0,Gable,CompShg,HdBoard,HdBoard,BrkFace,0.0,TA,TA,CBlock,Gd,TA,Gd,ALQ,1390.0,Unf,0.0,0.0,1390.0,GasA,TA,Y,SBrkr,1701.0,0.0,0.0,1701.0,1.0,0.0,2.0,0.0,3.0,1.0,TA,6.0,Min2,2.0,TA,Basment,1975.0,Fin,2.0,611.0,TA,TA,Y,0.0,0.0,0.0,0.0,0.0,0.0,Gd,MnPrv,Shed,0.0,1.0,2007.0,WD,Normal,171000.0,-0.05119389381373436,2.0,中
847.0,60.0,RL,75.0,9317.0,Pave,Grvl,Reg,Lvl,AllPub,Inside,Gtl,SawyerW,Norm,Norm,1Fam,2Story,7.0,5.0,1993.0,1993.0,Gable,CompShg,HdBoard,HdBoard,BrkFace,137.0,Gd,TA,PConc,Gd,TA,No,ALQ,513.0,Unf,0.0,227.0,740.0,GasA,Ex,Y,SBrkr,1006.0,769.0,0.0,1775.0,1.0,0.0,2.0,1.0,3.0,1.0,Gd,7.0,Typ,1.0,TA,Attchd,1993.0,Unf,2.0,425.0,TA,TA,Y,234.0,72.0,192.0,0.0,0.0,0.0,Gd,MnPrv,Shed,0.0,7.0,2009.0,WD,Normal,213000.0,0.5916487530832463,3.0,高
848.0,20.0,RL,36.0,15523.0,Pave,Grvl,IR1,Lvl,AllPub,CulDSac,Gtl,CollgCr,Norm,Norm,1Fam,1Story,5.0,6.0,1972.0,1972.0,Gable,CompShg,HdBoard,Plywood,BrkFace,0.0,TA,TA,CBlock,TA,TA,Av,BLQ,460.0,Unf,0.0,404.0,864.0,GasA,Ex,Y,SBrkr,864.0,0.0,0.0,864.0,1.0,0.0,1.0,0.0,3.0,1.0,TA,5.0,Typ,1.0,Fa,Attchd,1972.0,Unf,1.0,338.0,TA,TA,Y,0.0,0.0,0.0,0.0,0.0,0.0,Gd,MnPrv,Shed,0.0,8.0,2009.0,WD,Normal,133500.0,-0.6251605428288957,1.0,低
730.5,50.0,RL,70.0,9478.5,Pave,Grvl,IR2,Bnk,AllPub,Inside,Gtl,ClearCr,Norm,Norm,1Fam,1.5Fin,6.0,5.0,1973.0,1994.0,Gable,CompShg,Wd Sdng,Wd Sdng,BrkFace,0.0,TA,TA,BrkTil,TA,TA,No,Unf,383.5,Unf,0.0,477.5,991.5,GasA,TA,Y,SBrkr,1087.0,0.0,0.0,1464.0,0.0,0.0,2.0,0.0,3.0,1.0,TA,6.0,Typ,1.0,Gd,Detchd,1978.0,Unf,2.0,480.0,Fa,TA,Y,0.0,25.0,0.0,0.0,0.0,0.0,Gd,MnPrv,Shed,0.0,6.0,2008.0,WD,Normal,163000.0,-0.1736401122703021,2.0,中
850.0,80.0,RL,80.0,9600.0,Pave,Grvl,Reg,Lvl,AllPub,FR2,Gtl,Veenker,Feedr,Norm,1Fam,SLvl,6.0,7.0,1976.0,1994.0,Hip,CompShg,Plywood,Plywood,BrkFace,360.0,Gd,Gd,CBlock,TA,TA,No,Unf,0.0,Unf,0.0,528.0,528.0,GasA,Ex,Y,SBrkr,1094.0,761.0,0.0,1855.0,0.0,0.0,2.0,1.0,3.0,1.0,TA,7.0,Typ,1.0,TA,Attchd,1976.0,RFn,2.0,512.0,TA,TA,Y,113.0,100.0,0.0,0.0,0.0,0.0,Gd,MnPrv,Shed,0.0,8.0,2007.0,WD,Normal,187000.0,0.19369854309940113,3.0,高
851.0,120.0,RM,36.0,4435.0,Pave,Grvl,Reg,Lvl,AllPub,Inside,Gtl,CollgCr,Norm,Norm,TwnhsE,1Story,6.0,5.0,2003.0,2003.0,Gable,CompShg,VinylSd,VinylSd,BrkFace,170.0,Gd,TA,PConc,Gd,TA,Av,GLQ,659.0,Unf,0.0,189.0,848.0,GasA,Ex,Y,SBrkr,848.0,0.0,0.0,848.0,1.0,0.0,1.0,0.0,1.0,1.0,Gd,3.0,Typ,0.0,Gd,Attchd,2003.0,Fin,2.0,420.0,TA,TA,Y,140.0,0.0,0.0,0.0,0.0,0.0,Gd,MnPrv,Shed,0.0,11.0,2007.0,WD,Normal,131500.0,-0.6557720974430375,1.0,低
852.0,120.0,RL,52.0,3196.0,Pave,Grvl,Reg,Lvl,AllPub,Inside,Gtl,Blmngtn,Norm,Norm,TwnhsE,1Story,8.0,5.0,2003.0,2003.0,Gable,CompShg,VinylSd,VinylSd,BrkFace,40.0,Gd,TA,PConc,Gd,TA,Gd,Unf,0.0,Unf,0.0,1273.0,1273.0,GasA,Ex,Y,SBrkr,1456.0,0.0,0.0,1456.0,0.0,0.0,2.0,0.0,2.0,1.0,Gd,7.0,Typ,1.0,TA,Attchd,2003.0,Fin,2.0,400.0,TA,TA,Y,143.0,20.0,0.0,0.0,0.0,0.0,Gd,MnPrv,Shed,0.0,5.0,2006.0,WD,Normal,215000.0,0.6222603076973882,3.0,高
853.0,75.0,RL,53.0,7128.0,Pave,Grvl,Reg,Lvl,AllPub,Inside,Gtl,Crawfor,Norm,Norm,1Fam,2.5Unf,7.0,5.0,1941.0,1950.0,Gable,CompShg,MetalSd,MetalSd,BrkFace,0.0,TA,Gd,CBlock,TA,TA,No,Rec,364.0,Unf,0.0,554.0,918.0,GasA,Gd,Y,SBrkr,918.0,728.0,0.0,1646.0,0.0,0.0,2.0,0.0,4.0,1.0,TA,7.0,Typ,2.0,Gd,Detchd,1941.0,Unf,1.0,240.0,TA,TA,Y,0.0,0.0,0.0,0.0,126.0,0.0,Gd,MnPrv,Shed,0.0,8.0,2007.0,WD,Normal,164000.0,-0.15833433496323113,2.0,中
854.0,80.0,RL,70.2,12095.0,Pave,Grvl,IR1,Lvl,AllPub,Corner,Gtl,NAmes,Norm,Norm,1Fam,SLvl,6.0,6.0,1964.0,1964.0,Gable,CompShg,MetalSd,HdBoard,BrkFace,115.0,TA,Gd,CBlock,TA,TA,Gd,Rec,564.0,Unf,0.0,563.0,1127.0,GasA,TA,Y,SBrkr,1445.0,0.0,0.0,1445.0,0.0,0.0,1.0,1.0,3.0,1.0,TA,7.0,Typ,1.0,Fa,Attchd,1964.0,RFn,2.0,645.0,TA,TA,Y,180.0,0.0,0.0,0.0,0.0,0.0,Gd,MnPrv,Shed,0.0,8.0,2009.0,WD,Normal,158000.0,-0.25016899880565696,2.0,中
730.5,50.0,RL,70.0,9478.5,Pave,Grvl,Reg,Lvl,AllPub,Inside,Gtl,Sawyer,Norm,Norm,1Fam,1Story,6.0,5.0,1973.0,1994.0,Hip,CompShg,Wd Sdng,Plywood,BrkFace,0.0,TA,TA,CBlock,TA,TA,Mn,ALQ,383.5,Rec,0.0,477.5,991.5,GasA,TA,Y,SBrkr,1087.0,0.0,0.0,1464.0,0.0,0.0,2.0,0.0,3.0,1.0,TA,6.0,Typ,1.0,Gd,Attchd,1978.0,Unf,2.0,480.0,TA,TA,Y,0.0,25.0,0.0,0.0,0.0,0.0,Gd,MnPrv,Shed,0.0,6.0,2008.0,WD,Abnorml,163000.0,-0.1736401122703021,2.0,中
856.0,20.0,RL,61.6,6897.0,Pave,Grvl,IR1,Lvl,AllPub,Corner,Gtl,Sawyer,Norm,Norm,1Fam,1Story,5.0,8.0,1962.0,2010.0,Gable,CompShg,HdBoard,HdBoard,BrkFace,0.0,TA,Gd,CBlock,TA,TA,No,ALQ,659.0,Unf,0.0,381.0,1040.0,GasA,Ex,Y,SBrkr,1040.0,0.0,0.0,1040.0,1.0,0.0,1.0,1.0,3.0,1.0,TA,6.0,Typ,0.0,Gd,Detchd,1962.0,Unf,1.0,260.0,TA,TA,Y,0.0,104.0,0.0,0.0,0.0,0.0,Gd,MnPrv,Shed,0.0,4.0,2010.0,WD,Normal,127000.0,-0.724648095324857,1.0,低
857.0,80.0,RL,80.4,10970.0,Pave,Grvl,IR1,Low,AllPub,Inside,Mod,CollgCr,Norm,Norm,1Fam,SLvl,6.0,6.0,1978.0,1978.0,Gable,CompShg,Plywood,HdBoard,BrkFace,0.0,TA,TA,CBlock,Gd,Gd,Gd,GLQ,505.0,LwQ,435.0,0.0,940.0,GasA,TA,Y,SBrkr,1026.0,0.0,0.0,1026.0,1.0,0.0,1.0,0.0,3.0,1.0,TA,5.0,Typ,0.0,Gd,Detchd,1981.0,Unf,2.0,576.0,TA,Fa,Y,0.0,0.0,34.0,0.0,0.0,0.0,Gd,MnPrv,Shed,0.0,10.0,2008.0,WD,Normal,147000.0,-0.4185325491834376,1.0,低
858.0,60.0,RL,65.0,8125.0,Pave,Grvl,Reg,Lvl,AllPub,Inside,Gtl,Gilbert,Norm,Norm,1Fam,2Story,6.0,5.0,1994.0,1995.0,Gable,CompShg,HdBoard,HdBoard,BrkFace,0.0,TA,TA,PConc,Gd,TA,No,Unf,0.0,Unf,0.0,702.0,702.0,GasA,Gd,Y,SBrkr,702.0,779.0,0.0,1481.0,0.0,0.0,2.0,1.0,3.0,1.0,TA,6.0,Typ,1.0,TA,Attchd,1994.0,Fin,2.0,343.0,TA,TA,Y,0.0,36.0,0.0,0.0,0.0,0.0,Gd,MnPrv,Shed,0.0,3.0,2009.0,WD,Normal,174000.0,-0.005276561892521462,3.0,高
859.0,20.0,RL,80.0,10400.0,Pave,Grvl,Reg,Lvl,AllPub,Inside,Gtl,NWAmes,Norm,Norm,1Fam,1Story,7.0,5.0,1976.0,1976.0,Gable,CompShg,HdBoard,HdBoard,BrkFace,189.0,TA,TA,CBlock,Gd,TA,No,Unf,0.0,Unf,0.0,1090.0,1090.0,GasA,TA,Y,SBrkr,1370.0,0.0,0.0,1370.0,0.0,0.0,2.0,0.0,3.0,1.0,TA,6.0,Typ,1.0,TA,Attchd,1976.0,RFn,2.0,479.0,TA,TA,Y,0.0,0.0,0.0,0.0,0.0,0.0,Gd,MnPrv,Shed,0.0,6.0,2009.0,WD,Family,152000.0,-0.34200366264808274,2.0,低
860.0,60.0,RL,85.6,11029.0,Pave,Grvl,IR1,Lvl,AllPub,Corner,Gtl,NWAmes,PosA,Norm,1Fam,2Story,6.0,7.0,1968.0,1984.0,Gable,CompShg,HdBoard,HdBoard,BrkFace,220.0,TA,TA,CBlock,TA,TA,Mn,BLQ,619.0,Unf,0.0,435.0,1054.0,GasA,TA,Y,SBrkr,1512.0,1142.0,0.0,2654.0,1.0,0.0,2.0,1.0,4.0,1.0,Gd,9.0,Typ,1.0,Gd,Attchd,1968.0,Unf,2.0,619.0,TA,TA,Y,0.0,65.0,0.0,0.0,222.0,0.0,Gd,MnPrv,Shed,0.0,8.0,2006.0,WD,Normal,250000.0,1.157962513444872,4.0,极高
861.0,50.0,RL,55.0,7642.0,Pave,Grvl,Reg,Lvl,AllPub,Corner,Gtl,Crawfor,Norm,Norm,1Fam,1.5Fin,7.0,8.0,1918.0,1998.0,Gable,CompShg,Wd Sdng,Wd Sdng,BrkFace,0.0,Gd,TA,BrkTil,TA,TA,No,Unf,0.0,Unf,0.0,912.0,912.0,GasA,Gd,Y,SBrkr,912.0,514.0,0.0,1426.0,0.0,0.0,1.0,1.0,3.0,1.0,Gd,7.0,Typ,1.0,Gd,Detchd,1925.0,Unf,1.0,216.0,TA,TA,Y,0.0,240.0,0.0,0.0,0.0,0.0,Gd,GdPrv,Shed,0.0,6.0,2007.0,WD,Normal,189950.0,0.23885058615526047,3.0,高
862.0,190.0,RL,75.0,11625.0,Pave,Grvl,Reg,Lvl,AllPub,Inside,Gtl,Sawyer,Norm,Norm,2fmCon,1Story,5.0,4.0,1965.0,1965.0,Hip,CompShg,Plywood,HdBoard,BrkFace,0.0,TA,TA,PConc,TA,TA,Mn,BLQ,841.0,Unf,0.0,198.0,1039.0,GasA,Ex,Y,SBrkr,1039.0,0.0,0.0,1039.0,1.0,0.0,1.0,1.0,3.0,1.0,TA,6.0,Typ,0.0,Gd,Attchd,1965.0,Unf,2.0,504.0,TA,TA,Y,0.0,0.0,0.0,0.0,0.0,0.0,Gd,MnPrv,Shed,0.0,4.0,2010.0,WD,Normal,131500.0,-0.6557720974430375,1.0,低
863.0,20.0,RL,81.0,9672.0,Pave,Grvl,Reg,Lvl,AllPub,Corner,Gtl,SawyerW,Norm,Norm,1Fam,1Story,6.0,5.0,1984.0,1985.0,Hip,CompShg,HdBoard,Plywood,BrkFace,0.0,TA,TA,PConc,Gd,TA,No,GLQ,338.0,Unf,0.0,702.0,1040.0,GasA,TA,Y,SBrkr,1097.0,0.0,0.0,1097.0,0.0,0.0,2.0,0.0,3.0,1.0,TA,6.0,Typ,0.0,Gd,Attchd,1986.0,Unf,2.0,480.0,TA,TA,Y,0.0,0.0,0.0,0.0,0.0,0.0,Gd,GdPrv,Shed,0.0,5.0,2010.0,WD,Normal,152000.0,-0.34200366264808274,2.0,低
864.0,20.0,RL,70.0,7931.0,Pave,Grvl,Reg,Lvl,AllPub,Inside,Gtl,NAmes,Norm,Norm,1Fam,1Story,5.0,5.0,1959.0,1959.0,Hip,CompShg,BrkFace,Plywood,BrkFace,0.0,TA,TA,CBlock,TA,TA,No,BLQ,1148.0,Unf,0.0,0.0,1148.0,GasA,TA,Y,SBrkr,1148.0,0.0,0.0,1148.0,1.0,0.0,1.0,0.0,3.0,1.0,TA,6.0,Typ,0.0,Gd,Attchd,1959.0,Unf,1.0,672.0,TA,TA,Y,0.0,0.0,0.0,0.0,0.0,0.0,Gd,GdPrv,Shed,0.0,7.0,2009.0,WD,Normal,132500.0,-0.6404663201359666,1.0,低
865.0,20.0,FV,72.0,8640.0,Pave,Grvl,Reg,Lvl,AllPub,Inside,Gtl,Somerst,Norm,Norm,1Fam,1Story,7.0,5.0,2007.0,2008.0,Gable,CompShg,VinylSd,VinylSd,BrkFace,0.0,Gd,TA,PConc,Ex,TA,No,Unf,0.0,Unf,0.0,1372.0,1372.0,GasA,Ex,Y,SBrkr,1372.0,0.0,0.0,1372.0,0.0,0.0,2.0,0.0,3.0,1.0,Gd,6.0,Typ,0.0,Gd,Attchd,2008.0,Fin,2.0,529.0,TA,TA,Y,0.0,140.0,0.0,0.0,0.0,0.0,Gd,MnPrv,Shed,0.0,5.0,2008.0,New,Partial,250580.0,1.1668398642829731,4.0,极高
866.0,20.0,RL,68.0,8750.0,Pave,Grvl,IR1,Lvl,AllPub,Inside,Gtl,NAmes,Norm,Norm,1Fam,1Story,5.0,6.0,1970.0,1970.0,Gable,CompShg,MetalSd,MetalSd,BrkFace,76.0,TA,TA,CBlock,TA,TA,No,BLQ,828.0,Unf,0.0,174.0,1002.0,GasA,TA,Y,SBrkr,1002.0,0.0,0.0,1002.0,1.0,0.0,1.0,0.0,3.0,1.0,TA,5.0,Typ,0.0,Gd,Detchd,1973.0,Unf,2.0,902.0,TA,TA,Y,0.0,0.0,0.0,0.0,0.0,0.0,Gd,MnPrv,Shed,0.0,8.0,2009.0,WD,Normal,148500.0,-0.3955738832228311,1.0,低
867.0,20.0,RL,67.0,10656.0,Pave,Grvl,IR1,HLS,AllPub,Inside,Gtl,Timber,Norm,Norm,1Fam,1Story,8.0,5.0,2006.0,2007.0,Gable,CompShg,VinylSd,VinylSd,Stone,274.0,Gd,TA,PConc,Gd,TA,Av,Unf,0.0,Unf,0.0,1638.0,1638.0,GasA,Ex,Y,SBrkr,1646.0,0.0,0.0,1646.0,0.0,0.0,2.0,0.0,3.0,1.0,Gd,6.0,Typ,1.0,Gd,Attchd,2007.0,RFn,3.0,870.0,TA,TA,Y,192.0,80.0,0.0,0.0,0.0,0.0,Gd,MnPrv,Shed,0.0,11.0,2007.0,New,Partial,248900.0,1.141126158407094,4.0,极高
868.0,20.0,RL,85.0,6970.0,Pave,Grvl,Reg,Lvl,AllPub,Corner,Gtl,Sawyer,Feedr,Norm,1Fam,1Story,4.0,5.0,1961.0,1961.0,Gable,CompShg,VinylSd,VinylSd,BrkFace,0.0,TA,TA,CBlock,TA,TA,No,ALQ,932.0,Unf,0.0,108.0,1040.0,GasA,TA,Y,SBrkr,1120.0,0.0,0.0,1120.0,1.0,0.0,1.0,1.0,3.0,1.0,Fa,5.0,Typ,0.0,Gd,Attchd,1961.0,RFn,2.0,544.0,TA,TA,Y,168.0,0.0,0.0,0.0,0.0,0.0,Gd,MnPrv,Shed,400.0,5.0,2007.0,WD,Normal,129000.0,-0.694036540710715,1.0,低
869.0,60.0,RL,100.6,14762.0,Pave,Grvl,IR2,Lvl,AllPub,Corner,Gtl,Gilbert,Feedr,Norm,1Fam,2Story,5.0,6.0,1948.0,1950.0,Gable,CompShg,Plywood,Plywood,BrkFace,0.0,TA,TA,Slab,TA,TA,No,Unf,0.0,Unf,0.0,0.0,0.0,GasA,Gd,Y,SBrkr,1547.0,720.0,53.0,2320.0,0.0,0.0,2.0,0.0,2.0,1.0,TA,7.0,Typ,1.0,TA,Attchd,1979.0,Unf,2.0,672.0,TA,TA,P,120.0,144.0,0.0,0.0,0.0,0.0,Gd,MnPrv,Shed,0.0,5.0,2006.0,WD,Normal,169000.0,-0.08180544842787629,2.0,中
870.0,60.0,RL,80.0,9938.0,Pave,Grvl,Reg,Lvl,AllPub,Inside,Gtl,SawyerW,Norm,Norm,1Fam,2Story,7.0,5.0,1993.0,1994.0,Gable,CompShg,MetalSd,MetalSd,BrkFace,246.0,Gd,TA,PConc,Gd,TA,No,GLQ,750.0,Unf,0.0,300.0,1050.0,GasA,Ex,Y,SBrkr,1062.0,887.0,0.0,1949.0,1.0,0.0,2.0,1.0,3.0,1.0,Gd,8.0,Typ,1.0,TA,Attchd,1993.0,Fin,2.0,574.0,TA,TA,Y,156.0,90.0,0.0,0.0,0.0,0.0,Gd,GdPrv,Shed,0.0,6.0,2010.0,WD,Normal,236000.0,0.9436816311458786,4.0,极高
871.0,20.0,RL,60.0,6600.0,Pave,Grvl,Reg,Lvl,AllPub,Inside,Gtl,NAmes,PosN,Norm,1Fam,1Story,5.0,5.0,1962.0,1962.0,Hip,CompShg,MetalSd,MetalSd,BrkFace,0.0,TA,TA,CBlock,TA,TA,No,Unf,0.0,Unf,0.0,894.0,894.0,GasA,Gd,N,SBrkr,894.0,0.0,0.0,894.0,0.0,0.0,1.0,0.0,2.0,1.0,TA,5.0,Typ,0.0,Gd,Detchd,1962.0,Unf,1.0,308.0,TA,TA,Y,0.0,0.0,0.0,0.0,0.0,0.0,Gd,MnPrv,Shed,0.0,8.0,2009.0,WD,Normal,109500.0,-0.9924991981985989,0.0,极低
872.0,60.0,RL,70.0,8750.0,Pave,Grvl,Reg,Lvl,AllPub,Inside,Gtl,CollgCr,Norm,Norm,1Fam,2Story,6.0,5.0,1998.0,1998.0,Gable,CompShg,VinylSd,VinylSd,BrkFace,116.0,TA,TA,PConc,Gd,TA,No,GLQ,505.0,Unf,0.0,299.0,804.0,GasA,Ex,Y,SBrkr,804.0,878.0,0.0,1682.0,0.0,0.0,2.0,1.0,3.0,1.0,Gd,7.0,Typ,0.0,Gd,Attchd,1998.0,RFn,2.0,523.0,TA,TA,Y,0.0,77.0,0.0,0.0,0.0,0.0,Gd,MnPrv,Shed,0.0,6.0,2010.0,WD,Normal,200500.0,0.4003265367448592,3.0,高
873.0,20.0,RL,74.0,8892.0,Pave,Grvl,Reg,Lvl,AllPub,Corner,Gtl,NAmes,Norm,Norm,1Fam,1Story,5.0,7.0,1953.0,1996.0,Gable,CompShg,WdShing,Wd Shng,BrkFace,0.0,Gd,TA,Stone,TA,TA,Av,Unf,0.0,Unf,0.0,105.0,105.0,GasA,Gd,Y,SBrkr,910.0,0.0,0.0,910.0,0.0,0.0,1.0,0.0,3.0,1.0,Gd,5.0,Typ,0.0,Gd,Attchd,1953.0,Unf,2.0,414.0,TA,TA,Y,196.0,0.0,150.0,0.0,0.0,0.0,Gd,GdWo,Shed,0.0,10.0,2008.0,WD,Normal,116000.0,-0.8930116457026376,0.0,极低
874.0,40.0,RL,60.0,12144.0,Pave,Grvl,Reg,Lvl,AllPub,Inside,Gtl,NAmes,Norm,Norm,1Fam,1Story,5.0,7.0,1949.0,1950.0,Gable,CompShg,HdBoard,HdBoard,BrkFace,0.0,Gd,TA,CBlock,TA,TA,No,Rec,375.0,Unf,0.0,457.0,832.0,GasA,Gd,Y,SBrkr,1036.0,0.0,232.0,1268.0,0.0,0.0,1.0,0.0,3.0,1.0,TA,6.0,Typ,1.0,Gd,Attchd,1949.0,Unf,1.0,288.0,TA,TA,Y,0.0,28.0,0.0,0.0,0.0,0.0,Gd,MnPrv,Othr,0.0,9.0,2009.0,WD,Normal,133000.0,-0.6328134314824311,1.0,低
875.0,50.0,RM,52.0,5720.0,Pave,Grvl,Reg,Lvl,AllPub,Inside,Gtl,OldTown,Artery,Norm,1Fam,1.5Fin,5.0,6.0,1941.0,1950.0,Gable,CompShg,Wd Sdng,Wd Sdng,BrkFace,0.0,TA,TA,CBlock,TA,TA,No,Unf,0.0,Unf,0.0,676.0,676.0,GasA,Ex,Y,SBrkr,676.0,455.0,0.0,1131.0,0.0,0.0,1.0,1.0,3.0,1.0,TA,5.0,Typ,0.0,Gd,Detchd,1941.0,Unf,1.0,200.0,TA,TA,Y,26.0,0.0,0.0,0.0,0.0,0.0,Gd,MnPrv,Shed,0.0,8.0,2009.0,WD,Abnorml,66500.0,-1.6506476224026505,0.0,极低
876.0,60.0,FV,75.0,9000.0,Pave,Grvl,Reg,Lvl,AllPub,Inside,Gtl,Somerst,Norm,Norm,1Fam,2Story,8.0,5.0,2007.0,2007.0,Gable,CompShg,CemntBd,CmentBd,BrkFace,0.0,Gd,TA,PConc,Gd,TA,Av,GLQ,64.0,Unf,0.0,1120.0,1184.0,GasA,Ex,Y,SBrkr,1184.0,1426.0,0.0,2610.0,0.0,0.0,2.0,1.0,4.0,1.0,Ex,11.0,Typ,1.0,Gd,BuiltIn,2007.0,Fin,2.0,550.0,TA,TA,Y,208.0,364.0,0.0,0.0,0.0,0.0,Gd,MnPrv,Shed,0.0,8.0,2007.0,New,Partial,303477.0,1.9764695664951062,4.0,极高
877.0,20.0,RL,94.0,25286.0,Pave,Grvl,Reg,HLS,AllPub,Inside,Mod,Mitchel,Norm,Norm,1Fam,1Story,4.0,5.0,1963.0,1963.0,Gable,CompShg,HdBoard,Plywood,BrkFace,0.0,TA,TA,PConc,TA,TA,Gd,ALQ,633.0,Unf,0.0,431.0,1064.0,GasA,Gd,Y,SBrkr,1040.0,0.0,0.0,1040.0,1.0,0.0,1.0,0.0,3.0,1.0,TA,5.0,Typ,0.0,Gd,Attchd,1963.0,Unf,2.0,648.0,TA,TA,Y,0.0,0.0,0.0,0.0,0.0,0.0,Gd,MnPrv,Shed,0.0,1.0,2007.0,WD,Normal,132250.0,-0.6442927644627343,1.0,低
878.0,60.0,RL,74.0,8834.0,Pave,Grvl,Reg,Lvl,AllPub,Inside,Gtl,NridgHt,Norm,Norm,1Fam,2Story,9.0,5.0,2004.0,2005.0,Hip,CompShg,VinylSd,VinylSd,Stone,216.0,Gd,TA,PConc,Ex,TA,No,GLQ,1170.0,Unf,0.0,292.0,1462.0,GasA,Ex,Y,SBrkr,1462.0,762.0,0.0,2224.0,1.0,0.0,2.0,1.0,4.0,1.0,Ex,10.0,Typ,1.0,Gd,Attchd,2004.0,Fin,3.0,738.0,TA,TA,Y,184.0,0.0,0.0,0.0,0.0,0.0,Gd,MnPrv,Shed,0.0,6.0,2009.0,WD,Normal,350000.0,2.6885402441519686,4.0,极高
879.0,85.0,RL,88.0,11782.0,Pave,Grvl,IR1,Lvl,AllPub,Inside,Gtl,Sawyer,Norm,Norm,1Fam,SFoyer,5.0,7.0,1961.0,1995.0,Gable,CompShg,HdBoard,HdBoard,BrkFace,0.0,TA,TA,CBlock,TA,TA,Av,ALQ,899.0,Unf,0.0,210.0,1109.0,GasA,TA,Y,SBrkr,1155.0,0.0,0.0,1155.0,1.0,0.0,1.0,0.0,3.0,1.0,Gd,6.0,Min2,0.0,Gd,Detchd,1987.0,Unf,2.0,576.0,TA,TA,Y,192.0,0.0,0.0,0.0,0.0,0.0,Gd,MnPrv,Shed,400.0,6.0,2010.0,WD,Normal,148000.0,-0.40322677187636663,1.0,低
880.0,20.0,RL,63.4,7000.0,Pave,Grvl,IR1,Lvl,AllPub,CulDSac,Gtl,CollgCr,Norm,Norm,1Fam,1Story,5.0,8.0,1978.0,2005.0,Gable,CompShg,VinylSd,VinylSd,BrkFace,90.0,Gd,Gd,CBlock,TA,TA,No,ALQ,646.0,Unf,0.0,218.0,864.0,GasA,Ex,Y,SBrkr,864.0,0.0,0.0,864.0,1.0,0.0,1.0,0.0,3.0,1.0,TA,6.0,Typ,0.0,Gd,Attchd,1978.0,Unf,1.0,336.0,TA,TA,Y,0.0,0.0,0.0,0.0,0.0,0.0,Gd,GdWo,Shed,0.0,7.0,2009.0,WD,Normal,136500.0,-0.5792432109076827,1.0,低
881.0,20.0,RL,60.0,7024.0,Pave,Grvl,Reg,Lvl,AllPub,Inside,Gtl,Edwards,Norm,Norm,1Fam,1Story,5.0,5.0,2005.0,2006.0,Gable,CompShg,VinylSd,VinylSd,BrkFace,0.0,TA,TA,PConc,Ex,Gd,No,ALQ,980.0,Unf,0.0,110.0,1090.0,GasA,Gd,Y,SBrkr,1090.0,0.0,0.0,1090.0,1.0,0.0,1.0,1.0,2.0,1.0,TA,5.0,Typ,0.0,Gd,Attchd,2005.0,Fin,2.0,450.0,TA,TA,Y,0.0,49.0,0.0,0.0,0.0,0.0,Gd,MnPrv,Shed,0.0,6.0,2007.0,WD,Normal,157000.0,-0.2654747761127279,2.0,中
882.0,50.0,RL,44.0,13758.0,Pave,Grvl,IR1,Lvl,AllPub,CulDSac,Gtl,Timber,Norm,Norm,1Fam,1.5Fin,7.0,5.0,1990.0,1991.0,Gable,CompShg,HdBoard,HdBoard,BrkFace,117.0,Gd,Gd,CBlock,Gd,TA,Mn,LwQ,902.0,Unf,0.0,254.0,1156.0,GasA,Ex,Y,SBrkr,1187.0,530.0,0.0,1717.0,0.0,0.0,2.0,1.0,3.0,1.0,Gd,7.0,Typ,1.0,TA,Attchd,1990.0,RFn,2.0,400.0,TA,TA,Y,168.0,36.0,0.0,0.0,0.0,0.0,Gd,MnPrv,Shed,0.0,4.0,2007.0,WD,Normal,187500.0,0.2013514317529366,3.0,高
883.0,60.0,RL,69.2,9636.0,Pave,Grvl,IR1,Lvl,AllPub,Corner,Gtl,Gilbert,Norm,Norm,1Fam,2Story,6.0,5.0,1992.0,1993.0,Gable,CompShg,VinylSd,VinylSd,BrkFace,0.0,TA,TA,PConc,Gd,TA,No,Unf,0.0,Unf,0.0,808.0,808.0,GasA,Gd,Y,SBrkr,808.0,785.0,0.0,1593.0,0.0,0.0,2.0,1.0,3.0,1.0,TA,7.0,Typ,1.0,TA,BuiltIn,1993.0,RFn,2.0,389.0,TA,TA,Y,342.0,40.0,0.0,0.0,0.0,0.0,Gd,MnPrv,Shed,0.0,12.0,2009.0,WD,Normal,178000.0,0.05594654733576241,3.0,高
884.0,75.0,RL,60.0,6204.0,Pave,Grvl,Reg,Bnk,AllPub,Inside,Gtl,SWISU,Norm,Norm,1Fam,2.5Fin,4.0,5.0,1912.0,1950.0,Gable,CompShg,Wd Sdng,Wd Sdng,BrkFace,0.0,Gd,TA,PConc,TA,Fa,No,Unf,0.0,Unf,0.0,795.0,795.0,GasA,TA,N,SBrkr,954.0,795.0,481.0,2230.0,1.0,0.0,1.0,0.0,5.0,1.0,TA,10.0,Typ,0.0,Gd,Detchd,1997.0,Unf,1.0,440.0,TA,Gd,Y,0.0,188.0,0.0,0.0,0.0,0.0,Gd,MnPrv,Shed,0.0,3.0,2006.0,WD,Normal,118500.0,-0.8547472024349602,0.0,极低
885.0,20.0,RL,65.0,7150.0,Pave,Grvl,Reg,Lvl,AllPub,Inside,Gtl,NAmes,Norm,Norm,1Fam,1Story,5.0,5.0,1967.0,1967.0,Gable,CompShg,HdBoard,HdBoard,BrkFace,60.0,TA,TA,CBlock,TA,TA,No,BLQ,432.0,Unf,0.0,460.0,892.0,GasA,TA,Y,SBrkr,892.0,0.0,0.0,892.0,0.0,0.0,1.0,0.0,3.0,1.0,TA,5.0,Typ,0.0,Gd,Attchd,1967.0,RFn,1.0,288.0,TA,TA,Y,0.0,0.0,0.0,0.0,0.0,0.0,Gd,GdWo,Shed,0.0,7.0,2009.0,WD,Normal,100000.0,-1.1379040826157731,0.0,极低
886.0,120.0,FV,50.0,5119.0,Pave,Grvl,IR1,Lvl,AllPub,CulDSac,Gtl,Somerst,Norm,Norm,TwnhsE,1Story,9.0,5.0,1999.0,2000.0,Gable,CompShg,MetalSd,MetalSd,BrkFace,60.0,Gd,TA,PConc,Ex,TA,Av,GLQ,1238.0,Unf,0.0,460.0,1698.0,GasA,Ex,Y,SBrkr,1709.0,0.0,0.0,1709.0,1.0,0.0,2.0,0.0,2.0,1.0,Gd,5.0,Typ,1.0,TA,Attchd,1999.0,Fin,2.0,506.0,TA,TA,Y,97.0,65.0,0.0,0.0,0.0,0.0,Gd,MnPrv,Shed,0.0,1.0,2008.0,CWD,Abnorml,328900.0,2.3655883429727713,4.0,极高
887.0,90.0,RL,70.0,8393.0,Pave,Grvl,Reg,Lvl,AllPub,Corner,Gtl,NAmes,Norm,Norm,Duplex,1Story,5.0,5.0,1959.0,2005.0,Gable,CompShg,MetalSd,MetalSd,BrkFace,122.0,TA,TA,CBlock,TA,TA,No,LwQ,528.0,Unf,0.0,1098.0,1626.0,GasA,Ex,Y,SBrkr,1712.0,0.0,0.0,1712.0,0.0,0.0,2.0,0.0,4.0,2.0,TA,8.0,Typ,0.0,Gd,Attchd,2005.0,Fin,2.0,588.0,TA,TA,Y,272.0,54.0,0.0,0.0,0.0,0.0,Gd,MnPrv,Shed,0.0,6.0,2006.0,WD,Family,145000.0,-0.4491441037975795,1.0,低
888.0,50.0,RL,59.0,16466.0,Pave,Grvl,IR1,Lvl,AllPub,Inside,Gtl,Edwards,Norm,Norm,1Fam,1.5Fin,5.0,7.0,1955.0,1955.0,Gable,CompShg,MetalSd,MetalSd,BrkFace,0.0,TA,Gd,PConc,TA,TA,No,Unf,0.0,Unf,0.0,816.0,816.0,GasA,TA,Y,SBrkr,872.0,521.0,0.0,1393.0,0.0,0.0,1.0,1.0,3.0,1.0,TA,8.0,Typ,0.0,Gd,Attchd,1955.0,Unf,1.0,300.0,TA,TA,Y,121.0,0.0,0.0,0.0,265.0,0.0,Gd,MnPrv,Shed,0.0,4.0,2008.0,WD,Normal,135500.0,-0.5945489882147537,1.0,低
730.5,50.0,RL,70.0,9478.5,Pave,Grvl,IR1,Lvl,AllPub,Inside,Mod,NAmes,Norm,Norm,1Fam,1Story,6.0,5.0,1973.0,1994.0,Flat,Tar&Grv,Wd Sdng,Wd Sdng,BrkFace,0.0,Gd,Gd,PConc,TA,Gd,Gd,ALQ,383.5,Rec,0.0,477.5,991.5,GasA,Ex,Y,SBrkr,1087.0,0.0,0.0,1464.0,0.0,0.0,2.0,0.0,3.0,1.0,Gd,6.0,Typ,1.0,TA,Attchd,1978.0,Unf,2.0,480.0,TA,TA,Y,0.0,25.0,0.0,0.0,0.0,0.0,Gd,MnPrv,Shed,0.0,6.0,2008.0,WD,Normal,163000.0,-0.1736401122703021,2.0,中
890.0,20.0,RL,128.0,12160.0,Pave,Grvl,Reg,Lvl,AllPub,Inside,Gtl,NAmes,Feedr,Norm,1Fam,1Story,6.0,4.0,1953.0,1953.0,Hip,CompShg,Wd Sdng,Wd Sdng,BrkFace,90.0,TA,TA,CBlock,TA,TA,No,BLQ,1024.0,Unf,0.0,481.0,1505.0,GasA,Ex,Y,SBrkr,1505.0,0.0,0.0,1505.0,1.0,0.0,1.0,0.0,2.0,1.0,TA,6.0,Typ,1.0,TA,Attchd,1953.0,RFn,2.0,505.0,TA,TA,Y,0.0,0.0,0.0,162.0,0.0,0.0,Gd,MnPrv,Shed,0.0,2.0,2009.0,WD,Normal,149500.0,-0.38026810591576016,1.0,低
891.0,50.0,RL,60.0,8064.0,Pave,Grvl,Reg,Lvl,AllPub,Corner,Gtl,NAmes,Artery,Norm,1Fam,1.5Fin,5.0,7.0,1949.0,2006.0,Gable,CompShg,MetalSd,MetalSd,BrkFace,0.0,TA,Gd,CBlock,TA,TA,Mn,Unf,0.0,Unf,0.0,672.0,672.0,GasA,Ex,Y,SBrkr,672.0,252.0,0.0,924.0,0.0,0.0,1.0,0.0,3.0,1.0,TA,6.0,Typ,1.0,Po,Detchd,2003.0,Unf,2.0,576.0,TA,TA,Y,0.0,0.0,0.0,0.0,0.0,0.0,Gd,MnPrv,Shed,2000.0,7.0,2007.0,WD,Normal,122900.0,-0.7874017822838479,0.0,极低
892.0,60.0,RL,70.0,11184.0,Pave,Grvl,Reg,Lvl,AllPub,Inside,Gtl,Sawyer,Norm,Norm,1Fam,2Story,6.0,5.0,1978.0,1978.0,Hip,CompShg,HdBoard,HdBoard,BrkFace,92.0,TA,TA,CBlock,TA,TA,No,LwQ,226.0,Rec,500.0,192.0,918.0,GasA,Gd,Y,SBrkr,918.0,765.0,0.0,1683.0,0.0,0.0,2.0,1.0,3.0,1.0,TA,7.0,Typ,1.0,TA,Attchd,1978.0,RFn,2.0,440.0,TA,TA,Y,243.0,0.0,0.0,0.0,0.0,0.0,Gd,MnPrv,Shed,0.0,7.0,2009.0,WD,Normal,172500.0,-0.028235227853127914,3.0,高
893.0,20.0,RL,70.0,8414.0,Pave,Grvl,Reg,Lvl,AllPub,Inside,Gtl,Sawyer,Norm,Norm,1Fam,1Story,6.0,8.0,1963.0,2003.0,Hip,CompShg,HdBoard,HdBoard,BrkFace,0.0,TA,TA,CBlock,TA,TA,No,GLQ,663.0,Unf,0.0,396.0,1059.0,GasA,TA,Y,SBrkr,1068.0,0.0,0.0,1068.0,0.0,1.0,1.0,0.0,3.0,1.0,TA,6.0,Typ,0.0,Gd,Attchd,1963.0,RFn,1.0,264.0,TA,TA,Y,192.0,0.0,0.0,0.0,0.0,0.0,Gd,MnPrv,Shed,0.0,2.0,2006.0,WD,Normal,154500.0,-0.3037392193804053,2.0,中
894.0,20.0,RL,96.6,13284.0,Pave,Grvl,Reg,Lvl,AllPub,Inside,Gtl,Sawyer,PosN,Norm,1Fam,1Story,5.0,5.0,1954.0,1954.0,Gable,CompShg,Wd Sdng,Plywood,BrkFace,0.0,TA,TA,PConc,Gd,TA,Mn,BLQ,1064.0,Unf,0.0,319.0,1383.0,GasA,TA,Y,SBrkr,1383.0,0.0,0.0,1383.0,1.0,0.0,1.0,0.0,3.0,1.0,TA,6.0,Typ,1.0,Gd,Attchd,1954.0,Unf,1.0,354.0,TA,TA,Y,511.0,116.0,0.0,0.0,0.0,0.0,Gd,GdPrv,Shed,0.0,6.0,2008.0,WD,Normal,165000.0,-0.14302855765616015,2.0,中
895.0,90.0,RL,64.0,7018.0,Pave,Grvl,Reg,Bnk,AllPub,Inside,Gtl,SawyerW,Norm,Norm,Duplex,1Story,5.0,5.0,1979.0,1979.0,Gable,CompShg,Plywood,Plywood,BrkFace,0.0,TA,TA,Slab,TA,TA,No,Unf,0.0,Unf,0.0,0.0,0.0,GasA,TA,Y,SBrkr,1535.0,0.0,0.0,1535.0,0.0,0.0,2.0,0.0,4.0,2.0,TA,8.0,Typ,0.0,Gd,Attchd,1979.0,Unf,2.0,400.0,TA,TA,Y,0.0,0.0,0.0,0.0,0.0,0.0,Gd,MnPrv,Shed,0.0,6.0,2009.0,WD,Alloca,118858.0,-0.8492677341590288,0.0,极低
896.0,60.0,RL,71.0,7056.0,Pave,Grvl,Reg,Lvl,AllPub,Inside,Gtl,NAmes,Norm,Norm,1Fam,2Story,6.0,5.0,1963.0,1963.0,Hip,CompShg,HdBoard,HdBoard,BrkFace,415.0,TA,TA,CBlock,TA,TA,No,BLQ,400.0,Unf,0.0,380.0,780.0,GasA,TA,Y,SBrkr,983.0,813.0,0.0,1796.0,1.0,0.0,1.0,1.0,4.0,1.0,TA,8.0,Typ,1.0,TA,Attchd,1963.0,RFn,2.0,483.0,TA,TA,Y,0.0,50.0,0.0,0.0,0.0,0.0,Gd,MnPrv,Shed,0.0,10.0,2008.0,WD,Normal,140000.0,-0.5256729903329344,1.0,低
897.0,30.0,RM,50.0,8765.0,Pave,Grvl,Reg,Lvl,AllPub,Inside,Gtl,IDOTRR,Norm,Norm,1Fam,1Story,4.0,6.0,1936.0,1950.0,Gable,CompShg,Wd Sdng,Wd Sdng,BrkFace,0.0,TA,TA,BrkTil,TA,TA,No,ALQ,285.0,Unf,0.0,666.0,951.0,GasA,Ex,N,SBrkr,951.0,0.0,0.0,951.0,0.0,0.0,1.0,0.0,2.0,1.0,TA,6.0,Typ,0.0,Gd,Detchd,1936.0,Unf,1.0,327.0,TA,TA,Y,0.0,28.0,0.0,0.0,0.0,0.0,Gd,MnPrv,Shed,0.0,4.0,2006.0,WD,Abnorml,106500.0,-1.0384165301198118,0.0,极低
730.5,50.0,RL,70.0,9478.5,Pave,Grvl,Reg,Lvl,AllPub,Inside,Gtl,SawyerW,Feedr,Norm,Duplex,2Story,6.0,5.0,1973.0,1994.0,Gable,CompShg,Plywood,Plywood,BrkFace,0.0,TA,TA,Slab,TA,TA,No,Unf,383.5,Unf,0.0,477.5,991.5,GasA,TA,Y,SBrkr,1087.0,0.0,0.0,1464.0,0.0,0.0,2.0,0.0,3.0,1.0,TA,6.0,Typ,1.0,Gd,Detchd,1978.0,Unf,2.0,480.0,TA,TA,Y,0.0,25.0,0.0,0.0,0.0,0.0,Gd,MnPrv,Shed,0.0,6.0,2008.0,WD,Alloca,163000.0,-0.1736401122703021,2.0,中
730.5,50.0,RL,70.0,9478.5,Pave,Grvl,IR1,Lvl,AllPub,Inside,Gtl,NridgHt,Norm,Norm,1Fam,1Story,6.0,5.0,1973.0,1994.0,Hip,CompShg,VinylSd,VinylSd,Stone,0.0,Ex,TA,PConc,Ex,TA,Gd,GLQ,383.5,Unf,0.0,477.5,991.5,GasA,Ex,Y,SBrkr,1087.0,0.0,0.0,1464.0,0.0,0.0,2.0,0.0,3.0,1.0,Ex,6.0,Typ,1.0,Gd,Attchd,1978.0,Fin,2.0,480.0,TA,TA,Y,0.0,25.0,0.0,0.0,0.0,0.0,Gd,MnPrv,Shed,0.0,6.0,2008.0,New,Partial,163000.0,-0.1736401122703021,2.0,中
900.0,20.0,RL,65.0,6993.0,Pave,Grvl,Reg,Lvl,AllPub,Inside,Gtl,Sawyer,Feedr,Norm,1Fam,1Story,5.0,7.0,1961.0,1994.0,Gable,CompShg,HdBoard,Plywood,BrkFace,0.0,TA,TA,CBlock,TA,TA,No,BLQ,465.0,Unf,0.0,447.0,912.0,GasA,TA,Y,SBrkr,1236.0,0.0,0.0,1236.0,0.0,0.0,1.0,0.0,3.0,1.0,TA,6.0,Typ,1.0,TA,Attchd,1961.0,Unf,1.0,288.0,TA,TA,Y,0.0,0.0,0.0,0.0,0.0,0.0,Gd,MnPrv,Shed,0.0,6.0,2006.0,WD,Normal,135000.0,-0.6022018768682892,1.0,低
901.0,20.0,RL,65.0,7340.0,Pave,Grvl,IR1,Lvl,AllPub,Inside,Gtl,NAmes,Norm,Norm,1Fam,1Story,4.0,6.0,1971.0,1971.0,Gable,CompShg,HdBoard,HdBoard,BrkFace,0.0,TA,TA,CBlock,TA,TA,No,ALQ,322.0,Unf,0.0,536.0,858.0,GasA,TA,Y,SBrkr,858.0,0.0,0.0,858.0,0.0,0.0,1.0,0.0,2.0,1.0,TA,4.0,Typ,0.0,Gd,Detchd,1979.0,Unf,1.0,684.0,TA,TA,Y,0.0,0.0,0.0,0.0,0.0,0.0,Gd,MnPrv,Shed,0.0,6.0,2007.0,WD,Normal,110000.0,-0.9848463095450634,0.0,极低
902.0,20.0,RL,64.0,8712.0,Pave,Grvl,IR1,Lvl,AllPub,Inside,Gtl,NAmes,Norm,Norm,1Fam,1Story,5.0,7.0,1957.0,2000.0,Hip,CompShg,MetalSd,MetalSd,BrkFace,0.0,TA,Gd,CBlock,TA,TA,Mn,BLQ,860.0,Unf,0.0,132.0,992.0,GasA,TA,Y,SBrkr,1306.0,0.0,0.0,1306.0,1.0,0.0,1.0,0.0,2.0,1.0,TA,5.0,Typ,0.0,Gd,Detchd,1968.0,Unf,1.0,756.0,TA,TA,Y,0.0,0.0,0.0,0.0,0.0,0.0,Gd,MnPrv,Shed,0.0,5.0,2009.0,WD,Normal,153000.0,-0.3266978853410118,2.0,中
903.0,60.0,RL,63.0,7875.0,Pave,Grvl,Reg,Lvl,AllPub,Inside,Gtl,Gilbert,Norm,Norm,1Fam,2Story,7.0,5.0,2003.0,2003.0,Gable,CompShg,VinylSd,VinylSd,BrkFace,0.0,Gd,TA,PConc,Gd,TA,No,Unf,0.0,Unf,0.0,783.0,783.0,GasA,Ex,Y,SBrkr,807.0,702.0,0.0,1509.0,0.0,0.0,2.0,1.0,3.0,1.0,Gd,8.0,Typ,1.0,Gd,Attchd,2003.0,Fin,2.0,393.0,TA,TA,Y,0.0,75.0,0.0,0.0,0.0,0.0,Gd,MnPrv,Shed,0.0,7.0,2006.0,WD,Normal,180000.0,0.08655810194990435,3.0,高
904.0,20.0,RL,50.0,14859.0,Pave,Grvl,IR1,HLS,AllPub,CulDSac,Gtl,Gilbert,Norm,Norm,1Fam,1Story,7.0,5.0,2006.0,2006.0,Hip,CompShg,VinylSd,VinylSd,BrkFace,27.0,Gd,TA,PConc,Gd,TA,No,Unf,0.0,Unf,0.0,1670.0,1670.0,GasA,Ex,Y,SBrkr,1670.0,0.0,0.0,1670.0,0.0,0.0,2.0,0.0,3.0,1.0,Gd,7.0,Typ,1.0,Gd,Attchd,2006.0,RFn,3.0,690.0,TA,TA,Y,144.0,60.0,0.0,0.0,0.0,0.0,Gd,MnPrv,Shed,0.0,8.0,2006.0,New,Partial,240000.0,1.0049047403741624,4.0,极高
905.0,20.0,RL,62.0,6173.0,Pave,Grvl,IR1,Lvl,AllPub,Inside,Gtl,Sawyer,Norm,Norm,1Fam,1Story,5.0,6.0,1967.0,1967.0,Gable,CompShg,HdBoard,Wd Sdng,BrkFace,75.0,TA,TA,CBlock,TA,TA,No,GLQ,599.0,Unf,0.0,277.0,876.0,GasA,TA,Y,SBrkr,902.0,0.0,0.0,902.0,0.0,0.0,1.0,0.0,3.0,1.0,TA,6.0,Typ,0.0,Gd,Attchd,1967.0,Unf,1.0,288.0,TA,TA,Y,0.0,0.0,0.0,0.0,0.0,0.0,Gd,MnPrv,Shed,0.0,8.0,2007.0,WD,Normal,125500.0,-0.7476067612854633,0.0,极低
906.0,20.0,RL,80.0,9920.0,Pave,Grvl,Reg,Lvl,AllPub,Inside,Gtl,NAmes,Norm,Norm,1Fam,1Story,5.0,5.0,1954.0,1954.0,Gable,CompShg,HdBoard,HdBoard,Stone,110.0,TA,TA,CBlock,TA,TA,No,Rec,354.0,LwQ,290.0,412.0,1056.0,GasA,TA,Y,SBrkr,1063.0,0.0,0.0,1063.0,1.0,0.0,1.0,0.0,3.0,1.0,TA,6.0,Typ,0.0,Gd,Attchd,1954.0,RFn,1.0,280.0,TA,TA,Y,0.0,0.0,164.0,0.0,0.0,0.0,Gd,MnPrv,Shed,0.0,2.0,2010.0,WD,Normal,128000.0,-0.7093423180177859,1.0,低
907.0,20.0,RL,116.0,13501.0,Pave,Grvl,IR1,Lvl,AllPub,Corner,Gtl,Somerst,Norm,Norm,1Fam,1Story,8.0,5.0,2006.0,2006.0,Gable,CompShg,VinylSd,VinylSd,Stone,208.0,Gd,TA,PConc,Gd,TA,No,GLQ,63.0,Unf,0.0,1560.0,1623.0,GasA,Ex,Y,SBrkr,1636.0,0.0,0.0,1636.0,1.0,0.0,2.0,0.0,3.0,1.0,Gd,8.0,Typ,1.0,Gd,Attchd,2006.0,RFn,3.0,865.0,TA,TA,Y,0.0,60.0,0.0,0.0,0.0,0.0,Gd,MnPrv,Shed,0.0,6.0,2007.0,WD,Normal,255000.0,1.234491399980227,4.0,极高
908.0,50.0,RL,86.0,11500.0,Pave,Grvl,IR1,Lvl,AllPub,Inside,Gtl,Crawfor,Norm,Norm,1Fam,1.5Fin,7.0,7.0,1936.0,1987.0,Gable,CompShg,BrkFace,BrkFace,BrkFace,0.0,Gd,TA,CBlock,Gd,TA,No,Rec,223.0,Unf,0.0,794.0,1017.0,GasA,Gd,Y,SBrkr,1020.0,1037.0,0.0,2057.0,0.0,0.0,1.0,1.0,3.0,1.0,Gd,6.0,Typ,1.0,Gd,Attchd,1936.0,Fin,1.0,180.0,Fa,TA,Y,0.0,0.0,0.0,0.0,322.0,0.0,Gd,MnPrv,Shed,0.0,6.0,2006.0,WD,Normal,250000.0,1.157962513444872,4.0,极高
909.0,20.0,RL,64.4,8885.0,Pave,Grvl,IR1,Low,AllPub,Inside,Mod,Mitchel,Norm,Norm,1Fam,1Story,5.0,5.0,1983.0,1983.0,Gable,CompShg,HdBoard,HdBoard,BrkFace,0.0,TA,TA,CBlock,Gd,TA,Av,BLQ,301.0,ALQ,324.0,239.0,864.0,GasA,TA,Y,SBrkr,902.0,0.0,0.0,902.0,1.0,0.0,1.0,0.0,2.0,1.0,TA,5.0,Typ,0.0,Gd,Attchd,1983.0,Unf,2.0,484.0,TA,TA,Y,164.0,0.0,0.0,0.0,0.0,0.0,Gd,MnPrv,Shed,0.0,6.0,2006.0,WD,Normal,131000.0,-0.6634249860965731,1.0,低
910.0,60.0,RL,149.0,12589.0,Pave,Grvl,IR2,Lvl,AllPub,Inside,Gtl,Gilbert,Norm,Norm,1Fam,2Story,6.0,5.0,2005.0,2005.0,Gable,CompShg,VinylSd,VinylSd,BrkFace,0.0,Gd,TA,PConc,Gd,TA,No,Unf,0.0,Unf,0.0,742.0,742.0,GasA,Ex,Y,SBrkr,742.0,742.0,0.0,1484.0,0.0,0.0,2.0,1.0,3.0,1.0,Gd,8.0,Typ,1.0,Gd,Attchd,2005.0,Fin,2.0,390.0,TA,TA,Y,36.0,24.0,0.0,0.0,0.0,0.0,Gd,MnPrv,Shed,0.0,6.0,2009.0,WD,Normal,174000.0,-0.005276561892521462,3.0,高
730.5,50.0,RL,70.0,9478.5,Pave,Grvl,Reg,Lvl,AllPub,Corner,Gtl,NAmes,Feedr,Norm,Duplex,2Story,6.0,5.0,1973.0,1994.0,Gable,CompShg,MetalSd,MetalSd,BrkFace,0.0,TA,TA,CBlock,TA,TA,No,Rec,383.5,Unf,0.0,477.5,991.5,GasA,TA,Y,FuseA,1087.0,0.0,0.0,1464.0,0.0,0.0,2.0,0.0,3.0,1.0,TA,6.0,Typ,1.0,Gd,Detchd,1978.0,Unf,2.0,480.0,TA,TA,Y,0.0,25.0,0.0,0.0,0.0,0.0,Gd,MnPrv,Shed,0.0,6.0,2008.0,WD,Normal,163000.0,-0.1736401122703021,2.0,中
912.0,20.0,RL,75.4,9286.0,Pave,Grvl,IR1,Lvl,AllPub,CulDSac,Mod,CollgCr,Norm,Norm,1Fam,1Story,5.0,7.0,1977.0,1989.0,Gable,CompShg,HdBoard,Plywood,BrkFace,0.0,TA,TA,CBlock,Gd,Gd,Av,ALQ,196.0,Unf,0.0,1072.0,1268.0,GasA,TA,Y,SBrkr,1268.0,0.0,0.0,1268.0,0.0,0.0,1.0,1.0,3.0,1.0,Gd,5.0,Typ,0.0,Gd,Detchd,1978.0,Unf,1.0,252.0,TA,TA,Y,173.0,0.0,0.0,0.0,0.0,0.0,Gd,MnPrv,Shed,0.0,10.0,2009.0,WD,Normal,143500.0,-0.472102769758186,1.0,低
913.0,30.0,RM,51.0,6120.0,Pave,Grvl,Reg,Lvl,AllPub,Inside,Gtl,BrkSide,Norm,Norm,1Fam,1Story,5.0,7.0,1925.0,1950.0,Gable,CompShg,MetalSd,MetalSd,BrkFace,0.0,TA,TA,BrkTil,TA,TA,No,Rec,489.0,Unf,0.0,279.0,768.0,GasA,TA,N,SBrkr,1015.0,0.0,0.0,1015.0,0.0,0.0,1.0,0.0,3.0,1.0,TA,6.0,Min1,0.0,Gd,Detchd,1925.0,Unf,1.0,450.0,TA,TA,Y,0.0,0.0,112.0,0.0,120.0,0.0,Gd,MnPrv,Shed,620.0,7.0,2006.0,WD,Abnorml,88000.0,-1.3215734103006247,0.0,极低
914.0,90.0,RH,82.0,6270.0,Pave,Grvl,Reg,HLS,AllPub,Inside,Gtl,Crawfor,Norm,Norm,Duplex,2Story,5.0,6.0,1949.0,1950.0,Gable,CompShg,MetalSd,MetalSd,BrkFace,0.0,TA,TA,CBlock,TA,TA,No,BLQ,284.0,Unf,0.0,717.0,1001.0,GasA,TA,N,FuseA,1001.0,1001.0,0.0,2002.0,0.0,0.0,2.0,0.0,4.0,2.0,TA,8.0,Typ,0.0,Gd,2Types,1949.0,Unf,3.0,871.0,TA,TA,Y,0.0,0.0,0.0,0.0,0.0,0.0,Gd,MnPrv,Shed,0.0,8.0,2007.0,WD,Normal,145000.0,-0.4491441037975795,1.0,低
915.0,160.0,FV,30.0,3000.0,Pave,Pave,Reg,Lvl,AllPub,Inside,Gtl,Somerst,Norm,Norm,TwnhsE,2Story,6.0,5.0,2009.0,2009.0,Gable,CompShg,VinylSd,VinylSd,Stone,76.0,Gd,TA,PConc,Gd,TA,Av,GLQ,294.0,Unf,0.0,318.0,612.0,GasA,Ex,Y,SBrkr,612.0,612.0,0.0,1224.0,0.0,0.0,2.0,1.0,2.0,1.0,Gd,4.0,Typ,0.0,Gd,Detchd,2009.0,RFn,2.0,528.0,TA,TA,Y,0.0,234.0,0.0,0.0,0.0,0.0,Gd,MnPrv,Shed,0.0,6.0,2009.0,New,Partial,173733.0,-0.00936320443350941,3.0,高
916.0,160.0,RM,21.0,2001.0,Pave,Grvl,Reg,Lvl,AllPub,Inside,Gtl,MeadowV,Norm,Norm,Twnhs,2Story,4.0,5.0,1970.0,1970.0,Gable,CompShg,CemntBd,CmentBd,BrkFace,80.0,TA,TA,CBlock,TA,TA,No,Unf,0.0,Unf,0.0,546.0,546.0,GasA,Fa,Y,SBrkr,546.0,546.0,0.0,1092.0,0.0,0.0,1.0,1.0,3.0,1.0,TA,6.0,Typ,0.0,Gd,Attchd,1970.0,Unf,1.0,286.0,TA,TA,Y,0.0,0.0,0.0,0.0,0.0,0.0,Gd,MnPrv,Shed,0.0,1.0,2007.0,WD,Normal,75000.0,-1.5205485152925473,0.0,极低
917.0,20.0,C (all),50.0,9000.0,Pave,Grvl,Reg,Lvl,AllPub,Inside,Gtl,IDOTRR,Norm,Norm,1Fam,1Story,2.0,3.0,1949.0,1950.0,Gable,CompShg,AsbShng,AsbShng,BrkFace,0.0,TA,TA,CBlock,TA,TA,Av,BLQ,50.0,Unf,0.0,430.0,480.0,GasA,TA,N,FuseA,480.0,0.0,0.0,480.0,1.0,0.0,0.0,0.0,1.0,1.0,TA,4.0,Typ,0.0,Gd,Detchd,1958.0,Unf,1.0,308.0,TA,TA,Y,0.0,0.0,0.0,0.0,0.0,0.0,Gd,MnPrv,Shed,0.0,10.0,2006.0,WD,Abnorml,35311.0,-2.1280195108328868,0.0,极低
918.0,20.0,RL,72.0,17140.0,Pave,Grvl,Reg,Lvl,AllPub,Inside,Gtl,Edwards,Norm,Norm,1Fam,1Story,4.0,6.0,1956.0,1956.0,Gable,CompShg,VinylSd,VinylSd,BrkFace,0.0,TA,TA,CBlock,TA,TA,No,ALQ,1059.0,Unf,0.0,75.0,1134.0,GasA,Ex,Y,FuseA,1229.0,0.0,0.0,1229.0,0.0,0.0,1.0,0.0,3.0,1.0,TA,6.0,Typ,0.0,Gd,Attchd,1956.0,RFn,1.0,284.0,TA,TA,Y,0.0,0.0,0.0,0.0,0.0,0.0,Gd,MnPrv,Shed,0.0,4.0,2009.0,WD,Normal,135000.0,-0.6022018768682892,1.0,低
730.5,50.0,RL,70.0,9478.5,Pave,Grvl,IR1,Lvl,AllPub,Corner,Gtl,SawyerW,Norm,Norm,1Fam,2Story,6.0,5.0,1973.0,1994.0,Gable,CompShg,HdBoard,HdBoard,BrkFace,0.0,Gd,TA,PConc,Ex,TA,Mn,BLQ,383.5,GLQ,0.0,477.5,991.5,GasA,Ex,Y,SBrkr,1087.0,0.0,0.0,1464.0,0.0,0.0,2.0,0.0,3.0,1.0,Gd,6.0,Typ,1.0,TA,Attchd,1978.0,RFn,2.0,480.0,TA,TA,Y,0.0,25.0,0.0,0.0,0.0,0.0,Gd,GdPrv,Shed,0.0,6.0,2008.0,WD,Normal,163000.0,-0.1736401122703021,2.0,中
920.0,20.0,RL,87.0,11029.0,Pave,Grvl,IR1,Lvl,AllPub,Corner,Gtl,NAmes,Norm,Norm,1Fam,1Story,6.0,8.0,1958.0,2002.0,Hip,CompShg,MetalSd,MetalSd,BrkFace,0.0,Ex,TA,CBlock,Gd,TA,No,ALQ,528.0,BLQ,411.0,245.0,1184.0,GasA,Ex,Y,SBrkr,1414.0,0.0,0.0,1414.0,1.0,0.0,1.0,0.0,3.0,1.0,TA,6.0,Min1,1.0,TA,Attchd,1990.0,Unf,2.0,601.0,TA,TA,Y,0.0,51.0,0.0,0.0,190.0,0.0,Gd,MnPrv,Shed,0.0,5.0,2008.0,WD,Normal,176500.0,0.03298788137515596,3.0,高
921.0,60.0,RL,70.0,8462.0,Pave,Grvl,IR1,Lvl,AllPub,Inside,Gtl,SawyerW,Norm,Norm,1Fam,2Story,6.0,5.0,1994.0,1994.0,Gable,CompShg,HdBoard,HdBoard,BrkFace,105.0,Gd,Gd,PConc,Gd,Gd,No,GLQ,814.0,Unf,0.0,114.0,928.0,GasA,Ex,Y,SBrkr,936.0,785.0,0.0,1721.0,0.0,1.0,2.0,1.0,3.0,1.0,Gd,7.0,Typ,0.0,Gd,Attchd,1994.0,RFn,2.0,471.0,TA,TA,Y,300.0,87.0,0.0,0.0,0.0,0.0,Gd,MnPrv,Shed,0.0,7.0,2007.0,WD,Normal,201000.0,0.40797942539839466,3.0,高
730.5,50.0,RL,70.0,9478.5,Pave,Grvl,Reg,Lvl,AllPub,Inside,Gtl,Edwards,Feedr,Norm,Duplex,1.5Fin,6.0,5.0,1973.0,1994.0,Gable,CompShg,MetalSd,MetalSd,BrkFace,0.0,TA,TA,CBlock,TA,TA,No,ALQ,383.5,Unf,0.0,477.5,991.5,GasA,Gd,Y,SBrkr,1087.0,0.0,0.0,1464.0,0.0,0.0,2.0,0.0,3.0,1.0,TA,6.0,Typ,1.0,Gd,Attchd,1978.0,Unf,2.0,480.0,TA,TA,N,0.0,25.0,0.0,0.0,0.0,0.0,Gd,GdPrv,Shed,0.0,6.0,2008.0,WD,Normal,163000.0,-0.1736401122703021,2.0,中
923.0,20.0,RL,65.0,10237.0,Pave,Grvl,Reg,Lvl,AllPub,Inside,Gtl,Gilbert,RRAn,Norm,1Fam,1Story,6.0,5.0,2005.0,2006.0,Gable,CompShg,VinylSd,VinylSd,BrkFace,0.0,Gd,TA,PConc,Gd,TA,No,GLQ,28.0,Unf,0.0,1288.0,1316.0,GasA,Ex,Y,SBrkr,1316.0,0.0,0.0,1316.0,0.0,0.0,2.0,0.0,3.0,1.0,Gd,6.0,Typ,1.0,Gd,Attchd,2005.0,Fin,2.0,397.0,TA,TA,Y,100.0,0.0,0.0,23.0,0.0,0.0,Gd,MnPrv,Shed,0.0,10.0,2006.0,New,Partial,169990.0,-0.06665272889387604,2.0,中
924.0,120.0,RL,50.0,8012.0,Pave,Grvl,Reg,Lvl,AllPub,Inside,Gtl,SawyerW,Norm,Norm,TwnhsE,1Story,6.0,5.0,1993.0,1994.0,Gable,CompShg,Plywood,Plywood,BrkFace,0.0,Gd,TA,PConc,Gd,TA,No,LwQ,165.0,GLQ,841.0,598.0,1604.0,GasA,Ex,Y,SBrkr,1617.0,0.0,0.0,1617.0,1.0,0.0,2.0,0.0,2.0,1.0,Gd,5.0,Typ,1.0,Fa,Attchd,1993.0,RFn,2.0,533.0,TA,TA,Y,0.0,69.0,0.0,0.0,0.0,0.0,Gd,MnPrv,Shed,0.0,7.0,2008.0,WD,Normal,193000.0,0.28553320694182693,3.0,高
925.0,20.0,RL,79.0,10240.0,Pave,Grvl,Reg,Lvl,AllPub,Inside,Gtl,NWAmes,Norm,Norm,1Fam,1Story,6.0,6.0,1980.0,1980.0,Gable,CompShg,Plywood,Plywood,BrkFace,157.0,TA,Gd,CBlock,Gd,TA,No,BLQ,625.0,LwQ,1061.0,0.0,1686.0,GasA,TA,Y,SBrkr,1686.0,0.0,0.0,1686.0,1.0,0.0,2.0,0.0,3.0,1.0,TA,7.0,Typ,1.0,TA,Attchd,1980.0,Unf,2.0,612.0,TA,TA,Y,384.0,131.0,0.0,0.0,0.0,0.0,Gd,MnPrv,Shed,0.0,5.0,2006.0,WD,Normal,207500.0,0.5074669778943559,3.0,高
926.0,20.0,RL,88.2,15611.0,Pave,Grvl,IR1,Lvl,AllPub,Corner,Gtl,NWAmes,Norm,Norm,1Fam,1Story,5.0,6.0,1977.0,1977.0,Gable,CompShg,VinylSd,VinylSd,BrkFace,0.0,TA,TA,PConc,Gd,TA,Av,ALQ,767.0,LwQ,93.0,266.0,1126.0,GasA,TA,Y,SBrkr,1126.0,0.0,0.0,1126.0,0.0,1.0,2.0,0.0,3.0,1.0,Ex,6.0,Typ,0.0,Gd,Attchd,1977.0,RFn,2.0,540.0,TA,TA,Y,180.0,0.0,0.0,0.0,0.0,0.0,Gd,MnPrv,Shed,0.0,3.0,2008.0,WD,Abnorml,175000.0,0.010029215414549505,3.0,高
927.0,60.0,RL,93.0,11999.0,Pave,Grvl,Reg,Lvl,AllPub,Inside,Gtl,NridgHt,Norm,Norm,1Fam,2Story,8.0,5.0,2003.0,2004.0,Hip,CompShg,VinylSd,VinylSd,BrkFace,340.0,Gd,TA,PConc,Gd,TA,No,Unf,0.0,Unf,0.0,1181.0,1181.0,GasA,Ex,Y,SBrkr,1234.0,1140.0,0.0,2374.0,0.0,0.0,2.0,1.0,4.0,1.0,Ex,10.0,Typ,1.0,Gd,BuiltIn,2003.0,Fin,3.0,656.0,TA,TA,Y,104.0,100.0,0.0,0.0,0.0,0.0,Gd,MnPrv,Shed,0.0,5.0,2007.0,WD,Normal,285000.0,1.693664719192356,4.0,极高
928.0,60.0,RL,78.6,9900.0,Pave,Grvl,Reg,Lvl,AllPub,Inside,Gtl,NWAmes,Feedr,Norm,1Fam,2Story,7.0,5.0,1968.0,1968.0,Gable,CompShg,MetalSd,MetalSd,BrkFace,342.0,TA,TA,CBlock,TA,TA,No,BLQ,552.0,Unf,0.0,280.0,832.0,GasA,Gd,Y,SBrkr,1098.0,880.0,0.0,1978.0,0.0,0.0,2.0,1.0,4.0,1.0,TA,9.0,Typ,1.0,Gd,Attchd,1968.0,RFn,2.0,486.0,TA,TA,Y,0.0,43.0,0.0,0.0,0.0,0.0,Gd,GdPrv,Shed,0.0,4.0,2008.0,WD,Normal,176000.0,0.025334992721620472,3.0,高
929.0,20.0,RL,87.2,11838.0,Pave,Grvl,Reg,Lvl,AllPub,Inside,Gtl,CollgCr,Norm,Norm,1Fam,1Story,8.0,5.0,2001.0,2001.0,Hip,CompShg,VinylSd,VinylSd,BrkFace,0.0,Gd,TA,PConc,Gd,TA,Av,Unf,0.0,Unf,0.0,1753.0,1753.0,GasA,Ex,Y,SBrkr,1788.0,0.0,0.0,1788.0,0.0,0.0,2.0,0.0,3.0,1.0,Ex,7.0,Typ,1.0,TA,Attchd,2001.0,RFn,2.0,522.0,TA,TA,Y,202.0,151.0,0.0,0.0,0.0,0.0,Gd,MnPrv,Shed,0.0,6.0,2009.0,WD,Normal,236500.0,0.951334519799414,4.0,极高
930.0,60.0,RL,80.0,13006.0,Pave,Grvl,IR1,Lvl,AllPub,Corner,Gtl,Gilbert,Norm,Norm,1Fam,2Story,7.0,5.0,1997.0,1997.0,Gable,CompShg,HdBoard,HdBoard,BrkFace,285.0,TA,TA,PConc,Gd,TA,No,Unf,0.0,Unf,0.0,964.0,964.0,GasA,Gd,Y,SBrkr,993.0,1243.0,0.0,2236.0,0.0,0.0,2.0,1.0,4.0,1.0,Gd,8.0,Typ,1.0,TA,BuiltIn,1997.0,Fin,2.0,642.0,TA,TA,Y,0.0,0.0,0.0,0.0,0.0,0.0,Gd,MnPrv,Shed,0.0,11.0,2006.0,WD,Normal,222000.0,0.729400748846885,4.0,极高
931.0,20.0,RL,73.0,8925.0,Pave,Grvl,IR1,HLS,AllPub,Inside,Gtl,Timber,Norm,Norm,1Fam,1Story,8.0,5.0,2007.0,2007.0,Gable,CompShg,VinylSd,VinylSd,BrkFace,0.0,Gd,TA,PConc,Gd,TA,Av,GLQ,16.0,Unf,0.0,1450.0,1466.0,GasA,Ex,Y,SBrkr,1466.0,0.0,0.0,1466.0,0.0,0.0,2.0,0.0,3.0,1.0,Gd,7.0,Typ,0.0,Gd,Attchd,2007.0,Fin,3.0,610.0,TA,TA,Y,100.0,18.0,0.0,0.0,0.0,0.0,Gd,MnPrv,Shed,0.0,7.0,2009.0,WD,Normal,201000.0,0.40797942539839466,3.0,高
932.0,20.0,RL,70.0,9100.0,Pave,Grvl,Reg,Lvl,AllPub,Inside,Gtl,NAmes,Norm,Norm,1Fam,1Story,5.0,6.0,1965.0,1965.0,Gable,CompShg,VinylSd,VinylSd,BrkFace,0.0,TA,TA,CBlock,TA,TA,No,BLQ,338.0,Rec,466.0,121.0,925.0,GasA,Ex,Y,SBrkr,925.0,0.0,0.0,925.0,0.0,1.0,1.0,0.0,2.0,1.0,TA,5.0,Typ,0.0,Gd,Detchd,1965.0,Unf,1.0,429.0,TA,TA,Y,0.0,0.0,0.0,0.0,0.0,0.0,Gd,GdWo,Shed,0.0,7.0,2009.0,WD,Normal,117500.0,-0.8700529797420311,0.0,极低
933.0,20.0,RL,84.0,11670.0,Pave,Grvl,IR1,Lvl,AllPub,Corner,Gtl,Somerst,RRNn,Norm,1Fam,1Story,9.0,5.0,2006.0,2006.0,Hip,CompShg,VinylSd,ImStucc,Stone,302.0,Ex,TA,PConc,Ex,Gd,No,Unf,0.0,Unf,0.0,1905.0,1905.0,GasA,Ex,Y,SBrkr,1905.0,0.0,0.0,1905.0,0.0,0.0,2.0,0.0,3.0,1.0,Ex,8.0,Typ,1.0,Gd,Attchd,2006.0,Fin,3.0,788.0,TA,TA,Y,0.0,191.0,0.0,0.0,0.0,0.0,Gd,MnPrv,Shed,0.0,3.0,2007.0,WD,Normal,320000.0,2.2293669249398396,4.0,极高
934.0,20.0,RL,63.0,8487.0,Pave,Grvl,Reg,Lvl,AllPub,FR2,Gtl,CollgCr,Norm,Norm,1Fam,1Story,7.0,5.0,2004.0,2004.0,Gable,CompShg,VinylSd,VinylSd,BrkFace,210.0,Gd,TA,PConc,Gd,TA,Av,GLQ,20.0,Unf,0.0,1480.0,1500.0,GasA,Ex,Y,SBrkr,1500.0,0.0,0.0,1500.0,0.0,0.0,2.0,0.0,3.0,1.0,Gd,6.0,Typ,0.0,Gd,Attchd,2004.0,RFn,2.0,570.0,TA,TA,Y,192.0,36.0,0.0,0.0,0.0,0.0,Gd,MnPrv,Shed,0.0,8.0,2009.0,WD,Normal,190000.0,0.23961587502061402,3.0,高
935.0,20.0,RL,313.0,27650.0,Pave,Grvl,IR2,HLS,AllPub,Inside,Mod,NAmes,PosA,Norm,1Fam,1Story,7.0,7.0,1960.0,2007.0,Flat,Tar&Grv,Wd Sdng,Wd Sdng,BrkFace,0.0,TA,TA,CBlock,Gd,TA,Gd,GLQ,425.0,Unf,0.0,160.0,585.0,GasA,Ex,Y,SBrkr,2069.0,0.0,0.0,2069.0,1.0,0.0,2.0,0.0,4.0,1.0,Gd,9.0,Typ,1.0,Gd,Attchd,1960.0,RFn,2.0,505.0,TA,TA,Y,0.0,0.0,0.0,0.0,0.0,0.0,Gd,MnPrv,Shed,0.0,11.0,2008.0,WD,Normal,242000.0,1.0355162949883043,4.0,极高
936.0,30.0,RL,52.0,5825.0,Pave,Grvl,IR1,Lvl,AllPub,Inside,Gtl,BrkSide,Norm,Norm,1Fam,1Story,4.0,5.0,1926.0,1953.0,Gable,CompShg,MetalSd,MetalSd,BrkFace,108.0,TA,Gd,PConc,Fa,TA,Mn,Unf,0.0,Unf,0.0,600.0,600.0,GasA,Gd,Y,SBrkr,747.0,0.0,0.0,747.0,0.0,0.0,1.0,0.0,1.0,1.0,TA,5.0,Typ,0.0,Gd,Detchd,1953.0,Unf,2.0,528.0,TA,TA,Y,0.0,0.0,32.0,0.0,0.0,0.0,Gd,MnPrv,Shed,0.0,6.0,2006.0,WD,Normal,79900.0,-1.4455502064878996,0.0,极低
937.0,20.0,RL,67.0,10083.0,Pave,Grvl,Reg,Lvl,AllPub,Inside,Gtl,SawyerW,Norm,Norm,1Fam,1Story,7.0,5.0,2003.0,2003.0,Gable,CompShg,VinylSd,VinylSd,BrkFace,75.6,Gd,TA,PConc,Gd,TA,No,GLQ,833.0,Unf,0.0,343.0,1176.0,GasA,Ex,Y,SBrkr,1200.0,0.0,0.0,1200.0,1.0,0.0,2.0,0.0,2.0,1.0,Gd,5.0,Typ,0.0,Gd,Attchd,2003.0,RFn,2.0,555.0,TA,TA,Y,0.0,41.0,0.0,0.0,0.0,0.0,Gd,MnPrv,Shed,0.0,8.0,2009.0,WD,Normal,184900.0,0.16155641075455207,3.0,高
938.0,60.0,RL,75.0,9675.0,Pave,Grvl,Reg,Lvl,AllPub,Inside,Gtl,Somerst,Norm,Norm,1Fam,2Story,7.0,5.0,2005.0,2005.0,Gable,CompShg,VinylSd,VinylSd,BrkFace,0.0,Gd,TA,PConc,Gd,TA,Mn,GLQ,341.0,Unf,0.0,772.0,1113.0,GasA,Ex,Y,SBrkr,1113.0,858.0,0.0,1971.0,0.0,0.0,2.0,1.0,3.0,1.0,Gd,8.0,Typ,1.0,Gd,Attchd,2005.0,RFn,2.0,689.0,TA,TA,Y,0.0,48.0,0.0,0.0,0.0,0.0,Gd,MnPrv,Shed,0.0,2.0,2009.0,WD,Normal,253000.0,1.203879845366085,4.0,极高
939.0,60.0,RL,73.0,8760.0,Pave,Grvl,Reg,Lvl,AllPub,Inside,Gtl,CollgCr,Norm,Norm,1Fam,2Story,7.0,5.0,2006.0,2006.0,Gable,CompShg,VinylSd,VinylSd,BrkFace,0.0,Gd,TA,PConc,Gd,Gd,Mn,GLQ,464.0,Unf,0.0,927.0,1391.0,GasA,Ex,Y,SBrkr,1391.0,571.0,0.0,1962.0,0.0,0.0,2.0,1.0,3.0,1.0,Gd,7.0,Typ,0.0,Gd,Attchd,2006.0,RFn,3.0,868.0,TA,TA,Y,0.0,90.0,0.0,0.0,0.0,0.0,Gd,MnPrv,Shed,0.0,8.0,2006.0,New,Partial,239799.0,1.0018282791354411,4.0,极高
940.0,70.0,RL,119.4,24090.0,Pave,Grvl,Reg,Lvl,AllPub,Inside,Gtl,ClearCr,Norm,Norm,1Fam,2Story,7.0,7.0,1940.0,1950.0,Gable,CompShg,MetalSd,MetalSd,BrkFace,0.0,TA,Gd,CBlock,TA,TA,Mn,Unf,0.0,Unf,0.0,1032.0,1032.0,GasA,Ex,Y,SBrkr,1207.0,1196.0,0.0,2403.0,0.0,0.0,2.0,0.0,4.0,1.0,TA,10.0,Typ,2.0,TA,Attchd,1940.0,Unf,1.0,349.0,TA,TA,Y,56.0,0.0,318.0,0.0,0.0,0.0,Gd,MnPrv,Shed,0.0,6.0,2010.0,COD,Normal,244400.0,1.0722501605252746,4.0,极高
941.0,90.0,RL,55.0,12640.0,Pave,Grvl,IR1,Lvl,AllPub,Inside,Gtl,Mitchel,Norm,Norm,Duplex,1Story,6.0,5.0,1976.0,1976.0,Gable,CompShg,Plywood,Plywood,BrkFace,0.0,TA,TA,CBlock,TA,TA,Gd,Rec,936.0,LwQ,396.0,396.0,1728.0,GasA,TA,Y,SBrkr,1728.0,0.0,0.0,1728.0,0.0,0.0,2.0,0.0,4.0,2.0,TA,8.0,Typ,0.0,Gd,Attchd,1976.0,Unf,2.0,574.0,TA,TA,Y,40.0,0.0,0.0,0.0,0.0,0.0,Gd,MnPrv,Shed,0.0,7.0,2006.0,WD,Normal,150900.0,-0.3588400176858608,1.0,低
942.0,60.0,RL,75.2,8755.0,Pave,Grvl,IR1,Lvl,AllPub,FR2,Gtl,Gilbert,RRNn,Norm,1Fam,2Story,7.0,5.0,1999.0,1999.0,Gable,CompShg,VinylSd,VinylSd,BrkFace,298.0,Gd,TA,PConc,Gd,TA,No,ALQ,772.0,Unf,0.0,220.0,992.0,GasA,Ex,Y,SBrkr,1022.0,1038.0,0.0,2060.0,1.0,0.0,2.0,1.0,3.0,1.0,Gd,8.0,Typ,1.0,TA,BuiltIn,1999.0,RFn,2.0,390.0,TA,TA,Y,0.0,0.0,0.0,168.0,0.0,0.0,Gd,GdPrv,Shed,0.0,6.0,2009.0,WD,Normal,214000.0,0.6069545303903172,3.0,高
730.5,50.0,RL,70.0,9478.5,Pave,Grvl,IR1,Lvl,AllPub,Inside,Gtl,Edwards,Norm,Norm,Duplex,1Story,6.0,5.0,1973.0,1994.0,Gable,CompShg,MetalSd,MetalSd,BrkFace,0.0,TA,TA,PConc,Gd,TA,Gd,GLQ,383.5,Unf,0.0,477.5,991.5,GasA,TA,Y,SBrkr,1087.0,0.0,0.0,1464.0,0.0,0.0,2.0,0.0,3.0,1.0,TA,6.0,Typ,1.0,Gd,Attchd,1978.0,Unf,2.0,480.0,TA,TA,N,0.0,25.0,0.0,0.0,0.0,0.0,Gd,MnPrv,Shed,0.0,6.0,2008.0,Oth,Abnorml,163000.0,-0.1736401122703021,2.0,中
944.0,90.0,RL,100.0,25000.0,Pave,Grvl,Reg,Low,AllPub,Inside,Gtl,Mitchel,Norm,Norm,Duplex,1Story,5.0,4.0,1967.0,1967.0,Gable,CompShg,HdBoard,Plywood,BrkFace,0.0,TA,TA,CBlock,TA,TA,Av,Unf,0.0,Unf,0.0,1632.0,1632.0,GasA,TA,Y,SBrkr,1632.0,0.0,0.0,1632.0,0.0,0.0,2.0,0.0,4.0,2.0,TA,8.0,Typ,0.0,Gd,Attchd,1967.0,Unf,2.0,576.0,TA,TA,P,0.0,0.0,0.0,0.0,0.0,0.0,Gd,MnPrv,Shed,0.0,6.0,2007.0,WD,Normal,143000.0,-0.47975565841172146,1.0,低
730.5,50.0,RL,70.0,9478.5,Pave,Grvl,IR1,Lvl,NoSeWa,CulDSac,Gtl,Timber,Norm,Norm,1Fam,SLvl,6.0,5.0,1973.0,1994.0,Gable,CompShg,HdBoard,HdBoard,BrkFace,0.0,TA,TA,CBlock,TA,TA,No,GLQ,383.5,Rec,0.0,477.5,991.5,GasA,Gd,Y,FuseA,1087.0,0.0,0.0,1464.0,0.0,0.0,2.0,0.0,3.0,1.0,Gd,6.0,Typ,1.0,Gd,Basment,1978.0,RFn,2.0,480.0,TA,TA,Y,0.0,25.0,0.0,0.0,0.0,0.0,Gd,MnPrv,Shed,0.0,6.0,2008.0,COD,Abnorml,163000.0,-0.1736401122703021,2.0,中
946.0,50.0,RM,98.0,8820.0,Pave,Grvl,Reg,Lvl,AllPub,Corner,Gtl,OldTown,Norm,Norm,1Fam,1.5Fin,5.0,6.0,1890.0,1996.0,Hip,CompShg,VinylSd,VinylSd,BrkFace,0.0,TA,TA,BrkTil,TA,TA,No,LwQ,1088.0,Unf,0.0,0.0,1088.0,GasA,TA,Y,SBrkr,1188.0,561.0,120.0,1869.0,0.0,0.0,1.0,0.0,2.0,1.0,TA,7.0,Typ,0.0,Gd,Detchd,1963.0,Unf,2.0,456.0,TA,TA,Y,48.0,0.0,244.0,0.0,0.0,0.0,Gd,MnWw,Shed,0.0,9.0,2009.0,WD,Normal,124900.0,-0.7567902276697059,0.0,极低
947.0,80.0,RL,70.0,8163.0,Pave,Grvl,Reg,Lvl,AllPub,Inside,Gtl,NAmes,Norm,Norm,1Fam,SLvl,5.0,6.0,1959.0,1959.0,Gable,CompShg,HdBoard,HdBoard,BrkFace,128.0,TA,Gd,CBlock,TA,TA,Av,ALQ,748.0,BLQ,294.0,102.0,1144.0,GasA,TA,Y,SBrkr,1144.0,0.0,0.0,1144.0,1.0,0.0,1.0,0.0,3.0,1.0,TA,6.0,Typ,1.0,TA,Attchd,1959.0,RFn,1.0,796.0,TA,TA,Y,86.0,0.0,0.0,0.0,0.0,0.0,Gd,MnPrv,Shed,0.0,3.0,2006.0,WD,Normal,143000.0,-0.47975565841172146,1.0,低
948.0,20.0,RL,85.0,14536.0,Pave,Grvl,Reg,Lvl,AllPub,Inside,Gtl,Timber,Norm,Norm,1Fam,1Story,8.0,5.0,2002.0,2003.0,Hip,CompShg,VinylSd,VinylSd,BrkFace,236.0,Gd,TA,PConc,Gd,TA,Av,GLQ,1300.0,Unf,0.0,316.0,1616.0,GasA,Ex,Y,SBrkr,1629.0,0.0,0.0,1629.0,1.0,0.0,2.0,0.0,3.0,1.0,Gd,9.0,Typ,1.0,Gd,Attchd,2002.0,Fin,3.0,808.0,TA,TA,Y,0.0,252.0,0.0,0.0,0.0,0.0,Gd,MnPrv,Shed,0.0,11.0,2007.0,WD,Normal,270000.0,1.4640780595862914,4.0,极高
949.0,60.0,RL,65.0,14006.0,Pave,Grvl,IR1,Lvl,AllPub,Inside,Gtl,CollgCr,Norm,Norm,1Fam,2Story,7.0,5.0,2002.0,2002.0,Gable,CompShg,VinylSd,VinylSd,BrkFace,144.0,Gd,TA,PConc,Gd,TA,No,Unf,0.0,Unf,0.0,936.0,936.0,GasA,Ex,Y,SBrkr,936.0,840.0,0.0,1776.0,0.0,0.0,2.0,1.0,3.0,1.0,Gd,7.0,Typ,1.0,TA,Attchd,2002.0,RFn,2.0,474.0,TA,TA,Y,144.0,96.0,0.0,0.0,0.0,0.0,Gd,MnPrv,Shed,0.0,2.0,2006.0,WD,Normal,192500.0,0.2778803182882914,3.0,高
950.0,20.0,RL,78.0,9360.0,Pave,Grvl,Reg,Lvl,AllPub,Inside,Gtl,NWAmes,Norm,Norm,1Fam,1Story,6.0,7.0,1972.0,2006.0,Hip,CompShg,Plywood,Plywood,BrkFace,0.0,TA,TA,CBlock,TA,TA,No,ALQ,982.0,Unf,0.0,179.0,1161.0,GasA,TA,Y,SBrkr,1381.0,0.0,0.0,1381.0,1.0,0.0,1.0,1.0,3.0,1.0,Gd,5.0,Typ,1.0,TA,Attchd,1972.0,RFn,2.0,676.0,TA,TA,Y,0.0,0.0,0.0,0.0,0.0,0.0,Gd,MnPrv,Shed,0.0,3.0,2010.0,WD,Normal,197500.0,0.3544092048236463,3.0,高
951.0,20.0,RL,60.0,7200.0,Pave,Grvl,Reg,Lvl,AllPub,Inside,Gtl,NAmes,Norm,Norm,1Fam,1Story,5.0,8.0,1950.0,2002.0,Gable,CompShg,VinylSd,VinylSd,BrkFace,0.0,TA,TA,CBlock,TA,TA,No,ALQ,398.0,BLQ,149.0,317.0,864.0,GasA,Gd,Y,SBrkr,864.0,0.0,0.0,864.0,1.0,0.0,1.0,0.0,3.0,1.0,Gd,5.0,Typ,0.0,Gd,Detchd,1980.0,RFn,2.0,720.0,TA,TA,Y,194.0,0.0,0.0,0.0,0.0,0.0,Gd,MnPrv,Shed,0.0,7.0,2007.0,WD,Normal,129000.0,-0.694036540710715,1.0,低
952.0,20.0,RH,60.0,7800.0,Pave,Grvl,Reg,Lvl,AllPub,Corner,Gtl,SawyerW,Norm,Norm,1Fam,1Story,5.0,5.0,1965.0,1965.0,Gable,CompShg,VinylSd,VinylSd,BrkFace,0.0,TA,TA,CBlock,TA,TA,No,BLQ,641.0,Unf,0.0,187.0,828.0,GasA,Gd,Y,SBrkr,965.0,0.0,0.0,965.0,1.0,0.0,1.0,0.0,3.0,1.0,TA,6.0,Typ,0.0,Gd,Detchd,1979.0,Unf,1.0,300.0,TA,TA,Y,421.0,0.0,0.0,0.0,0.0,0.0,Gd,MnPrv,Shed,0.0,7.0,2006.0,WD,Abnorml,119900.0,-0.8333191142050608,0.0,极低
953.0,85.0,RL,60.0,7200.0,Pave,Grvl,Reg,Lvl,AllPub,Inside,Gtl,CollgCr,Norm,Norm,1Fam,SFoyer,5.0,8.0,1972.0,2003.0,Gable,CompShg,WdShing,HdBoard,BrkFace,0.0,TA,Gd,CBlock,Gd,TA,Av,GLQ,660.0,Unf,0.0,108.0,768.0,GasA,Gd,Y,SBrkr,768.0,0.0,0.0,768.0,0.0,1.0,1.0,0.0,2.0,1.0,TA,5.0,Typ,0.0,Gd,Detchd,1974.0,Fin,1.0,396.0,TA,TA,Y,192.0,0.0,0.0,0.0,0.0,0.0,Gd,MnPrv,Shed,0.0,4.0,2009.0,WD,Normal,133900.0,-0.6190382319060672,1.0,低
954.0,60.0,RL,67.8,11075.0,Pave,Grvl,IR1,Lvl,AllPub,Inside,Mod,Mitchel,Norm,Norm,1Fam,2Story,5.0,4.0,1969.0,1969.0,Gable,CompShg,HdBoard,HdBoard,BrkFace,232.0,TA,TA,CBlock,TA,TA,Av,ALQ,562.0,LwQ,193.0,29.0,784.0,GasA,Ex,Y,SBrkr,1168.0,800.0,0.0,1968.0,0.0,1.0,2.0,1.0,4.0,1.0,TA,7.0,Min2,1.0,Po,Attchd,1969.0,RFn,2.0,530.0,TA,TA,Y,305.0,189.0,0.0,0.0,0.0,0.0,Gd,MnPrv,Shed,400.0,9.0,2008.0,WD,Normal,172000.0,-0.035888116506663396,3.0,高
730.5,50.0,RL,70.0,9478.5,Pave,Grvl,IR1,Lvl,AllPub,CulDSac,Gtl,Edwards,Norm,Norm,Duplex,SFoyer,6.0,5.0,1973.0,1994.0,Flat,Tar&Grv,WdShing,Plywood,BrkFace,0.0,TA,TA,CBlock,Gd,Gd,Gd,GLQ,383.5,Unf,0.0,477.5,991.5,GasA,TA,Y,SBrkr,1087.0,0.0,0.0,1464.0,0.0,0.0,2.0,0.0,3.0,1.0,TA,6.0,Typ,1.0,Gd,Attchd,1978.0,Unf,2.0,480.0,TA,TA,Y,0.0,25.0,0.0,0.0,0.0,0.0,Gd,MnPrv,Shed,0.0,6.0,2008.0,WD,AdjLand,163000.0,-0.1736401122703021,2.0,中
956.0,90.0,RH,82.0,7136.0,Pave,Grvl,IR1,HLS,AllPub,Inside,Gtl,Crawfor,Norm,Norm,Duplex,2Story,6.0,6.0,1946.0,1950.0,Gable,CompShg,MetalSd,MetalSd,BrkFace,423.0,TA,TA,CBlock,Gd,TA,No,Rec,484.0,Unf,0.0,495.0,979.0,GasA,TA,N,FuseF,979.0,979.0,0.0,1958.0,0.0,0.0,2.0,0.0,4.0,2.0,TA,8.0,Typ,0.0,Gd,Attchd,1946.0,Unf,2.0,492.0,TA,TA,Y,0.0,0.0,0.0,0.0,0.0,0.0,Gd,MnPrv,Shed,0.0,8.0,2007.0,WD,Normal,145000.0,-0.4491441037975795,1.0,低
957.0,160.0,RM,24.0,1300.0,Pave,Grvl,Reg,Lvl,AllPub,Inside,Gtl,Blueste,Norm,Norm,TwnhsE,2Story,6.0,6.0,1980.0,1980.0,Gable,CompShg,MetalSd,MetalSd,BrkFace,0.0,TA,TA,CBlock,Gd,TA,No,ALQ,285.0,Unf,0.0,276.0,561.0,GasA,TA,Y,SBrkr,561.0,668.0,0.0,1229.0,0.0,0.0,1.0,1.0,2.0,1.0,TA,5.0,Typ,1.0,TA,Attchd,1980.0,Fin,2.0,462.0,TA,TA,Y,150.0,0.0,0.0,0.0,0.0,0.0,Gd,GdPrv,Shed,0.0,5.0,2009.0,WD,Normal,124000.0,-0.7705654272460698,0.0,极低
958.0,20.0,RL,70.0,7420.0,Pave,Grvl,Reg,Lvl,AllPub,Inside,Gtl,Sawyer,Norm,Norm,1Fam,1Story,5.0,5.0,1962.0,1962.0,Hip,CompShg,MetalSd,MetalSd,BrkFace,0.0,TA,TA,CBlock,TA,TA,No,Rec,417.0,Unf,0.0,640.0,1057.0,GasA,TA,Y,SBrkr,1057.0,0.0,0.0,1057.0,0.0,0.0,1.0,0.0,3.0,1.0,TA,6.0,Typ,0.0,Gd,Detchd,1977.0,Fin,2.0,576.0,TA,TA,Y,0.0,0.0,0.0,0.0,0.0,0.0,Gd,MnPrv,Shed,0.0,4.0,2007.0,WD,Normal,132000.0,-0.6481192087895021,1.0,低
959.0,20.0,RL,65.0,8450.0,Pave,Grvl,Reg,Lvl,AllPub,Inside,Gtl,CollgCr,Norm,Norm,1Fam,1Story,7.0,5.0,2003.0,2003.0,Gable,CompShg,VinylSd,VinylSd,BrkFace,0.0,Gd,TA,PConc,Gd,TA,Mn,GLQ,699.0,Unf,0.0,638.0,1337.0,GasA,Ex,Y,SBrkr,1337.0,0.0,0.0,1337.0,1.0,0.0,2.0,0.0,3.0,1.0,Gd,6.0,Typ,0.0,Gd,Attchd,2003.0,RFn,2.0,531.0,TA,TA,Y,0.0,39.0,0.0,0.0,0.0,0.0,Gd,MnPrv,Shed,0.0,10.0,2007.0,WD,Normal,185000.0,0.16308698848525918,3.0,高
960.0,160.0,FV,24.0,2572.0,Pave,Grvl,Reg,Lvl,AllPub,FR2,Gtl,Somerst,Norm,Norm,Twnhs,2Story,7.0,5.0,1999.0,1999.0,Hip,CompShg,MetalSd,MetalSd,BrkFace,0.0,Gd,TA,PConc,Gd,TA,No,ALQ,604.0,Unf,0.0,92.0,696.0,GasA,Ex,Y,SBrkr,696.0,720.0,0.0,1416.0,1.0,0.0,2.0,1.0,3.0,1.0,Gd,6.0,Typ,0.0,Gd,Detchd,1999.0,Unf,2.0,484.0,TA,TA,Y,0.0,44.0,0.0,0.0,0.0,0.0,Gd,MnPrv,Shed,0.0,5.0,2010.0,WD,Normal,155000.0,-0.29608633072686985,2.0,中
961.0,20.0,RL,50.0,7207.0,Pave,Grvl,IR1,Lvl,AllPub,Inside,Gtl,BrkSide,Norm,Norm,1Fam,1Story,5.0,7.0,1958.0,2008.0,Gable,CompShg,Wd Sdng,Plywood,BrkFace,0.0,TA,Gd,CBlock,TA,TA,Gd,BLQ,696.0,Unf,0.0,162.0,858.0,GasA,Gd,Y,SBrkr,858.0,0.0,0.0,858.0,1.0,0.0,1.0,0.0,2.0,1.0,TA,4.0,Typ,0.0,Gd,Attchd,1954.6,Unf,0.0,0.0,TA,TA,Y,117.0,0.0,0.0,0.0,0.0,0.0,Gd,MnPrv,Shed,0.0,2.0,2010.0,WD,Normal,116500.0,-0.885358757049102,0.0,极低
730.5,50.0,RL,70.0,9478.5,Pave,Grvl,IR1,Lvl,AllPub,Corner,Gtl,NWAmes,PosN,Norm,1Fam,2Story,6.0,5.0,1973.0,1994.0,Gable,CompShg,HdBoard,HdBoard,BrkFace,0.0,TA,Gd,CBlock,Gd,Gd,No,ALQ,383.5,Unf,0.0,477.5,991.5,GasA,TA,Y,SBrkr,1087.0,0.0,0.0,1464.0,0.0,0.0,2.0,0.0,3.0,1.0,TA,6.0,Typ,1.0,TA,Attchd,1978.0,Fin,2.0,480.0,TA,TA,Y,0.0,25.0,0.0,0.0,0.0,0.0,Gd,MnPrv,Shed,0.0,6.0,2008.0,WD,Normal,163000.0,-0.1736401122703021,2.0,中
963.0,160.0,RL,24.0,2308.0,Pave,Grvl,Reg,Lvl,AllPub,Corner,Gtl,NPkVill,Norm,Norm,TwnhsE,2Story,6.0,6.0,1976.0,1976.0,Gable,CompShg,Plywood,Brk Cmn,BrkFace,0.0,TA,TA,CBlock,Gd,TA,No,ALQ,556.0,Unf,0.0,248.0,804.0,GasA,TA,Y,SBrkr,804.0,744.0,0.0,1548.0,1.0,0.0,2.0,1.0,3.0,1.0,Gd,7.0,Typ,1.0,TA,Detchd,1976.0,Unf,2.0,440.0,TA,TA,Y,48.0,0.0,0.0,0.0,0.0,0.0,Gd,MnPrv,Shed,0.0,7.0,2007.0,WD,Normal,155000.0,-0.29608633072686985,2.0,中
964.0,20.0,RL,122.0,11923.0,Pave,Grvl,IR1,Lvl,AllPub,Corner,Gtl,CollgCr,Norm,Norm,1Fam,1Story,9.0,5.0,2007.0,2007.0,Gable,CompShg,VinylSd,VinylSd,BrkFace,0.0,Gd,TA,PConc,Ex,TA,No,Unf,0.0,Unf,0.0,1800.0,1800.0,GasA,Ex,Y,SBrkr,1800.0,0.0,0.0,1800.0,0.0,0.0,2.0,0.0,2.0,1.0,Ex,7.0,Typ,0.0,Gd,Attchd,2007.0,Fin,2.0,702.0,TA,TA,Y,288.0,136.0,0.0,0.0,0.0,0.0,Gd,MnPrv,Shed,0.0,5.0,2009.0,WD,Normal,239000.0,0.9895989630670914,4.0,极高
965.0,60.0,RL,80.0,11316.0,Pave,Grvl,Reg,Lvl,AllPub,Corner,Gtl,Timber,Norm,Norm,1Fam,2Story,7.0,5.0,2002.0,2003.0,Gable,CompShg,VinylSd,VinylSd,BrkFace,44.0,Gd,TA,PConc,Gd,TA,No,GLQ,624.0,Unf,0.0,193.0,817.0,GasA,Ex,Y,SBrkr,824.0,1070.0,0.0,1894.0,1.0,0.0,2.0,1.0,4.0,1.0,Gd,8.0,Typ,1.0,Gd,BuiltIn,2002.0,Fin,2.0,510.0,TA,TA,Y,0.0,40.0,0.0,0.0,0.0,0.0,Gd,MnPrv,Shed,0.0,2.0,2010.0,WD,Normal,214900.0,0.6207297299666811,3.0,高
966.0,60.0,RL,65.0,10237.0,Pave,Grvl,Reg,Lvl,AllPub,Inside,Gtl,Gilbert,RRAn,Norm,1Fam,2Story,6.0,5.0,2005.0,2007.0,Gable,CompShg,VinylSd,VinylSd,BrkFace,0.0,Gd,TA,PConc,Gd,TA,No,Unf,0.0,Unf,0.0,783.0,783.0,GasA,Ex,Y,SBrkr,783.0,701.0,0.0,1484.0,0.0,0.0,2.0,1.0,3.0,1.0,Gd,8.0,Typ,1.0,Gd,Attchd,2005.0,Fin,2.0,393.0,TA,TA,Y,0.0,72.0,0.0,0.0,0.0,0.0,Gd,MnPrv,Shed,0.0,7.0,2007.0,New,Partial,178900.0,0.06972174691212628,3.0,高
967.0,50.0,RL,130.0,9600.0,Pave,Grvl,IR1,HLS,AllPub,Inside,Gtl,Crawfor,Norm,Norm,1Fam,1.5Fin,5.0,7.0,1940.0,1950.0,Gable,CompShg,MetalSd,MetalSd,BrkFace,0.0,Gd,Gd,BrkTil,TA,Fa,No,Rec,428.0,Unf,0.0,300.0,728.0,GasA,Ex,Y,SBrkr,976.0,332.0,0.0,1308.0,1.0,0.0,1.0,1.0,2.0,1.0,TA,7.0,Min2,2.0,TA,Detchd,1940.0,Unf,1.0,256.0,TA,TA,Y,0.0,70.0,0.0,0.0,0.0,0.0,Gd,MnPrv,Shed,0.0,6.0,2009.0,WD,Normal,160000.0,-0.21955744419151502,2.0,中
968.0,20.0,RL,65.2,7390.0,Pave,Grvl,IR1,Lvl,AllPub,Inside,Gtl,NAmes,Norm,Norm,1Fam,1Story,5.0,7.0,1955.0,1955.0,Hip,CompShg,Wd Sdng,Wd Sdng,BrkFace,151.0,TA,TA,CBlock,TA,TA,No,ALQ,902.0,Unf,0.0,196.0,1098.0,GasA,TA,Y,SBrkr,1098.0,0.0,0.0,1098.0,1.0,0.0,1.0,0.0,3.0,1.0,TA,6.0,Typ,0.0,Gd,Attchd,1955.0,Unf,1.0,260.0,TA,TA,Y,0.0,0.0,0.0,0.0,0.0,0.0,Gd,MnPrv,Shed,0.0,7.0,2008.0,WD,Normal,135000.0,-0.6022018768682892,1.0,低
969.0,50.0,RM,50.0,5925.0,Pave,Grvl,Reg,Lvl,AllPub,Inside,Gtl,OldTown,Norm,Norm,1Fam,1.5Fin,3.0,6.0,1910.0,1950.0,Gable,CompShg,VinylSd,VinylSd,BrkFace,0.0,TA,TA,BrkTil,TA,TA,No,Unf,0.0,Unf,0.0,600.0,600.0,Grav,Fa,N,SBrkr,600.0,368.0,0.0,968.0,0.0,0.0,1.0,0.0,2.0,1.0,TA,6.0,Typ,0.0,Gd,Attchd,1939.6,Unf,0.0,0.0,TA,TA,Y,0.0,0.0,0.0,0.0,0.0,0.0,Gd,GdWo,Shed,0.0,5.0,2009.0,WD,Abnorml,37900.0,-2.08839285338488,0.0,极低
970.0,190.0,RL,75.0,10382.0,Pave,Grvl,Reg,Lvl,AllPub,Inside,Gtl,NAmes,Norm,Norm,2fmCon,SLvl,6.0,5.0,1958.0,1958.0,Hip,CompShg,HdBoard,HdBoard,BrkFace,105.0,TA,Fa,CBlock,TA,TA,Gd,ALQ,513.0,Unf,0.0,75.0,588.0,GasA,TA,Y,SBrkr,1095.0,0.0,0.0,1095.0,1.0,0.0,1.0,0.0,2.0,1.0,TA,6.0,Typ,0.0,Gd,Attchd,1958.0,RFn,1.0,264.0,TA,TA,Y,0.0,0.0,0.0,0.0,0.0,0.0,Gd,MnPrv,Shed,0.0,3.0,2006.0,ConLD,Normal,140000.0,-0.5256729903329344,1.0,低
971.0,50.0,RL,60.0,10800.0,Pave,Grvl,Reg,Lvl,AllPub,Inside,Gtl,NAmes,Norm,Norm,1Fam,1.5Fin,4.0,4.0,1949.0,1950.0,Gable,CompShg,AsbShng,AsbShng,BrkFace,0.0,TA,TA,CBlock,TA,TA,No,Unf,0.0,Unf,0.0,720.0,720.0,GasA,TA,N,FuseA,720.0,472.0,0.0,1192.0,0.0,0.0,1.0,1.0,4.0,1.0,TA,6.0,Typ,0.0,Gd,Attchd,1945.0,Unf,0.0,0.0,TA,TA,Y,0.0,0.0,0.0,0.0,0.0,0.0,Gd,MnPrv,Shed,0.0,12.0,2006.0,WD,Abnorml,135000.0,-0.6022018768682892,1.0,低
972.0,160.0,RL,36.0,2268.0,Pave,Grvl,Reg,Lvl,AllPub,Inside,Gtl,NridgHt,Norm,Norm,Twnhs,2Story,7.0,5.0,2003.0,2004.0,Gable,CompShg,VinylSd,Wd Shng,Stone,106.0,Gd,TA,PConc,Gd,TA,No,GLQ,567.0,Unf,0.0,197.0,764.0,GasA,Ex,Y,SBrkr,764.0,862.0,0.0,1626.0,0.0,0.0,2.0,0.0,2.0,1.0,Gd,6.0,Typ,0.0,Gd,BuiltIn,2003.0,RFn,2.0,474.0,TA,TA,Y,0.0,27.0,0.0,0.0,0.0,0.0,Gd,MnPrv,Shed,0.0,7.0,2009.0,WD,Normal,173000.0,-0.020582339199592427,3.0,高
973.0,120.0,RL,55.0,7892.0,Pave,Grvl,Reg,Lvl,AllPub,Inside,Gtl,SawyerW,Norm,Norm,TwnhsE,1Story,6.0,5.0,1979.0,1979.0,Gable,CompShg,Plywood,Plywood,BrkFace,0.0,TA,TA,CBlock,Gd,TA,No,Unf,0.0,Unf,0.0,918.0,918.0,GasA,TA,Y,SBrkr,918.0,0.0,0.0,918.0,0.0,0.0,2.0,0.0,2.0,1.0,TA,5.0,Typ,1.0,TA,Attchd,1979.0,Unf,1.0,264.0,TA,TA,Y,28.0,0.0,0.0,0.0,0.0,0.0,Gd,MnPrv,Shed,0.0,4.0,2010.0,WD,Normal,99500.0,-1.1455569712693086,0.0,极低
974.0,20.0,FV,95.0,11639.0,Pave,Grvl,Reg,Lvl,AllPub,Corner,Gtl,Somerst,Norm,Norm,1Fam,1Story,7.0,5.0,2007.0,2008.0,Gable,CompShg,CemntBd,CmentBd,BrkFace,94.0,Gd,TA,PConc,Gd,TA,No,Unf,0.0,Unf,0.0,1428.0,1428.0,GasA,Ex,Y,SBrkr,1428.0,0.0,0.0,1428.0,0.0,0.0,2.0,0.0,3.0,1.0,Gd,6.0,Typ,0.0,Gd,Attchd,2007.0,Fin,2.0,480.0,TA,TA,Y,0.0,120.0,0.0,0.0,0.0,0.0,Gd,MnPrv,Shed,0.0,12.0,2008.0,New,Partial,182000.0,0.11716965656404628,3.0,高
975.0,70.0,RL,60.0,11414.0,Pave,Grvl,IR1,Lvl,AllPub,Corner,Gtl,BrkSide,RRAn,Feedr,1Fam,2Story,7.0,8.0,1910.0,1993.0,Gable,CompShg,HdBoard,HdBoard,BrkFace,0.0,TA,Gd,BrkTil,Gd,TA,No,Unf,0.0,Unf,0.0,728.0,728.0,GasA,TA,N,SBrkr,1136.0,883.0,0.0,2019.0,0.0,0.0,1.0,0.0,3.0,1.0,Gd,8.0,Typ,0.0,Gd,Detchd,1997.0,Unf,2.0,532.0,TA,TA,Y,509.0,135.0,0.0,0.0,0.0,0.0,Gd,GdPrv,Shed,0.0,10.0,2009.0,WD,Normal,167500.0,-0.10476411438848275,2.0,中
976.0,160.0,FV,36.4,2651.0,Pave,Grvl,Reg,Lvl,AllPub,FR2,Gtl,Somerst,Norm,Norm,Twnhs,2Story,7.0,5.0,2000.0,2000.0,Gable,CompShg,MetalSd,MetalSd,BrkFace,0.0,Gd,TA,PConc,Gd,TA,No,GLQ,641.0,Unf,0.0,32.0,673.0,GasA,Ex,Y,SBrkr,673.0,709.0,0.0,1382.0,1.0,0.0,2.0,1.0,3.0,1.0,Gd,6.0,Typ,0.0,Gd,Detchd,2000.0,Unf,2.0,490.0,TA,TA,Y,153.0,50.0,0.0,0.0,0.0,0.0,Gd,MnPrv,Shed,0.0,4.0,2006.0,WD,Normal,165000.0,-0.14302855765616015,2.0,中
977.0,30.0,RL,51.0,5900.0,Pave,Grvl,IR1,Bnk,AllPub,Inside,Gtl,BrkSide,Norm,Norm,1Fam,1Story,4.0,7.0,1923.0,1958.0,Gable,CompShg,Wd Sdng,Wd Sdng,BrkFace,0.0,TA,TA,PConc,Gd,TA,No,Unf,0.0,Unf,0.0,440.0,440.0,GasA,TA,Y,FuseA,869.0,0.0,0.0,869.0,0.0,0.0,1.0,0.0,2.0,1.0,Fa,4.0,Typ,0.0,Gd,Attchd,1943.6,Unf,0.0,0.0,TA,TA,Y,0.0,0.0,0.0,0.0,0.0,0.0,Gd,MnPrv,Shed,0.0,8.0,2006.0,WD,Normal,85500.0,-1.359837853568302,0.0,极低
978.0,120.0,FV,35.0,4274.0,Pave,Pave,IR1,Lvl,AllPub,Inside,Gtl,Somerst,Norm,Norm,TwnhsE,1Story,7.0,5.0,2006.0,2007.0,Gable,CompShg,VinylSd,VinylSd,BrkFace,81.4,Gd,TA,PConc,Gd,TA,No,GLQ,1106.0,Unf,0.0,135.0,1241.0,GasA,Ex,Y,SBrkr,1241.0,0.0,0.0,1241.0,1.0,0.0,1.0,1.0,1.0,1.0,Gd,4.0,Typ,0.0,Gd,Attchd,2007.0,Fin,2.0,569.0,TA,TA,Y,0.0,116.0,0.0,0.0,0.0,0.0,Gd,MnPrv,Shed,0.0,11.0,2007.0,New,Partial,199900.0,0.3911430703606166,3.0,高
979.0,20.0,RL,68.0,9450.0,Pave,Grvl,Reg,Bnk,AllPub,Inside,Mod,Edwards,Norm,Norm,1Fam,1Story,4.0,5.0,1954.0,1954.0,Gable,CompShg,MetalSd,MetalSd,BrkFace,0.0,TA,TA,CBlock,TA,TA,No,LwQ,552.0,Unf,0.0,342.0,894.0,GasA,Ex,Y,SBrkr,894.0,0.0,0.0,894.0,0.0,0.0,1.0,0.0,3.0,1.0,TA,5.0,Typ,0.0,Gd,Detchd,1999.0,Unf,2.0,400.0,TA,TA,Y,0.0,0.0,0.0,0.0,0.0,0.0,Gd,MnPrv,Shed,0.0,5.0,2007.0,WD,Abnorml,110000.0,-0.9848463095450634,0.0,极低
980.0,20.0,RL,80.0,8816.0,Pave,Grvl,Reg,Lvl,AllPub,Corner,Gtl,Sawyer,Feedr,Norm,1Fam,1Story,5.0,6.0,1963.0,1963.0,Gable,CompShg,VinylSd,VinylSd,BrkFace,0.0,TA,TA,PConc,TA,TA,No,Rec,651.0,Unf,0.0,470.0,1121.0,GasA,TA,Y,SBrkr,1121.0,0.0,0.0,1121.0,1.0,0.0,1.0,0.0,3.0,1.0,TA,5.0,Typ,0.0,Gd,Detchd,1963.0,Unf,2.0,480.0,TA,TA,Y,0.0,80.0,0.0,0.0,0.0,0.0,Gd,MnPrv,Shed,0.0,6.0,2009.0,WD,Normal,139000.0,-0.5409787676400053,1.0,低
981.0,85.0,RL,91.4,12122.0,Pave,Grvl,IR1,Lvl,AllPub,Corner,Gtl,NAmes,Norm,Norm,1Fam,SFoyer,7.0,9.0,1961.0,2007.0,Gable,CompShg,CemntBd,CmentBd,Stone,210.0,Ex,TA,CBlock,TA,TA,Av,ALQ,867.0,Unf,0.0,77.0,944.0,GasA,Gd,Y,SBrkr,999.0,0.0,0.0,999.0,1.0,0.0,1.0,0.0,3.0,1.0,Ex,6.0,Typ,0.0,Gd,Attchd,1961.0,RFn,2.0,588.0,TA,TA,Y,144.0,76.0,0.0,0.0,0.0,0.0,Gd,MnPrv,Shed,0.0,7.0,2008.0,WD,Normal,178400.0,0.06206885825859079,3.0,高
982.0,60.0,RL,98.0,12203.0,Pave,Grvl,IR1,Lvl,AllPub,Corner,Gtl,NoRidge,Norm,Norm,1Fam,2Story,8.0,5.0,1998.0,1999.0,Hip,CompShg,VinylSd,VinylSd,BrkFace,975.0,Gd,TA,PConc,Gd,TA,No,GLQ,854.0,Unf,0.0,371.0,1225.0,GasA,Ex,Y,SBrkr,1276.0,1336.0,0.0,2612.0,1.0,0.0,2.0,1.0,4.0,1.0,Gd,8.0,Typ,1.0,TA,Attchd,1998.0,Fin,3.0,676.0,TA,TA,Y,250.0,0.0,0.0,0.0,0.0,0.0,Gd,MnPrv,Shed,0.0,7.0,2009.0,WD,Normal,336000.0,2.474259361852975,4.0,极高
983.0,20.0,RL,43.0,3182.0,Pave,Grvl,Reg,Lvl,AllPub,Inside,Gtl,Blmngtn,Norm,Norm,1Fam,1Story,7.0,5.0,2007.0,2007.0,Gable,CompShg,VinylSd,VinylSd,BrkFace,16.0,Gd,TA,PConc,Gd,TA,Av,Unf,0.0,Unf,0.0,1266.0,1266.0,GasA,Ex,Y,SBrkr,1266.0,0.0,0.0,1266.0,0.0,0.0,2.0,0.0,2.0,1.0,Gd,6.0,Typ,1.0,Gd,Attchd,2007.0,Fin,2.0,388.0,TA,TA,Y,100.0,16.0,0.0,0.0,0.0,0.0,Gd,MnPrv,Shed,0.0,3.0,2008.0,WD,Normal,159895.0,-0.22116455080875747,2.0,中
984.0,60.0,RL,85.0,11250.0,Pave,Grvl,Reg,Lvl,AllPub,Corner,Gtl,CollgCr,Norm,Norm,1Fam,2Story,8.0,5.0,2002.0,2002.0,Gable,CompShg,CemntBd,CmentBd,BrkFace,0.0,Gd,TA,PConc,Gd,TA,Mn,Unf,0.0,Unf,0.0,1128.0,1128.0,GasA,Ex,Y,SBrkr,1149.0,1141.0,0.0,2290.0,0.0,0.0,2.0,1.0,4.0,1.0,Gd,9.0,Typ,1.0,Gd,Attchd,2002.0,Unf,2.0,779.0,TA,TA,Y,0.0,0.0,0.0,0.0,0.0,0.0,Gd,MnPrv,Shed,0.0,5.0,2008.0,WD,Normal,255900.0,1.2482665995565907,4.0,极高
985.0,90.0,RL,75.0,10125.0,Pave,Grvl,Reg,Lvl,AllPub,Inside,Gtl,Mitchel,Norm,Norm,Duplex,1.5Fin,5.0,5.0,1977.0,1977.0,Gable,CompShg,Plywood,Plywood,BrkFace,0.0,TA,TA,CBlock,TA,TA,No,Unf,0.0,Unf,0.0,0.0,0.0,GasA,TA,Y,SBrkr,1302.0,432.0,0.0,1734.0,0.0,0.0,2.0,0.0,4.0,2.0,Gd,8.0,Typ,0.0,Gd,Attchd,1977.0,Unf,2.0,539.0,TA,TA,Y,0.0,0.0,0.0,0.0,0.0,0.0,Gd,MnPrv,Shed,0.0,8.0,2009.0,COD,Normal,126000.0,-0.7399538726319279,1.0,低
986.0,190.0,RL,68.0,10880.0,Pave,Grvl,Reg,Lvl,AllPub,Inside,Gtl,Edwards,Norm,Norm,2fmCon,1Story,5.0,5.0,1950.0,1950.0,Gable,CompShg,MetalSd,MetalSd,BrkFace,0.0,TA,TA,CBlock,TA,TA,No,ALQ,1040.0,Unf,0.0,124.0,1164.0,GasW,TA,N,SBrkr,1164.0,0.0,0.0,1164.0,1.0,0.0,1.0,0.0,3.0,1.0,TA,5.0,Typ,0.0,Gd,Detchd,1950.0,Unf,1.0,240.0,TA,TA,Y,0.0,48.0,0.0,0.0,0.0,0.0,Gd,MnPrv,Shed,0.0,8.0,2008.0,ConLD,Normal,125000.0,-0.7552596499389989,0.0,极低
987.0,50.0,RM,59.0,5310.0,Pave,Grvl,Reg,Lvl,AllPub,Corner,Gtl,OldTown,Feedr,Norm,1Fam,1.5Fin,6.0,8.0,1910.0,2003.0,Hip,CompShg,VinylSd,VinylSd,BrkFace,0.0,TA,Gd,CBlock,TA,Fa,No,Unf,0.0,Unf,0.0,485.0,485.0,GasA,Gd,Y,SBrkr,1001.0,634.0,0.0,1635.0,0.0,0.0,1.0,0.0,2.0,1.0,Gd,5.0,Typ,0.0,Gd,Attchd,1950.0,Unf,1.0,255.0,Fa,TA,Y,394.0,0.0,0.0,0.0,0.0,0.0,Gd,MnPrv,Shed,0.0,6.0,2006.0,WD,Normal,117000.0,-0.8777058683955666,0.0,极低
988.0,20.0,RL,83.0,10159.0,Pave,Grvl,IR1,Lvl,AllPub,Inside,Gtl,NridgHt,Norm,Norm,1Fam,1Story,9.0,5.0,2009.0,2010.0,Hip,CompShg,VinylSd,VinylSd,Stone,450.0,Ex,TA,PConc,Ex,TA,Av,GLQ,1646.0,Unf,0.0,284.0,1930.0,GasA,Ex,Y,SBrkr,1940.0,0.0,0.0,1940.0,1.0,0.0,2.0,1.0,3.0,1.0,Ex,8.0,Typ,1.0,Gd,Attchd,2010.0,Fin,3.0,606.0,TA,TA,Y,168.0,95.0,0.0,0.0,0.0,0.0,Gd,MnPrv,Shed,0.0,4.0,2010.0,New,Partial,395192.0,3.38023893221312,4.0,极高
989.0,60.0,RL,78.0,12046.0,Pave,Grvl,IR1,Lvl,AllPub,Inside,Gtl,NWAmes,Norm,Norm,1Fam,2Story,6.0,6.0,1976.0,1976.0,Gable,CompShg,Plywood,Plywood,BrkFace,298.0,TA,TA,CBlock,TA,TA,No,LwQ,156.0,Unf,0.0,692.0,848.0,GasA,TA,Y,SBrkr,1118.0,912.0,0.0,2030.0,0.0,0.0,2.0,1.0,4.0,1.0,Gd,8.0,Typ,1.0,TA,Attchd,1976.0,Fin,2.0,551.0,TA,TA,Y,0.0,224.0,0.0,0.0,0.0,0.0,Gd,MnPrv,Shed,0.0,6.0,2007.0,WD,Normal,195000.0,0.3161447615559689,3.0,高
990.0,60.0,FV,65.0,8125.0,Pave,Grvl,Reg,Lvl,AllPub,Inside,Gtl,Somerst,Norm,Norm,1Fam,2Story,7.0,5.0,2006.0,2006.0,Gable,CompShg,VinylSd,VinylSd,BrkFace,0.0,Gd,TA,PConc,Gd,Gd,No,Unf,0.0,Unf,0.0,770.0,770.0,GasA,Ex,Y,SBrkr,778.0,798.0,0.0,1576.0,0.0,0.0,2.0,1.0,3.0,1.0,Gd,6.0,Typ,0.0,Gd,Attchd,2006.0,RFn,2.0,614.0,TA,TA,Y,0.0,50.0,0.0,0.0,0.0,0.0,Gd,MnPrv,Shed,0.0,8.0,2006.0,New,Partial,197000.0,0.34675631617011077,3.0,高
991.0,60.0,RL,82.0,9452.0,Pave,Grvl,Reg,Lvl,AllPub,Inside,Gtl,NoRidge,Norm,Norm,1Fam,2Story,8.0,5.0,1997.0,1998.0,Gable,CompShg,VinylSd,VinylSd,BrkFace,423.0,Gd,TA,PConc,Gd,TA,No,GLQ,1074.0,Unf,0.0,322.0,1396.0,GasA,Ex,Y,SBrkr,1407.0,985.0,0.0,2392.0,1.0,0.0,2.0,1.0,3.0,1.0,Gd,7.0,Typ,1.0,TA,Attchd,1997.0,Fin,3.0,870.0,TA,TA,Y,0.0,70.0,0.0,0.0,0.0,0.0,Gd,MnPrv,Shed,0.0,6.0,2006.0,WD,Normal,348000.0,2.657928689537827,4.0,极高
992.0,70.0,RM,121.0,17671.0,Pave,Grvl,Reg,Lvl,AllPub,Corner,Gtl,OldTown,Artery,Norm,1Fam,2Story,8.0,9.0,1882.0,1986.0,Gable,CompShg,Wd Sdng,Wd Sdng,BrkFace,0.0,Gd,Gd,BrkTil,TA,TA,No,BLQ,216.0,Unf,0.0,700.0,916.0,GasA,Gd,Y,SBrkr,916.0,826.0,0.0,1742.0,0.0,0.0,1.0,1.0,4.0,1.0,Gd,8.0,Typ,1.0,Gd,Attchd,1925.0,Unf,2.0,424.0,TA,TA,P,0.0,169.0,0.0,0.0,0.0,0.0,Gd,MnPrv,Shed,0.0,11.0,2009.0,WD,Normal,168000.0,-0.09711122573494727,2.0,中
993.0,60.0,RL,80.0,9760.0,Pave,Grvl,Reg,Lvl,AllPub,Inside,Mod,NAmes,Norm,Norm,1Fam,2Story,6.0,8.0,1964.0,1993.0,Hip,CompShg,Wd Sdng,Wd Sdng,BrkFace,340.0,TA,TA,CBlock,TA,TA,Gd,BLQ,536.0,Rec,117.0,169.0,822.0,GasA,Gd,Y,SBrkr,1020.0,831.0,0.0,1851.0,0.0,0.0,2.0,1.0,3.0,1.0,Gd,7.0,Typ,1.0,Fa,Attchd,1964.0,RFn,2.0,440.0,TA,TA,Y,239.0,42.0,0.0,0.0,0.0,0.0,Gd,MnWw,Shed,0.0,7.0,2007.0,WD,Normal,187000.0,0.19369854309940113,3.0,高
994.0,60.0,RL,68.0,8846.0,Pave,Grvl,Reg,Lvl,AllPub,Inside,Gtl,CollgCr,Norm,Norm,1Fam,2Story,6.0,5.0,2005.0,2006.0,Gable,CompShg,VinylSd,VinylSd,BrkFace,0.0,TA,TA,PConc,Gd,TA,No,Unf,0.0,Unf,0.0,750.0,750.0,GasA,Ex,Y,SBrkr,750.0,750.0,0.0,1500.0,0.0,0.0,2.0,1.0,3.0,1.0,Gd,6.0,Typ,0.0,Gd,Attchd,2005.0,RFn,2.0,564.0,TA,TA,Y,0.0,35.0,0.0,0.0,0.0,0.0,Gd,MnPrv,Shed,0.0,8.0,2006.0,New,Partial,173900.0,-0.006807139623228558,3.0,高
995.0,20.0,RL,96.0,12456.0,Pave,Grvl,Reg,Lvl,AllPub,FR2,Gtl,NridgHt,Norm,Norm,1Fam,1Story,10.0,5.0,2006.0,2007.0,Hip,CompShg,CemntBd,CmentBd,Stone,230.0,Ex,TA,PConc,Ex,TA,Gd,GLQ,1172.0,Unf,0.0,528.0,1700.0,GasA,Ex,Y,SBrkr,1718.0,0.0,0.0,1718.0,1.0,0.0,2.0,0.0,3.0,1.0,Ex,7.0,Typ,1.0,Gd,Attchd,2008.0,Fin,3.0,786.0,TA,TA,Y,216.0,48.0,0.0,0.0,0.0,0.0,Gd,MnPrv,Shed,0.0,7.0,2009.0,WD,Normal,337500.0,2.497218027813582,4.0,极高
996.0,50.0,RL,51.0,4712.0,Pave,Grvl,IR1,Lvl,AllPub,Inside,Mod,BrkSide,Feedr,Norm,1Fam,1.5Fin,4.0,7.0,1946.0,1950.0,Gable,CompShg,MetalSd,MetalSd,BrkFace,0.0,TA,TA,CBlock,TA,TA,No,ALQ,384.0,Unf,0.0,363.0,747.0,GasA,TA,Y,SBrkr,774.0,456.0,0.0,1230.0,1.0,0.0,1.0,1.0,3.0,1.0,TA,5.0,Typ,0.0,Gd,Detchd,1946.0,Unf,1.0,305.0,TA,TA,Y,0.0,57.0,0.0,0.0,63.0,0.0,Gd,MnPrv,Shed,0.0,8.0,2006.0,WD,Abnorml,121600.0,-0.8072992927830401,0.0,极低
997.0,20.0,RL,78.0,10659.0,Pave,Grvl,IR1,Lvl,AllPub,Inside,Gtl,NAmes,Norm,Norm,1Fam,1Story,5.0,6.0,1961.0,1961.0,Hip,CompShg,Wd Sdng,Wd Sdng,BrkFace,0.0,TA,TA,CBlock,TA,TA,No,Rec,915.0,Unf,0.0,135.0,1050.0,GasA,TA,Y,SBrkr,1050.0,0.0,0.0,1050.0,1.0,0.0,1.0,0.0,3.0,1.0,TA,6.0,Typ,0.0,Gd,Attchd,1961.0,Unf,1.0,368.0,TA,TA,Y,0.0,319.0,0.0,0.0,0.0,0.0,Gd,MnPrv,Shed,0.0,1.0,2006.0,COD,Normal,136500.0,-0.5792432109076827,1.0,低
998.0,20.0,RL,77.4,11717.0,Pave,Grvl,IR1,Lvl,AllPub,Inside,Gtl,NWAmes,PosA,Norm,1Fam,1Story,6.0,6.0,1970.0,1970.0,Hip,CompShg,HdBoard,HdBoard,BrkFace,571.0,TA,TA,CBlock,TA,TA,No,Unf,0.0,Unf,0.0,1442.0,1442.0,GasA,TA,Y,SBrkr,1442.0,0.0,0.0,1442.0,0.0,0.0,2.0,0.0,2.0,1.0,TA,6.0,Typ,1.0,TA,Attchd,1970.0,RFn,2.0,615.0,TA,TA,Y,371.0,0.0,0.0,0.0,0.0,0.0,Gd,MnPrv,Shed,0.0,2.0,2009.0,WD,Normal,185000.0,0.16308698848525918,3.0,高
999.0,30.0,RM,60.0,9786.0,Pave,Grvl,Reg,Lvl,AllPub,Inside,Gtl,IDOTRR,Norm,Norm,1Fam,1Story,3.0,4.0,1922.0,1950.0,Hip,CompShg,Wd Sdng,Wd Sdng,BrkFace,0.0,TA,TA,BrkTil,TA,Fa,No,Unf,0.0,Unf,0.0,1007.0,1007.0,GasA,Fa,N,SBrkr,1077.0,0.0,0.0,1077.0,0.0,0.0,1.0,0.0,3.0,1.0,TA,6.0,Typ,1.0,Gd,Detchd,1922.0,Unf,1.0,210.0,TA,Fa,P,0.0,100.0,48.0,0.0,0.0,0.0,Gd,MnPrv,Shed,0.0,5.0,2006.0,WD,Normal,91000.0,-1.2756560783794118,0.0,极低
1000.0,20.0,RL,64.0,6762.0,Pave,Grvl,Reg,Lvl,AllPub,Inside,Gtl,CollgCr,Norm,Norm,1Fam,1Story,7.0,5.0,2006.0,2006.0,Gable,CompShg,VinylSd,VinylSd,Stone,24.0,Gd,TA,PConc,Gd,TA,Av,GLQ,686.0,Unf,0.0,501.0,1187.0,GasA,Ex,Y,SBrkr,1208.0,0.0,0.0,1208.0,1.0,0.0,2.0,0.0,2.0,1.0,Gd,6.0,Typ,0.0,Gd,Attchd,2006.0,RFn,2.0,632.0,TA,TA,Y,105.0,61.0,0.0,0.0,0.0,0.0,Gd,MnPrv,Shed,0.0,2.0,2010.0,WD,Normal,206000.0,0.4845083119337495,3.0,高
1001.0,20.0,RL,74.0,10206.0,Pave,Grvl,Reg,Lvl,AllPub,Corner,Gtl,Edwards,Norm,Norm,1Fam,1Story,3.0,3.0,1952.0,1952.0,Flat,Tar&Grv,BrkComm,Brk Cmn,BrkFace,0.0,TA,TA,Slab,TA,TA,No,Unf,0.0,Unf,0.0,0.0,0.0,GasW,Fa,N,FuseF,944.0,0.0,0.0,944.0,0.0,0.0,1.0,0.0,2.0,1.0,Fa,4.0,Min1,0.0,Gd,Detchd,1956.0,Unf,2.0,528.0,TA,Fa,Y,0.0,0.0,0.0,0.0,0.0,0.0,Gd,MnPrv,Shed,0.0,7.0,2009.0,WD,Normal,82000.0,-1.4134080741430504,0.0,极低
1002.0,30.0,RL,60.0,5400.0,Pave,Grvl,Reg,Lvl,AllPub,Corner,Gtl,OldTown,Norm,Norm,1Fam,1Story,5.0,6.0,1920.0,1950.0,Gable,CompShg,Wd Sdng,Wd Sdng,BrkFace,0.0,TA,TA,BrkTil,Fa,TA,No,Unf,0.0,Unf,0.0,691.0,691.0,GasA,Ex,Y,FuseA,691.0,0.0,0.0,691.0,0.0,0.0,1.0,0.0,2.0,1.0,Ex,4.0,Typ,0.0,Gd,Detchd,1920.0,Unf,1.0,216.0,Fa,TA,N,0.0,20.0,94.0,0.0,0.0,0.0,Gd,MnPrv,Shed,0.0,1.0,2007.0,WD,Abnorml,86000.0,-1.3521849649147666,0.0,极低
1003.0,20.0,RL,75.0,11957.0,Pave,Grvl,IR1,Lvl,AllPub,Inside,Gtl,Somerst,RRAn,Norm,1Fam,1Story,8.0,5.0,2006.0,2006.0,Gable,CompShg,VinylSd,VinylSd,BrkFace,53.0,Gd,TA,PConc,Gd,TA,No,GLQ,24.0,Unf,0.0,1550.0,1574.0,GasA,Ex,Y,SBrkr,1574.0,0.0,0.0,1574.0,0.0,0.0,2.0,0.0,3.0,1.0,Gd,7.0,Typ,1.0,Gd,Attchd,2006.0,RFn,3.0,824.0,TA,TA,Y,144.0,104.0,0.0,0.0,0.0,0.0,Gd,MnPrv,Shed,0.0,7.0,2008.0,WD,Normal,232000.0,0.8824585219175947,4.0,极高
1004.0,90.0,RL,85.2,11500.0,Pave,Grvl,IR1,Lvl,AllPub,Corner,Gtl,NWAmes,Feedr,RRAn,Duplex,1Story,5.0,6.0,1976.0,1976.0,Gable,CompShg,VinylSd,VinylSd,BrkFace,164.0,TA,TA,CBlock,TA,TA,No,Unf,0.0,Unf,0.0,1680.0,1680.0,GasA,Fa,Y,SBrkr,1680.0,0.0,0.0,1680.0,0.0,0.0,2.0,0.0,4.0,2.0,TA,8.0,Typ,0.0,Gd,Detchd,1976.0,Unf,2.0,528.0,TA,TA,Y,0.0,0.0,0.0,0.0,0.0,0.0,Gd,MnPrv,Shed,0.0,6.0,2007.0,WD,Normal,136905.0,-0.573044371098319,1.0,低
1005.0,120.0,RL,43.0,3182.0,Pave,Grvl,Reg,Lvl,AllPub,Inside,Gtl,Blmngtn,Norm,Norm,TwnhsE,1Story,7.0,5.0,2005.0,2006.0,Gable,CompShg,VinylSd,VinylSd,BrkFace,16.0,Gd,TA,PConc,Gd,TA,No,GLQ,16.0,Unf,0.0,1330.0,1346.0,GasA,Ex,Y,SBrkr,1504.0,0.0,0.0,1504.0,0.0,0.0,2.0,0.0,1.0,1.0,Gd,7.0,Typ,1.0,Gd,Attchd,2005.0,Fin,2.0,457.0,TA,TA,Y,156.0,0.0,0.0,0.0,0.0,0.0,Gd,MnPrv,Shed,0.0,5.0,2009.0,WD,Normal,181000.0,0.1018638792569753,3.0,高
1006.0,80.0,RL,65.0,8385.0,Pave,Grvl,Reg,Lvl,AllPub,Inside,Gtl,CollgCr,Norm,Norm,1Fam,SLvl,5.0,8.0,1977.0,1977.0,Gable,CompShg,HdBoard,HdBoard,BrkFace,220.0,Gd,TA,CBlock,Gd,Gd,Av,GLQ,595.0,Unf,0.0,390.0,985.0,GasA,TA,Y,SBrkr,985.0,0.0,0.0,985.0,0.0,0.0,2.0,0.0,3.0,1.0,TA,6.0,Typ,0.0,Gd,Attchd,1977.0,Unf,1.0,328.0,TA,TA,Y,210.0,0.0,0.0,0.0,0.0,0.0,Gd,MnPrv,Shed,0.0,11.0,2008.0,WD,Normal,149900.0,-0.37414579499293177,1.0,低
1007.0,20.0,RL,89.6,12155.0,Pave,Grvl,IR3,Lvl,AllPub,Inside,Gtl,NAmes,PosN,Norm,1Fam,1Story,6.0,3.0,1970.0,1970.0,Gable,CompShg,Plywood,Plywood,BrkFace,0.0,TA,TA,CBlock,Gd,TA,No,LwQ,1237.0,Unf,0.0,420.0,1657.0,GasA,Gd,Y,SBrkr,1657.0,0.0,0.0,1657.0,0.0,1.0,2.0,0.0,3.0,1.0,TA,7.0,Typ,1.0,TA,Attchd,1970.0,Unf,2.0,484.0,TA,TA,Y,0.0,0.0,0.0,0.0,147.0,0.0,Gd,MnPrv,Shed,0.0,3.0,2007.0,WD,Normal,163500.0,-0.16598722361676663,2.0,中
1008.0,160.0,RM,21.0,2217.0,Pave,Grvl,Reg,Lvl,AllPub,Inside,Gtl,MeadowV,Norm,Norm,TwnhsE,2Story,4.0,4.0,1970.0,1970.0,Gable,CompShg,CemntBd,CmentBd,BrkFace,0.0,TA,TA,CBlock,TA,TA,No,BLQ,273.0,LwQ,273.0,0.0,546.0,GasA,TA,Y,SBrkr,546.0,546.0,0.0,1092.0,0.0,0.0,1.0,1.0,3.0,1.0,TA,6.0,Typ,0.0,Gd,Attchd,1970.0,RFn,1.0,286.0,TA,TA,Y,238.0,0.0,0.0,0.0,0.0,0.0,Gd,MnPrv,Shed,0.0,8.0,2009.0,WD,Normal,88000.0,-1.3215734103006247,0.0,极低
1009.0,20.0,RL,43.0,12118.0,Pave,Grvl,IR1,Lvl,AllPub,CulDSac,Gtl,Mitchel,Norm,Norm,1Fam,1Story,7.0,5.0,2004.0,2005.0,Hip,CompShg,VinylSd,VinylSd,Stone,108.0,Gd,TA,PConc,Ex,TA,Mn,Unf,0.0,Unf,0.0,1710.0,1710.0,GasA,Ex,Y,SBrkr,1710.0,0.0,0.0,1710.0,0.0,0.0,2.0,0.0,3.0,1.0,Gd,7.0,Typ,1.0,Gd,Attchd,2004.0,Fin,2.0,550.0,TA,TA,Y,100.0,48.0,0.0,0.0,180.0,0.0,Gd,MnPrv,Shed,0.0,4.0,2009.0,WD,Normal,240000.0,1.0049047403741624,4.0,极高
1010.0,50.0,RL,60.0,6000.0,Pave,Grvl,Reg,Lvl,AllPub,Inside,Gtl,SWISU,Norm,Norm,1Fam,1.5Fin,5.0,5.0,1926.0,1950.0,Gable,CompShg,Wd Sdng,Wd Sdng,BrkFace,0.0,TA,Fa,BrkTil,TA,TA,No,Unf,0.0,Unf,0.0,1008.0,1008.0,GasA,Ex,Y,SBrkr,1008.0,0.0,514.0,1522.0,0.0,0.0,2.0,0.0,4.0,1.0,TA,7.0,Typ,0.0,Gd,Attchd,1946.4,Unf,0.0,0.0,TA,TA,P,0.0,0.0,138.0,0.0,0.0,0.0,Gd,MnPrv,Shed,0.0,6.0,2006.0,WD,Normal,102000.0,-1.107292528001631,0.0,极低
1011.0,50.0,RL,115.0,21286.0,Pave,Grvl,Reg,Lvl,AllPub,Inside,Gtl,Sawyer,Norm,Norm,1Fam,1.5Fin,5.0,5.0,1948.0,1950.0,Gable,CompShg,Wd Sdng,Wd Sdng,BrkFace,0.0,TA,TA,CBlock,TA,TA,No,Unf,0.0,Unf,0.0,720.0,720.0,GasA,TA,Y,SBrkr,720.0,551.0,0.0,1271.0,0.0,0.0,2.0,0.0,4.0,1.0,TA,7.0,Typ,1.0,Gd,Attchd,1948.0,Unf,1.0,312.0,TA,TA,Y,0.0,0.0,108.0,0.0,0.0,0.0,Gd,MnPrv,Shed,0.0,8.0,2008.0,WD,Normal,135000.0,-0.6022018768682892,1.0,低
1012.0,90.0,RL,75.0,9825.0,Pave,Grvl,Reg,Lvl,AllPub,Inside,Gtl,Edwards,Norm,Norm,Duplex,1Story,5.0,5.0,1965.0,1965.0,Hip,CompShg,AsphShn,AsphShn,BrkFace,0.0,TA,TA,CBlock,TA,TA,No,Unf,0.0,Unf,0.0,0.0,0.0,GasA,TA,N,SBrkr,1664.0,0.0,0.0,1664.0,0.0,0.0,2.0,0.0,4.0,2.0,TA,8.0,Typ,0.0,Gd,Attchd,1950.8,Unf,0.0,0.0,TA,TA,Y,0.0,0.0,0.0,0.0,0.0,0.0,Gd,MnPrv,Shed,0.0,5.0,2010.0,WD,Normal,100000.0,-1.1379040826157731,0.0,极低
1013.0,70.0,RL,55.0,10592.0,Pave,Grvl,Reg,Lvl,AllPub,Inside,Gtl,Crawfor,Norm,Norm,1Fam,2Story,6.0,7.0,1923.0,1996.0,Hip,CompShg,Wd Sdng,Wd Sdng,BrkFace,0.0,TA,Gd,PConc,TA,Fa,No,Unf,0.0,Unf,0.0,602.0,602.0,GasA,TA,Y,SBrkr,900.0,602.0,0.0,1502.0,0.0,0.0,1.0,1.0,3.0,1.0,Gd,7.0,Typ,2.0,TA,Detchd,1923.0,Unf,1.0,180.0,TA,TA,Y,96.0,0.0,112.0,0.0,53.0,0.0,Gd,MnPrv,Shed,0.0,8.0,2007.0,WD,Normal,165000.0,-0.14302855765616015,2.0,中
1014.0,30.0,RM,60.0,7200.0,Pave,Grvl,Reg,Lvl,AllPub,Inside,Gtl,OldTown,Norm,Norm,1Fam,1Story,5.0,4.0,1910.0,2006.0,Hip,CompShg,MetalSd,Stucco,BrkFace,0.0,TA,TA,BrkTil,TA,TA,No,ALQ,247.0,Rec,465.0,310.0,1022.0,GasW,TA,N,SBrkr,1022.0,0.0,0.0,1022.0,1.0,0.0,1.0,0.0,2.0,1.0,TA,4.0,Maj2,0.0,Gd,Detchd,1956.0,Unf,1.0,280.0,TA,TA,Y,0.0,30.0,226.0,0.0,0.0,0.0,Gd,MnPrv,Shed,0.0,6.0,2009.0,WD,Normal,85000.0,-1.3674907422218376,0.0,极低
1015.0,20.0,RL,60.0,11664.0,Pave,Grvl,Reg,Lvl,AllPub,Inside,Gtl,NAmes,Artery,Norm,1Fam,1Story,6.0,5.0,1948.0,1950.0,Gable,CompShg,MetalSd,MetalSd,BrkFace,206.0,TA,TA,CBlock,TA,Fa,No,BLQ,336.0,Unf,0.0,746.0,1082.0,GasA,TA,Y,SBrkr,1082.0,0.0,0.0,1082.0,0.0,0.0,1.0,0.0,2.0,1.0,TA,5.0,Typ,1.0,Gd,Detchd,1948.0,Unf,1.0,240.0,TA,TA,Y,0.0,130.0,0.0,0.0,0.0,0.0,Gd,MnPrv,Shed,0.0,11.0,2007.0,WD,Normal,119200.0,-0.8440331583200105,0.0,极低
1016.0,60.0,RL,70.0,8400.0,Pave,Grvl,Reg,Lvl,AllPub,Inside,Gtl,NWAmes,Norm,Norm,1Fam,2Story,8.0,6.0,2001.0,2001.0,Gable,CompShg,VinylSd,VinylSd,BrkFace,0.0,Gd,TA,PConc,Gd,TA,No,GLQ,643.0,Unf,0.0,167.0,810.0,GasA,Ex,Y,SBrkr,810.0,855.0,0.0,1665.0,1.0,0.0,2.0,1.0,3.0,1.0,Gd,6.0,Typ,0.0,Gd,Attchd,2001.0,Fin,2.0,528.0,TA,TA,Y,0.0,45.0,0.0,0.0,0.0,0.0,Gd,MnPrv,Shed,0.0,11.0,2009.0,WD,Normal,227000.0,0.8059296353822398,4.0,极高
1017.0,20.0,RL,73.0,11883.0,Pave,Grvl,Reg,Lvl,AllPub,Inside,Gtl,CollgCr,Norm,Norm,1Fam,1Story,7.0,5.0,1996.0,1996.0,Hip,CompShg,VinylSd,VinylSd,BrkFace,196.0,Gd,TA,PConc,Gd,TA,Gd,GLQ,690.0,Unf,0.0,814.0,1504.0,GasA,Ex,Y,SBrkr,1504.0,0.0,0.0,1504.0,1.0,0.0,2.0,0.0,3.0,1.0,Gd,6.0,Typ,1.0,TA,Attchd,1996.0,Fin,2.0,478.0,TA,TA,Y,115.0,66.0,0.0,0.0,0.0,0.0,Gd,MnPrv,Shed,0.0,6.0,2009.0,WD,Normal,203000.0,0.4385909800125366,3.0,高
1018.0,120.0,RL,54.8,5814.0,Pave,Grvl,IR1,Lvl,AllPub,CulDSac,Gtl,StoneBr,Norm,Norm,TwnhsE,1Story,8.0,5.0,1984.0,1984.0,Gable,CompShg,HdBoard,HdBoard,BrkFace,0.0,Gd,TA,CBlock,Gd,TA,Av,GLQ,1036.0,Unf,0.0,184.0,1220.0,GasA,Gd,Y,SBrkr,1360.0,0.0,0.0,1360.0,1.0,0.0,1.0,0.0,1.0,1.0,Gd,4.0,Typ,1.0,Ex,Attchd,1984.0,RFn,2.0,565.0,TA,TA,Y,63.0,0.0,0.0,0.0,0.0,0.0,Gd,MnPrv,Shed,0.0,8.0,2009.0,COD,Abnorml,187500.0,0.2013514317529366,3.0,高
1019.0,80.0,RL,79.4,10784.0,Pave,Grvl,IR1,Lvl,AllPub,FR2,Gtl,Gilbert,Norm,Norm,1Fam,SLvl,7.0,5.0,1991.0,1992.0,Gable,CompShg,HdBoard,HdBoard,BrkFace,76.0,Gd,TA,PConc,Gd,TA,No,Unf,0.0,Unf,0.0,384.0,384.0,GasA,Gd,Y,SBrkr,802.0,670.0,0.0,1472.0,0.0,0.0,2.0,1.0,3.0,1.0,Gd,7.0,Typ,1.0,TA,Attchd,1991.0,RFn,2.0,402.0,TA,TA,Y,164.0,0.0,0.0,0.0,0.0,0.0,Gd,MnPrv,Shed,0.0,5.0,2007.0,WD,Normal,160000.0,-0.21955744419151502,2.0,中
1020.0,120.0,RL,43.0,3013.0,Pave,Grvl,Reg,Lvl,AllPub,Inside,Gtl,Blmngtn,Norm,Norm,TwnhsE,1Story,7.0,5.0,2005.0,2005.0,Gable,CompShg,VinylSd,VinylSd,BrkFace,145.0,Gd,TA,PConc,Gd,TA,Gd,GLQ,16.0,Unf,0.0,1346.0,1362.0,GasA,Ex,Y,SBrkr,1506.0,0.0,0.0,1506.0,0.0,0.0,2.0,0.0,2.0,1.0,Gd,6.0,Typ,1.0,Gd,Attchd,2005.0,Fin,2.0,440.0,TA,TA,Y,142.0,20.0,0.0,0.0,0.0,0.0,Gd,MnPrv,Shed,0.0,4.0,2006.0,WD,Normal,213490.0,0.5991485839637111,3.0,高
1021.0,20.0,RL,60.0,7024.0,Pave,Grvl,Reg,Lvl,AllPub,Inside,Gtl,Edwards,Norm,Norm,1Fam,1Story,4.0,5.0,2005.0,2005.0,Gable,CompShg,VinylSd,VinylSd,BrkFace,0.0,TA,TA,PConc,Gd,TA,No,GLQ,1024.0,Unf,0.0,108.0,1132.0,GasA,Ex,Y,SBrkr,1132.0,0.0,0.0,1132.0,1.0,0.0,1.0,1.0,2.0,1.0,Gd,5.0,Typ,0.0,Gd,Attchd,2005.0,Fin,2.0,451.0,TA,TA,Y,252.0,64.0,0.0,0.0,0.0,0.0,Gd,MnPrv,Shed,0.0,6.0,2008.0,WD,Normal,176000.0,0.025334992721620472,3.0,高
1022.0,20.0,RL,64.0,7406.0,Pave,Grvl,Reg,Lvl,AllPub,Inside,Gtl,CollgCr,Norm,Norm,1Fam,1Story,7.0,5.0,2006.0,2006.0,Gable,CompShg,VinylSd,VinylSd,Stone,84.0,Gd,TA,PConc,Gd,TA,Av,GLQ,684.0,Unf,0.0,515.0,1199.0,GasA,Ex,Y,SBrkr,1220.0,0.0,0.0,1220.0,1.0,0.0,2.0,0.0,2.0,1.0,Gd,6.0,Typ,0.0,Gd,Attchd,2006.0,RFn,2.0,632.0,TA,TA,Y,105.0,54.0,0.0,0.0,0.0,0.0,Gd,MnPrv,Shed,0.0,7.0,2006.0,New,Partial,194000.0,0.3008389842488979,3.0,高
1023.0,50.0,RM,52.0,9439.0,Pave,Grvl,Reg,Lvl,AllPub,Inside,Gtl,OldTown,Norm,Norm,1Fam,1.5Fin,5.0,5.0,1930.0,1950.0,Gable,CompShg,Wd Sdng,Wd Sdng,BrkFace,0.0,TA,TA,CBlock,TA,TA,No,LwQ,324.0,Unf,0.0,588.0,912.0,GasA,Gd,Y,FuseA,912.0,336.0,0.0,1248.0,0.0,0.0,1.0,0.0,2.0,1.0,TA,6.0,Typ,0.0,Gd,Detchd,1957.0,Unf,1.0,160.0,Fa,Fa,Y,0.0,0.0,192.0,0.0,0.0,0.0,Gd,MnPrv,Shed,0.0,3.0,2007.0,WD,Normal,87000.0,-1.3368791876076955,0.0,极低
1024.0,120.0,RL,43.0,3182.0,Pave,Grvl,Reg,Lvl,AllPub,Inside,Gtl,Blmngtn,Norm,Norm,TwnhsE,1Story,7.0,5.0,2005.0,2006.0,Gable,CompShg,VinylSd,VinylSd,BrkFace,14.0,Gd,TA,PConc,Gd,Gd,No,GLQ,16.0,Unf,0.0,1330.0,1346.0,GasA,Ex,Y,SBrkr,1504.0,0.0,0.0,1504.0,0.0,0.0,2.0,0.0,2.0,1.0,Gd,7.0,Typ,1.0,Gd,Attchd,2005.0,Fin,2.0,437.0,TA,TA,Y,156.0,20.0,0.0,0.0,0.0,0.0,Gd,MnPrv,Shed,0.0,5.0,2008.0,WD,Normal,191000.0,0.254921652327685,3.0,高
1025.0,20.0,RL,85.0,15498.0,Pave,Grvl,IR1,Lvl,AllPub,Corner,Gtl,Timber,Norm,Norm,1Fam,1Story,8.0,6.0,1976.0,1976.0,Hip,WdShake,Stone,HdBoard,BrkFace,0.0,Gd,TA,CBlock,Gd,TA,Av,ALQ,1165.0,LwQ,400.0,0.0,1565.0,GasA,TA,Y,SBrkr,2898.0,0.0,0.0,2898.0,1.0,0.0,2.0,0.0,2.0,1.0,Gd,10.0,Typ,1.0,Gd,Attchd,1976.0,Fin,2.0,665.0,TA,TA,Y,0.0,72.0,174.0,0.0,0.0,0.0,Gd,MnPrv,Shed,0.0,5.0,2008.0,COD,Abnorml,287000.0,1.7242762738064978,4.0,极高
1026.0,20.0,RL,70.0,7700.0,Pave,Grvl,Reg,Lvl,AllPub,Corner,Gtl,CollgCr,Norm,Norm,1Fam,1Story,5.0,5.0,1972.0,1972.0,Gable,CompShg,VinylSd,VinylSd,BrkFace,0.0,TA,TA,CBlock,TA,TA,No,LwQ,138.0,Rec,468.0,276.0,882.0,GasA,TA,Y,SBrkr,882.0,0.0,0.0,882.0,1.0,0.0,1.0,0.0,3.0,1.0,TA,5.0,Typ,0.0,Gd,Detchd,1980.0,Unf,2.0,461.0,TA,TA,Y,96.0,0.0,0.0,0.0,0.0,0.0,Gd,MnPrv,Shed,0.0,3.0,2007.0,WD,Normal,112500.0,-0.9465818662773859,0.0,极低
1027.0,20.0,RL,73.0,9300.0,Pave,Grvl,Reg,Lvl,AllPub,Inside,Gtl,NAmes,Feedr,Norm,1Fam,1Story,5.0,5.0,1960.0,1960.0,Gable,CompShg,MetalSd,HdBoard,BrkFace,324.0,TA,TA,CBlock,TA,TA,No,Rec,697.0,Unf,0.0,571.0,1268.0,GasA,TA,Y,SBrkr,1264.0,0.0,0.0,1264.0,1.0,0.0,1.0,0.0,3.0,1.0,TA,6.0,Typ,2.0,Gd,Attchd,1960.0,Unf,2.0,461.0,TA,TA,Y,0.0,0.0,0.0,0.0,143.0,0.0,Gd,MnPrv,Shed,0.0,4.0,2010.0,WD,Normal,167500.0,-0.10476411438848275,2.0,中
1028.0,20.0,RL,71.0,9520.0,Pave,Grvl,IR1,HLS,AllPub,Inside,Gtl,Timber,Norm,Norm,1Fam,1Story,8.0,5.0,2007.0,2008.0,Gable,CompShg,VinylSd,VinylSd,Stone,338.0,Gd,TA,PConc,Gd,TA,Gd,GLQ,1513.0,Unf,0.0,125.0,1638.0,GasA,Ex,Y,SBrkr,1646.0,0.0,0.0,1646.0,1.0,0.0,2.0,0.0,3.0,1.0,Gd,7.0,Typ,1.0,Gd,Attchd,2008.0,RFn,3.0,800.0,TA,TA,Y,192.0,44.0,0.0,0.0,0.0,0.0,Gd,MnPrv,Shed,0.0,4.0,2008.0,New,Partial,293077.0,1.8172894825015682,4.0,极高
1029.0,50.0,RL,79.0,9492.0,Pave,Grvl,Reg,Lvl,AllPub,Inside,Gtl,NAmes,Artery,Norm,1Fam,1.5Fin,5.0,5.0,1941.0,1950.0,Gable,CompShg,WdShing,Wd Shng,BrkFace,0.0,TA,TA,CBlock,TA,TA,No,Rec,368.0,BLQ,41.0,359.0,768.0,GasA,TA,Y,SBrkr,968.0,408.0,0.0,1376.0,1.0,0.0,1.0,0.0,3.0,1.0,TA,6.0,Typ,1.0,Gd,Attchd,1941.0,Unf,1.0,240.0,TA,TA,Y,0.0,0.0,0.0,0.0,0.0,0.0,Gd,MnPrv,Shed,0.0,4.0,2007.0,WD,Normal,105000.0,-1.0613751960804183,0.0,极低
1030.0,160.0,RM,21.0,1680.0,Pave,Grvl,Reg,Lvl,AllPub,Inside,Gtl,BrDale,Norm,Norm,Twnhs,2Story,6.0,7.0,1972.0,1972.0,Gable,CompShg,HdBoard,HdBoard,BrkFace,281.0,TA,TA,CBlock,TA,TA,No,BLQ,317.0,Unf,0.0,355.0,672.0,GasA,Gd,Y,SBrkr,672.0,546.0,0.0,1218.0,0.0,1.0,1.0,1.0,3.0,1.0,TA,7.0,Typ,0.0,Gd,Detchd,1972.0,Unf,1.0,264.0,TA,TA,Y,0.0,28.0,0.0,0.0,0.0,0.0,Gd,MnPrv,Shed,0.0,5.0,2006.0,WD,Normal,118000.0,-0.8624000910884956,0.0,极低
730.5,50.0,RH,70.0,9478.5,Pave,Grvl,Reg,Lvl,AllPub,Inside,Gtl,SWISU,Norm,Norm,2fmCon,2Story,6.0,5.0,1973.0,1994.0,Gable,CompShg,VinylSd,VinylSd,BrkFace,0.0,TA,TA,PConc,TA,TA,Mn,Unf,383.5,Unf,0.0,477.5,991.5,GasA,Gd,Y,SBrkr,1087.0,0.0,0.0,1464.0,0.0,0.0,2.0,0.0,3.0,1.0,TA,6.0,Typ,1.0,Gd,Attchd,1978.0,Unf,2.0,480.0,TA,TA,N,0.0,25.0,0.0,0.0,0.0,0.0,Gd,MnPrv,Shed,0.0,6.0,2008.0,WD,Normal,163000.0,-0.1736401122703021,2.0,中
730.5,50.0,RL,70.0,9478.5,Pave,Grvl,Reg,Lvl,AllPub,Corner,Gtl,SWISU,Norm,Norm,1Fam,2.5Fin,6.0,5.0,1973.0,1994.0,Gable,CompShg,Wd Sdng,Plywood,BrkFace,0.0,TA,TA,BrkTil,TA,TA,No,GLQ,383.5,Unf,0.0,477.5,991.5,GasA,Ex,Y,SBrkr,1087.0,0.0,0.0,1464.0,0.0,0.0,2.0,0.0,3.0,1.0,TA,6.0,Typ,1.0,TA,Basment,1978.0,Fin,2.0,480.0,TA,TA,Y,0.0,25.0,0.0,0.0,0.0,0.0,Gd,MnPrv,Shed,0.0,6.0,2008.0,WD,Normal,163000.0,-0.1736401122703021,2.0,中
1033.0,60.0,RL,92.2,14541.0,Pave,Grvl,IR1,Lvl,AllPub,Corner,Gtl,NoRidge,Norm,Norm,1Fam,2Story,8.0,7.0,1993.0,1993.0,Gable,CompShg,MetalSd,MetalSd,BrkFace,0.0,Gd,Gd,PConc,Gd,Gd,No,GLQ,1012.0,Unf,0.0,326.0,1338.0,GasA,Ex,Y,SBrkr,1352.0,1168.0,0.0,2520.0,1.0,0.0,2.0,1.0,5.0,1.0,Gd,10.0,Typ,1.0,TA,Attchd,1993.0,RFn,3.0,796.0,TA,TA,Y,209.0,55.0,0.0,0.0,0.0,0.0,Gd,MnPrv,Shed,0.0,11.0,2006.0,WD,Abnorml,310000.0,2.07630915186913,4.0,极高
1034.0,20.0,RL,71.8,8125.0,Pave,Grvl,Reg,Lvl,AllPub,Inside,Gtl,CollgCr,Norm,Norm,1Fam,1Story,7.0,5.0,2002.0,2002.0,Gable,CompShg,VinylSd,VinylSd,Stone,295.0,Gd,TA,PConc,Gd,TA,No,GLQ,986.0,Unf,0.0,668.0,1654.0,GasA,Ex,Y,SBrkr,1654.0,0.0,0.0,1654.0,1.0,0.0,2.0,0.0,3.0,1.0,Gd,6.0,Typ,0.0,Gd,Attchd,2002.0,Unf,3.0,900.0,TA,TA,Y,0.0,136.0,0.0,0.0,0.0,0.0,Gd,MnPrv,Shed,0.0,2.0,2006.0,WD,Normal,230000.0,0.8518469673034527,4.0,极高
1035.0,30.0,RL,50.0,6305.0,Pave,Grvl,Reg,Bnk,AllPub,Inside,Gtl,Crawfor,Norm,Norm,1Fam,1Story,5.0,7.0,1938.0,1950.0,Gable,CompShg,MetalSd,MetalSd,BrkFace,0.0,TA,Gd,PConc,Fa,Fa,No,Unf,0.0,Unf,0.0,920.0,920.0,GasA,Ex,Y,SBrkr,954.0,0.0,0.0,954.0,0.0,0.0,1.0,0.0,2.0,1.0,Fa,5.0,Typ,1.0,Gd,Basment,1938.0,Unf,1.0,240.0,Fa,TA,Y,0.0,0.0,0.0,0.0,0.0,0.0,Gd,MnPrv,Shed,0.0,6.0,2007.0,WD,Normal,119750.0,-0.8356149808011214,0.0,极低
1036.0,20.0,RL,74.2,11500.0,Pave,Grvl,IR1,Lvl,AllPub,CulDSac,Gtl,Edwards,Norm,Norm,1Fam,1Story,4.0,3.0,1957.0,1957.0,Gable,CompShg,Wd Sdng,Wd Sdng,BrkFace,0.0,TA,Gd,Slab,TA,TA,No,Unf,0.0,Unf,0.0,0.0,0.0,GasA,Ex,N,SBrkr,845.0,0.0,0.0,845.0,0.0,0.0,1.0,0.0,3.0,1.0,TA,5.0,Typ,0.0,Gd,Detchd,1957.0,Unf,1.0,290.0,TA,TA,N,186.0,0.0,0.0,0.0,0.0,0.0,Gd,MnPrv,Shed,0.0,1.0,2009.0,WD,Normal,84000.0,-1.3827965195289085,0.0,极低
1037.0,20.0,RL,89.0,12898.0,Pave,Grvl,IR1,HLS,AllPub,Inside,Gtl,Timber,Norm,Norm,1Fam,1Story,9.0,5.0,2007.0,2008.0,Hip,CompShg,VinylSd,VinylSd,Stone,70.0,Gd,TA,PConc,Ex,TA,Gd,GLQ,1022.0,Unf,0.0,598.0,1620.0,GasA,Ex,Y,SBrkr,1620.0,0.0,0.0,1620.0,1.0,0.0,2.0,0.0,2.0,1.0,Ex,6.0,Typ,1.0,Ex,Attchd,2008.0,Fin,3.0,912.0,TA,TA,Y,228.0,0.0,0.0,0.0,0.0,0.0,Gd,MnPrv,Shed,0.0,9.0,2009.0,WD,Normal,315500.0,2.1604909270580204,4.0,极高
1038.0,60.0,RL,86.0,9240.0,Pave,Grvl,Reg,Lvl,AllPub,Inside,Gtl,CollgCr,Norm,Norm,1Fam,2Story,8.0,5.0,2001.0,2002.0,Gable,CompShg,VinylSd,VinylSd,BrkFace,396.0,Gd,TA,PConc,Gd,TA,No,Unf,0.0,Unf,0.0,1055.0,1055.0,GasA,Ex,Y,SBrkr,1055.0,1208.0,0.0,2263.0,0.0,0.0,2.0,1.0,3.0,1.0,Gd,7.0,Typ,1.0,TA,BuiltIn,2001.0,Fin,2.0,905.0,TA,TA,Y,0.0,45.0,0.0,0.0,189.0,0.0,Gd,MnPrv,Shed,0.0,9.0,2008.0,WD,Normal,287000.0,1.7242762738064978,4.0,极高
1039.0,160.0,RM,21.0,1533.0,Pave,Grvl,Reg,Lvl,AllPub,Inside,Gtl,MeadowV,Norm,Norm,Twnhs,2Story,4.0,6.0,1970.0,2008.0,Gable,CompShg,CemntBd,CmentBd,BrkFace,0.0,TA,TA,CBlock,TA,TA,No,Unf,0.0,Unf,0.0,546.0,546.0,GasA,TA,Y,SBrkr,798.0,546.0,0.0,1344.0,0.0,0.0,1.0,1.0,3.0,1.0,TA,6.0,Typ,1.0,TA,Attchd,1958.0,Unf,0.0,0.0,TA,TA,Y,0.0,0.0,0.0,0.0,0.0,0.0,Gd,MnPrv,Shed,0.0,5.0,2009.0,WD,Normal,97000.0,-1.1838214145369859,0.0,极低
1040.0,180.0,RM,21.0,1477.0,Pave,Grvl,Reg,Lvl,AllPub,Inside,Gtl,MeadowV,Norm,Norm,TwnhsE,SFoyer,4.0,4.0,1970.0,1970.0,Gable,CompShg,CemntBd,CmentBd,BrkFace,0.0,TA,TA,CBlock,Gd,TA,Av,GLQ,509.0,Unf,0.0,121.0,630.0,GasA,TA,Y,SBrkr,630.0,0.0,0.0,630.0,1.0,0.0,1.0,0.0,1.0,1.0,TA,3.0,Typ,0.0,Gd,Attchd,1970.0,Unf,1.0,286.0,TA,TA,Y,0.0,0.0,0.0,0.0,0.0,0.0,Gd,MnPrv,Shed,0.0,4.0,2009.0,WD,Normal,80000.0,-1.4440196287571925,0.0,极低
1041.0,20.0,RL,88.0,13125.0,Pave,Grvl,Reg,Lvl,AllPub,Corner,Gtl,Sawyer,Norm,Norm,1Fam,1Story,5.0,4.0,1957.0,2000.0,Gable,CompShg,Wd Sdng,Wd Sdng,BrkCmn,67.0,TA,TA,CBlock,TA,TA,No,Rec,168.0,BLQ,682.0,284.0,1134.0,GasA,Ex,Y,SBrkr,1803.0,0.0,0.0,1803.0,1.0,0.0,2.0,0.0,3.0,1.0,TA,8.0,Maj1,1.0,TA,Attchd,1957.0,RFn,2.0,484.0,TA,TA,Y,0.0,0.0,0.0,0.0,0.0,0.0,Gd,GdPrv,Shed,0.0,1.0,2006.0,WD,Normal,155000.0,-0.29608633072686985,2.0,中
1042.0,60.0,RL,64.0,9130.0,Pave,Grvl,Reg,Lvl,AllPub,Inside,Gtl,NWAmes,Feedr,Norm,1Fam,2Story,6.0,8.0,1966.0,2000.0,Hip,CompShg,HdBoard,HdBoard,BrkFace,252.0,TA,TA,CBlock,TA,TA,No,GLQ,400.0,Rec,64.0,336.0,800.0,GasA,Gd,Y,SBrkr,800.0,832.0,0.0,1632.0,0.0,1.0,1.0,1.0,4.0,1.0,Gd,7.0,Typ,0.0,Gd,Attchd,1966.0,Unf,2.0,484.0,TA,TA,Y,0.0,40.0,0.0,0.0,0.0,0.0,Gd,MnPrv,Shed,0.0,7.0,2008.0,WD,Normal,173000.0,-0.020582339199592427,3.0,高
1043.0,120.0,RL,34.0,5381.0,Pave,Grvl,IR1,Lvl,AllPub,Inside,Gtl,NridgHt,Norm,Norm,Twnhs,1Story,6.0,5.0,2005.0,2005.0,Gable,CompShg,VinylSd,VinylSd,Stone,135.0,Gd,TA,PConc,Gd,TA,Av,ALQ,900.0,Unf,0.0,406.0,1306.0,GasA,Ex,Y,SBrkr,1306.0,0.0,0.0,1306.0,1.0,0.0,2.0,0.0,1.0,1.0,Gd,5.0,Typ,1.0,Gd,Attchd,2005.0,RFn,2.0,624.0,TA,TA,Y,170.0,63.0,0.0,0.0,0.0,0.0,Gd,MnPrv,Shed,0.0,8.0,2009.0,WD,Normal,196000.0,0.3314505388630398,3.0,高
1044.0,60.0,RL,86.0,11839.0,Pave,Grvl,Reg,Lvl,AllPub,Inside,Gtl,SawyerW,Norm,Norm,1Fam,2Story,7.0,5.0,1990.0,1990.0,Hip,CompShg,HdBoard,HdBoard,BrkFace,99.0,TA,TA,PConc,Gd,TA,No,GLQ,1085.0,Unf,0.0,390.0,1475.0,GasA,Ex,Y,SBrkr,1532.0,797.0,0.0,2329.0,1.0,0.0,2.0,1.0,4.0,1.0,Gd,10.0,Typ,1.0,Ex,Attchd,1990.0,Unf,2.0,514.0,TA,TA,Y,192.0,121.0,0.0,0.0,0.0,0.0,Gd,MnPrv,Shed,0.0,5.0,2008.0,WD,Normal,262280.0,1.3459174587757035,4.0,极高
730.5,50.0,RL,70.0,9478.5,Pave,Grvl,Reg,Lvl,AllPub,Inside,Gtl,NWAmes,PosN,Norm,1Fam,1Story,6.0,5.0,1973.0,1994.0,Hip,WdShngl,BrkFace,BrkFace,BrkFace,0.0,Gd,TA,PConc,Gd,TA,No,ALQ,383.5,Unf,0.0,477.5,991.5,GasA,TA,Y,SBrkr,1087.0,0.0,0.0,1464.0,0.0,0.0,2.0,0.0,3.0,1.0,Gd,6.0,Typ,1.0,Gd,Attchd,1978.0,Fin,2.0,480.0,TA,TA,Y,0.0,25.0,0.0,0.0,0.0,0.0,Gd,MnPrv,Shed,0.0,6.0,2008.0,WD,Normal,163000.0,-0.1736401122703021,2.0,中
1046.0,20.0,RL,77.0,13680.0,Pave,Grvl,IR1,Lvl,AllPub,CulDSac,Gtl,Edwards,Norm,Norm,1Fam,1Story,3.0,5.0,1955.0,1955.0,Hip,CompShg,BrkFace,Wd Sdng,BrkFace,0.0,TA,TA,Slab,TA,TA,No,Unf,0.0,Unf,0.0,0.0,0.0,GasA,Ex,Y,FuseA,1733.0,0.0,0.0,1733.0,0.0,0.0,2.0,0.0,4.0,1.0,TA,8.0,Min2,1.0,Gd,Attchd,1955.0,Unf,2.0,452.0,TA,TA,Y,0.0,0.0,0.0,0.0,0.0,0.0,Gd,MnPrv,Shed,0.0,6.0,2009.0,WD,Normal,139600.0,-0.5317953012557627,1.0,低
1047.0,60.0,RL,85.0,16056.0,Pave,Grvl,IR1,Lvl,AllPub,Inside,Gtl,StoneBr,Norm,Norm,1Fam,2Story,9.0,5.0,2005.0,2006.0,Hip,CompShg,CemntBd,CmentBd,Stone,208.0,Gd,TA,PConc,Ex,TA,Av,GLQ,240.0,Unf,0.0,1752.0,1992.0,GasA,Ex,Y,SBrkr,1992.0,876.0,0.0,2868.0,0.0,0.0,3.0,1.0,4.0,1.0,Ex,11.0,Typ,1.0,Gd,BuiltIn,2005.0,Fin,3.0,716.0,TA,TA,Y,214.0,108.0,0.0,0.0,0.0,0.0,Gd,MnPrv,Shed,0.0,7.0,2006.0,New,Partial,556581.0,5.850423026023996,4.0,极高
1048.0,20.0,RL,57.0,9245.0,Pave,Grvl,IR2,Lvl,AllPub,Inside,Gtl,CollgCr,Norm,Norm,1Fam,1Story,5.0,5.0,1994.0,1995.0,Gable,CompShg,VinylSd,VinylSd,BrkFace,0.0,TA,TA,PConc,Gd,TA,No,GLQ,686.0,Unf,0.0,304.0,990.0,GasA,Ex,Y,SBrkr,990.0,0.0,0.0,990.0,0.0,1.0,1.0,0.0,3.0,1.0,TA,5.0,Typ,0.0,Gd,Detchd,1996.0,Unf,2.0,672.0,TA,TA,Y,0.0,0.0,0.0,0.0,0.0,0.0,Gd,MnPrv,Shed,0.0,2.0,2008.0,WD,Normal,145000.0,-0.4491441037975795,1.0,低
1049.0,20.0,RL,100.0,21750.0,Pave,Grvl,Reg,Lvl,AllPub,Inside,Gtl,Mitchel,Norm,Norm,1Fam,1Story,5.0,4.0,1960.0,2006.0,Hip,CompShg,HdBoard,HdBoard,BrkFace,75.0,TA,Fa,Slab,TA,TA,No,Unf,0.0,Unf,0.0,0.0,0.0,GasA,TA,Y,SBrkr,1771.0,0.0,0.0,1771.0,0.0,0.0,1.0,0.0,3.0,1.0,TA,9.0,Min1,1.0,TA,Attchd,1960.0,Unf,2.0,336.0,TA,TA,Y,0.0,0.0,0.0,0.0,0.0,0.0,Gd,GdPrv,Shed,0.0,11.0,2009.0,WD,Normal,115000.0,-0.9083174230097085,0.0,极低
1050.0,20.0,RL,60.0,11100.0,Pave,Grvl,Reg,Low,AllPub,Inside,Gtl,Edwards,Norm,Norm,1Fam,1Story,4.0,7.0,1946.0,2006.0,Gable,CompShg,MetalSd,MetalSd,BrkFace,0.0,TA,TA,CBlock,TA,TA,No,Unf,0.0,Unf,0.0,0.0,0.0,GasA,Ex,Y,SBrkr,930.0,0.0,0.0,930.0,0.0,0.0,1.0,0.0,2.0,1.0,Gd,6.0,Typ,0.0,Gd,Detchd,1946.0,Unf,1.0,308.0,TA,TA,Y,0.0,0.0,0.0,0.0,0.0,0.0,Gd,MnPrv,Shed,0.0,4.0,2010.0,WD,Abnorml,84900.0,-1.3690213199525447,0.0,极低
1051.0,20.0,RL,73.0,8993.0,Pave,Grvl,IR1,Lvl,AllPub,Inside,Gtl,Gilbert,Norm,Norm,1Fam,1Story,7.0,5.0,2007.0,2007.0,Gable,CompShg,VinylSd,VinylSd,BrkFace,0.0,Gd,TA,PConc,Gd,TA,Av,Unf,0.0,Unf,0.0,1302.0,1302.0,GasA,Ex,Y,SBrkr,1302.0,0.0,0.0,1302.0,0.0,0.0,2.0,0.0,3.0,1.0,Gd,6.0,Typ,0.0,Gd,Attchd,2007.0,Fin,2.0,436.0,TA,TA,Y,0.0,22.0,0.0,0.0,0.0,0.0,Gd,MnPrv,Shed,0.0,8.0,2007.0,New,Partial,176485.0,0.03275829471554989,3.0,高
1052.0,20.0,RL,103.0,11175.0,Pave,Grvl,IR1,Lvl,AllPub,Corner,Gtl,CollgCr,Norm,Norm,1Fam,1Story,7.0,5.0,2007.0,2007.0,Gable,CompShg,VinylSd,VinylSd,BrkFace,0.0,Gd,TA,PConc,Gd,TA,Av,Unf,0.0,Unf,0.0,1316.0,1316.0,GasA,Ex,Y,SBrkr,1316.0,0.0,0.0,1316.0,0.0,0.0,2.0,0.0,3.0,1.0,Gd,6.0,Typ,1.0,Gd,Attchd,2007.0,Fin,2.0,440.0,TA,TA,Y,0.0,20.0,0.0,0.0,0.0,0.0,Gd,MnPrv,Shed,0.0,10.0,2007.0,New,Partial,200141.0,0.3948317626916207,3.0,高
1053.0,60.0,RL,100.0,9500.0,Pave,Grvl,Reg,Lvl,AllPub,Corner,Gtl,NAmes,Artery,Norm,1Fam,2Story,6.0,6.0,1964.0,1978.0,Gable,CompShg,VinylSd,VinylSd,BrkCmn,272.0,TA,TA,CBlock,TA,TA,No,Rec,442.0,Unf,0.0,374.0,816.0,GasA,TA,Y,SBrkr,1127.0,850.0,0.0,1977.0,0.0,1.0,1.0,1.0,4.0,1.0,TA,9.0,Typ,1.0,TA,Attchd,1964.0,RFn,2.0,540.0,TA,TA,Y,0.0,52.0,0.0,0.0,0.0,0.0,Gd,GdPrv,Shed,0.0,6.0,2007.0,WD,Normal,165000.0,-0.14302855765616015,2.0,中
1054.0,20.0,RL,68.0,8562.0,Pave,Grvl,Reg,Lvl,AllPub,Inside,Mod,Edwards,Norm,Norm,1Fam,1Story,5.0,6.0,1957.0,2002.0,Hip,CompShg,HdBoard,HdBoard,Stone,145.0,TA,TA,CBlock,TA,TA,Av,Rec,383.0,Unf,0.0,833.0,1216.0,GasA,Ex,Y,FuseA,1526.0,0.0,0.0,1526.0,0.0,0.0,1.0,0.0,4.0,1.0,TA,7.0,Min2,1.0,Gd,Basment,1957.0,Unf,1.0,364.0,TA,TA,Y,116.0,78.0,0.0,0.0,0.0,0.0,Gd,MnPrv,Shed,0.0,5.0,2010.0,WD,Normal,144500.0,-0.456796992451115,1.0,低
1055.0,60.0,RL,90.0,11367.0,Pave,Grvl,Reg,Lvl,AllPub,Corner,Gtl,CollgCr,Norm,Norm,1Fam,2Story,8.0,5.0,2002.0,2002.0,Gable,CompShg,VinylSd,VinylSd,BrkFace,210.0,Gd,TA,PConc,Gd,TA,Mn,GLQ,932.0,Unf,0.0,133.0,1065.0,GasA,Ex,Y,SBrkr,1091.0,898.0,0.0,1989.0,1.0,0.0,2.0,1.0,3.0,1.0,Gd,7.0,Typ,1.0,Gd,Attchd,2002.0,Fin,2.0,586.0,TA,TA,Y,199.0,60.0,0.0,0.0,0.0,0.0,Gd,MnPrv,Shed,0.0,11.0,2006.0,WD,Normal,255000.0,1.234491399980227,4.0,极高
730.5,50.0,RL,70.0,9478.5,Pave,Grvl,Reg,Lvl,AllPub,Inside,Gtl,NWAmes,Norm,Norm,1Fam,1Story,6.0,5.0,1973.0,1994.0,Gable,CompShg,Plywood,Plywood,BrkFace,0.0,TA,TA,CBlock,Gd,TA,No,ALQ,383.5,Unf,0.0,477.5,991.5,GasA,TA,Y,SBrkr,1087.0,0.0,0.0,1464.0,0.0,0.0,2.0,0.0,3.0,1.0,TA,6.0,Typ,1.0,TA,Attchd,1978.0,Fin,2.0,480.0,TA,TA,Y,0.0,25.0,0.0,0.0,0.0,0.0,Gd,MnPrv,Shed,0.0,6.0,2008.0,COD,Abnorml,163000.0,-0.1736401122703021,2.0,中
1057.0,120.0,RL,43.0,7052.0,Pave,Grvl,IR1,Lvl,AllPub,Inside,Gtl,NridgHt,Norm,Norm,TwnhsE,1Story,7.0,5.0,2005.0,2005.0,Gable,CompShg,VinylSd,VinylSd,Stone,240.0,Gd,TA,PConc,Gd,TA,Av,GLQ,659.0,Unf,0.0,705.0,1364.0,GasA,Ex,Y,SBrkr,1364.0,0.0,0.0,1364.0,1.0,0.0,2.0,0.0,2.0,1.0,Gd,6.0,Typ,1.0,Gd,Attchd,2005.0,RFn,2.0,484.0,TA,TA,Y,192.0,36.0,0.0,0.0,0.0,0.0,Gd,MnPrv,Shed,0.0,6.0,2006.0,WD,Normal,185850.0,0.1760968991962695,3.0,高
1058.0,60.0,RL,145.2,29959.0,Pave,Grvl,IR2,Lvl,AllPub,FR2,Gtl,NoRidge,Norm,Norm,1Fam,2Story,7.0,6.0,1994.0,1994.0,Gable,CompShg,HdBoard,HdBoard,BrkFace,0.0,Gd,TA,PConc,Gd,TA,No,GLQ,595.0,Unf,0.0,378.0,973.0,GasA,Ex,Y,SBrkr,979.0,871.0,0.0,1850.0,0.0,0.0,2.0,1.0,3.0,1.0,Gd,7.0,Typ,1.0,Gd,BuiltIn,1994.0,Fin,2.0,467.0,TA,TA,Y,168.0,98.0,0.0,0.0,0.0,0.0,Gd,MnPrv,Shed,0.0,1.0,2009.0,WD,Normal,248000.0,1.1273509588307302,4.0,极高
1059.0,60.0,RL,96.0,11308.0,Pave,Grvl,IR1,Lvl,AllPub,Inside,Gtl,NridgHt,Norm,Norm,1Fam,2Story,9.0,5.0,2008.0,2008.0,Gable,CompShg,VinylSd,VinylSd,Stone,154.0,Ex,TA,PConc,Ex,TA,Av,GLQ,936.0,Unf,0.0,168.0,1104.0,GasA,Ex,Y,SBrkr,1130.0,1054.0,0.0,2184.0,1.0,0.0,2.0,1.0,3.0,1.0,Ex,10.0,Typ,1.0,Gd,Attchd,2008.0,Fin,3.0,836.0,TA,TA,Y,0.0,102.0,0.0,0.0,0.0,0.0,Gd,MnPrv,Shed,0.0,7.0,2009.0,WD,Normal,335000.0,2.4589535845459043,4.0,极高
1060.0,50.0,RL,85.6,11275.0,Pave,Grvl,IR1,HLS,AllPub,Corner,Mod,Crawfor,Norm,Norm,1Fam,1.5Fin,6.0,7.0,1932.0,1950.0,Gable,CompShg,MetalSd,MetalSd,BrkFace,480.0,TA,TA,CBlock,TA,TA,Mn,Rec,297.0,LwQ,557.0,0.0,854.0,GasA,TA,Y,SBrkr,1096.0,895.0,0.0,1991.0,0.0,0.0,1.0,1.0,3.0,1.0,TA,7.0,Typ,1.0,Gd,Detchd,1977.0,Unf,2.0,432.0,TA,Fa,Y,0.0,0.0,19.0,0.0,0.0,0.0,Gd,MnPrv,Shed,0.0,3.0,2007.0,WD,Normal,220000.0,0.698789194232743,4.0,极高
1061.0,120.0,RL,41.0,4920.0,Pave,Grvl,Reg,Lvl,AllPub,Inside,Gtl,StoneBr,Norm,Norm,TwnhsE,1Story,8.0,5.0,2001.0,2001.0,Gable,CompShg,CemntBd,CmentBd,BrkFace,0.0,Gd,TA,PConc,Gd,TA,Mn,GLQ,616.0,Unf,0.0,722.0,1338.0,GasA,Ex,Y,SBrkr,1338.0,0.0,0.0,1338.0,1.0,0.0,2.0,0.0,2.0,1.0,Gd,6.0,Typ,0.0,Gd,Attchd,2001.0,Fin,2.0,582.0,TA,TA,Y,0.0,0.0,170.0,0.0,0.0,0.0,Gd,MnPrv,Shed,0.0,4.0,2010.0,WD,Normal,213500.0,0.5993016417367818,3.0,高
1062.0,30.0,C (all),120.0,18000.0,Grvl,Grvl,Reg,Low,AllPub,Inside,Gtl,IDOTRR,Norm,Norm,1Fam,1Story,3.0,4.0,1935.0,1950.0,Gable,CompShg,MetalSd,MetalSd,BrkFace,0.0,Fa,TA,CBlock,TA,TA,No,Unf,0.0,Unf,0.0,894.0,894.0,GasA,TA,Y,SBrkr,894.0,0.0,0.0,894.0,0.0,0.0,1.0,0.0,2.0,1.0,TA,6.0,Typ,0.0,Gd,Detchd,1994.0,RFn,3.0,1248.0,TA,TA,Y,0.0,20.0,0.0,0.0,0.0,0.0,Gd,MnPrv,Shed,560.0,8.0,2008.0,ConLD,Normal,81000.0,-1.4287138514501214,0.0,极低
730.5,50.0,RM,70.0,9478.5,Pave,Grvl,Reg,Lvl,AllPub,Inside,Gtl,OldTown,Norm,Norm,2fmCon,2Story,6.0,5.0,1973.0,1994.0,Gable,CompShg,Wd Sdng,Wd Sdng,BrkFace,0.0,TA,TA,BrkTil,TA,TA,No,Unf,383.5,Unf,0.0,477.5,991.5,GasA,TA,N,SBrkr,1087.0,0.0,0.0,1464.0,0.0,0.0,2.0,0.0,3.0,1.0,TA,6.0,Min2,1.0,Gd,Detchd,1978.0,Unf,2.0,480.0,TA,TA,Y,0.0,25.0,0.0,0.0,0.0,0.0,Gd,MnPrv,Shed,0.0,6.0,2008.0,WD,Normal,163000.0,-0.1736401122703021,2.0,中
1064.0,30.0,RM,50.0,6000.0,Pave,Grvl,Reg,Lvl,AllPub,Inside,Gtl,OldTown,Artery,Norm,1Fam,1Story,6.0,6.0,1925.0,1980.0,Gable,CompShg,MetalSd,MetalSd,BrkFace,0.0,TA,Gd,BrkTil,TA,TA,No,BLQ,397.0,Unf,0.0,706.0,1103.0,GasA,Gd,Y,SBrkr,1103.0,0.0,0.0,1103.0,0.0,0.0,1.0,0.0,2.0,1.0,Gd,5.0,Typ,1.0,Gd,Detchd,1976.0,Unf,2.0,440.0,TA,TA,Y,166.0,120.0,0.0,0.0,0.0,0.0,Gd,MnPrv,Shed,0.0,7.0,2006.0,WD,Normal,110500.0,-0.9771934208915278,0.0,极低
1065.0,20.0,RL,80.2,11000.0,Pave,Grvl,IR1,Lvl,AllPub,CulDSac,Gtl,NAmes,Norm,Norm,1Fam,1Story,5.0,6.0,1966.0,1966.0,Gable,CompShg,Plywood,Plywood,BrkFace,200.0,TA,TA,CBlock,TA,TA,Mn,BLQ,740.0,Rec,230.0,184.0,1154.0,GasA,Ex,Y,SBrkr,1154.0,0.0,0.0,1154.0,0.0,0.0,1.0,1.0,3.0,1.0,TA,6.0,Typ,1.0,Po,Attchd,1966.0,RFn,2.0,480.0,TA,TA,Y,0.0,58.0,0.0,0.0,0.0,0.0,Gd,MnPrv,Shed,0.0,11.0,2009.0,WD,Normal,154000.0,-0.3113921080339408,2.0,中
1066.0,60.0,RL,80.0,14000.0,Pave,Grvl,Reg,Lvl,AllPub,Inside,Mod,ClearCr,Norm,Norm,1Fam,2Story,7.0,5.0,1996.0,1997.0,Gable,CompShg,Wd Sdng,Wd Sdng,BrkFace,0.0,Gd,TA,PConc,Ex,TA,Gd,GLQ,1201.0,Unf,0.0,105.0,1306.0,GasA,Ex,Y,SBrkr,1306.0,954.0,0.0,2260.0,1.0,0.0,2.0,1.0,3.0,1.0,Gd,7.0,Typ,0.0,Gd,Attchd,1996.0,RFn,2.0,533.0,TA,TA,Y,296.0,44.0,0.0,0.0,0.0,0.0,Gd,MnPrv,Shed,0.0,4.0,2010.0,WD,Normal,328000.0,2.3518131433964076,4.0,极高
1067.0,60.0,RL,59.0,7837.0,Pave,Grvl,IR1,Lvl,AllPub,Inside,Gtl,Gilbert,Norm,Norm,1Fam,2Story,6.0,7.0,1993.0,1994.0,Gable,CompShg,VinylSd,VinylSd,BrkFace,0.0,Gd,TA,PConc,Gd,TA,No,Unf,0.0,Unf,0.0,799.0,799.0,GasA,Gd,Y,SBrkr,799.0,772.0,0.0,1571.0,0.0,0.0,2.0,1.0,3.0,1.0,TA,7.0,Typ,1.0,TA,Attchd,1993.0,RFn,2.0,380.0,TA,TA,Y,0.0,40.0,0.0,0.0,0.0,0.0,Gd,MnPrv,Shed,0.0,5.0,2009.0,WD,Normal,178000.0,0.05594654733576241,3.0,高
1068.0,60.0,RL,80.0,9760.0,Pave,Grvl,Reg,Lvl,AllPub,Inside,Mod,NAmes,Norm,Norm,1Fam,2Story,6.0,6.0,1964.0,1964.0,Gable,CompShg,HdBoard,HdBoard,BrkFace,360.0,TA,TA,CBlock,TA,TA,Gd,GLQ,674.0,LwQ,106.0,0.0,780.0,GasA,TA,Y,SBrkr,798.0,813.0,0.0,1611.0,1.0,0.0,1.0,1.0,4.0,1.0,TA,7.0,Typ,0.0,Gd,Attchd,1964.0,RFn,2.0,442.0,TA,TA,Y,328.0,128.0,0.0,0.0,189.0,0.0,Gd,MnPrv,Shed,0.0,6.0,2008.0,WD,Normal,167900.0,-0.09864180346565436,2.0,中
1069.0,160.0,RM,42.0,3964.0,Pave,Grvl,Reg,Lvl,AllPub,Inside,Gtl,MeadowV,Norm,Norm,TwnhsE,2Story,6.0,4.0,1973.0,1973.0,Gable,CompShg,CemntBd,CmentBd,BrkFace,0.0,TA,TA,CBlock,Gd,TA,No,ALQ,837.0,Unf,0.0,105.0,942.0,GasA,Gd,Y,SBrkr,1291.0,1230.0,0.0,2521.0,1.0,0.0,2.0,1.0,5.0,1.0,TA,10.0,Maj1,1.0,Gd,Attchd,1973.0,Fin,2.0,576.0,TA,TA,Y,728.0,20.0,0.0,0.0,0.0,0.0,Gd,GdPrv,Shed,0.0,6.0,2006.0,WD,Normal,151400.0,-0.3511871290323253,1.0,低
1070.0,45.0,RL,60.0,9600.0,Pave,Grvl,Reg,Lvl,AllPub,Inside,Gtl,NAmes,Norm,Norm,1Fam,1.5Unf,5.0,7.0,1949.0,2003.0,Gable,CompShg,MetalSd,MetalSd,BrkFace,0.0,TA,TA,CBlock,TA,TA,No,ALQ,220.0,Unf,0.0,625.0,845.0,GasA,TA,Y,SBrkr,893.0,0.0,0.0,893.0,0.0,1.0,1.0,0.0,2.0,1.0,Gd,4.0,Typ,0.0,Gd,Detchd,1985.0,Unf,2.0,576.0,TA,TA,Y,0.0,0.0,0.0,0.0,0.0,0.0,Gd,MnPrv,Shed,0.0,5.0,2007.0,WD,Normal,135000.0,-0.6022018768682892,1.0,低
1071.0,20.0,RL,72.0,10152.0,Pave,Grvl,Reg,Lvl,AllPub,Inside,Gtl,NAmes,Norm,Norm,1Fam,1Story,5.0,5.0,1956.0,1956.0,Hip,CompShg,MetalSd,MetalSd,BrkFace,120.0,TA,TA,CBlock,TA,TA,No,BLQ,586.0,Unf,0.0,462.0,1048.0,GasA,TA,Y,SBrkr,1048.0,0.0,0.0,1048.0,1.0,0.0,1.0,0.0,3.0,1.0,TA,6.0,Typ,0.0,Gd,Attchd,1956.0,Unf,1.0,286.0,TA,TA,Y,0.0,20.0,0.0,0.0,192.0,0.0,Gd,MnPrv,Shed,0.0,6.0,2007.0,WD,Normal,135000.0,-0.6022018768682892,1.0,低
1072.0,60.0,RL,78.0,11700.0,Pave,Grvl,Reg,Lvl,AllPub,Inside,Gtl,NWAmes,RRAn,Norm,1Fam,2Story,6.0,6.0,1968.0,1968.0,Gable,CompShg,MetalSd,MetalSd,BrkFace,0.0,TA,TA,CBlock,TA,TA,No,Rec,298.0,Unf,0.0,429.0,727.0,GasA,Ex,Y,SBrkr,829.0,727.0,0.0,1556.0,0.0,0.0,1.0,1.0,4.0,1.0,TA,8.0,Typ,0.0,Gd,Attchd,1968.0,Unf,2.0,441.0,TA,TA,Y,0.0,0.0,0.0,0.0,0.0,0.0,Gd,MnPrv,Shed,0.0,5.0,2009.0,WD,Normal,154000.0,-0.3113921080339408,2.0,中
1073.0,50.0,RL,50.0,7585.0,Pave,Grvl,Reg,Lvl,AllPub,Inside,Gtl,Edwards,Artery,Norm,1Fam,1.5Fin,5.0,3.0,1948.0,1950.0,Gable,CompShg,MetalSd,MetalSd,BrkFace,0.0,TA,TA,CBlock,Fa,Fa,Mn,Unf,0.0,Unf,0.0,810.0,810.0,GasA,Fa,Y,FuseA,1002.0,454.0,0.0,1456.0,1.0,1.0,1.0,0.0,4.0,1.0,TA,7.0,Typ,1.0,TA,Detchd,1954.0,Unf,1.0,280.0,TA,TA,P,0.0,0.0,0.0,0.0,0.0,0.0,Gd,MnPrv,Shed,0.0,8.0,2006.0,WD,Normal,91500.0,-1.2680031897258763,0.0,极低
1074.0,60.0,RL,75.0,7950.0,Pave,Grvl,IR1,Bnk,AllPub,Corner,Gtl,Edwards,Norm,Norm,1Fam,2Story,6.0,6.0,1977.0,1977.0,Hip,CompShg,HdBoard,Plywood,BrkFace,140.0,TA,TA,CBlock,TA,TA,No,BLQ,535.0,Unf,0.0,155.0,690.0,GasA,TA,Y,SBrkr,698.0,728.0,0.0,1426.0,0.0,0.0,1.0,1.0,3.0,1.0,TA,6.0,Typ,0.0,Gd,Attchd,1977.0,Fin,2.0,440.0,TA,TA,Y,252.0,0.0,0.0,0.0,0.0,0.0,Gd,MnPrv,Shed,0.0,7.0,2009.0,WD,Normal,159500.0,-0.2272103328450505,2.0,中
1075.0,20.0,RL,74.0,8556.0,Pave,Grvl,Reg,Lvl,AllPub,Inside,Gtl,CollgCr,Norm,Norm,1Fam,1Story,7.0,5.0,2006.0,2006.0,Gable,CompShg,VinylSd,VinylSd,BrkFace,0.0,Gd,TA,PConc,Gd,TA,Av,Unf,0.0,Unf,0.0,1240.0,1240.0,GasA,Ex,Y,SBrkr,1240.0,0.0,0.0,1240.0,0.0,0.0,2.0,0.0,2.0,1.0,Gd,5.0,Typ,0.0,Gd,Attchd,2006.0,RFn,3.0,826.0,TA,TA,Y,140.0,93.0,0.0,0.0,0.0,0.0,Gd,MnPrv,Shed,0.0,5.0,2007.0,WD,Normal,194000.0,0.3008389842488979,3.0,高
1076.0,70.0,RL,75.0,13125.0,Pave,Grvl,Reg,Lvl,AllPub,Inside,Gtl,Crawfor,Norm,Norm,1Fam,2Story,7.0,6.0,1940.0,1984.0,Gable,CompShg,Wd Sdng,Wd Sdng,BrkFace,0.0,TA,TA,CBlock,TA,TA,No,BLQ,410.0,Unf,0.0,390.0,800.0,GasA,TA,Y,SBrkr,960.0,780.0,0.0,1740.0,0.0,0.0,1.0,1.0,3.0,1.0,TA,6.0,Typ,2.0,Gd,Attchd,1940.0,Unf,1.0,240.0,TA,TA,Y,0.0,0.0,0.0,0.0,0.0,0.0,Gd,MnPrv,Shed,0.0,7.0,2007.0,CWD,Normal,219500.0,0.6911363055792076,4.0,极高
1077.0,50.0,RL,60.0,10800.0,Pave,Grvl,Reg,Lvl,AllPub,Inside,Gtl,OldTown,Norm,Norm,1Fam,1.5Fin,5.0,8.0,1936.0,1989.0,Gable,CompShg,Wd Sdng,Wd Sdng,BrkFace,0.0,TA,TA,CBlock,Fa,TA,No,ALQ,626.0,Unf,0.0,170.0,796.0,GasA,Gd,Y,SBrkr,1096.0,370.0,0.0,1466.0,0.0,1.0,2.0,0.0,3.0,1.0,Gd,7.0,Min1,1.0,TA,Attchd,1950.0,Unf,2.0,566.0,TA,TA,Y,436.0,21.0,0.0,0.0,0.0,0.0,Gd,MnPrv,Shed,500.0,4.0,2006.0,WD,Normal,170000.0,-0.06649967112080533,2.0,中
1078.0,20.0,RL,89.8,15870.0,Pave,Grvl,IR1,Lvl,AllPub,Corner,Gtl,NAmes,Norm,Norm,1Fam,1Story,5.0,5.0,1969.0,1969.0,Gable,CompShg,VinylSd,Plywood,BrkFace,0.0,TA,TA,CBlock,TA,TA,Mn,BLQ,75.0,Rec,791.0,230.0,1096.0,GasA,Ex,Y,SBrkr,1096.0,0.0,0.0,1096.0,1.0,0.0,1.0,0.0,3.0,1.0,TA,6.0,Typ,0.0,Gd,Attchd,1969.0,Fin,1.0,299.0,TA,TA,Y,240.0,32.0,0.0,0.0,0.0,0.0,Gd,MnPrv,Shed,0.0,3.0,2006.0,WD,Abnorml,138800.0,-0.5440399231014195,1.0,低
1079.0,120.0,RM,37.0,4435.0,Pave,Grvl,Reg,Lvl,AllPub,Inside,Gtl,CollgCr,Norm,Norm,TwnhsE,1Story,6.0,5.0,2004.0,2004.0,Gable,CompShg,VinylSd,VinylSd,BrkFace,169.0,Gd,TA,PConc,Gd,TA,Mn,GLQ,662.0,Unf,0.0,186.0,848.0,GasA,Ex,Y,SBrkr,848.0,0.0,0.0,848.0,1.0,0.0,1.0,0.0,1.0,1.0,Gd,3.0,Typ,1.0,Gd,Attchd,2004.0,RFn,2.0,420.0,TA,TA,Y,140.0,0.0,0.0,0.0,0.0,0.0,Gd,MnPrv,Shed,0.0,5.0,2006.0,WD,Normal,155900.0,-0.282311131150506,2.0,中
1080.0,20.0,RL,65.0,8775.0,Pave,Grvl,Reg,Lvl,AllPub,Inside,Gtl,CollgCr,Norm,Norm,1Fam,1Story,5.0,5.0,1994.0,1994.0,Gable,CompShg,VinylSd,VinylSd,BrkFace,0.0,TA,TA,PConc,Gd,TA,No,GLQ,495.0,Unf,0.0,495.0,990.0,GasA,Gd,Y,SBrkr,990.0,0.0,0.0,990.0,0.0,0.0,1.0,0.0,3.0,1.0,TA,5.0,Typ,0.0,Gd,Attchd,1996.0,Unf,1.0,299.0,TA,TA,Y,0.0,64.0,0.0,0.0,0.0,0.0,Gd,MnPrv,Shed,0.0,4.0,2007.0,WD,Normal,126000.0,-0.7399538726319279,1.0,低
730.5,50.0,RL,70.0,9478.5,Pave,Grvl,Reg,Lvl,AllPub,Inside,Gtl,NWAmes,Norm,Norm,1Fam,1Story,6.0,5.0,1973.0,1994.0,Gable,CompShg,VinylSd,VinylSd,BrkFace,0.0,Gd,Gd,CBlock,TA,TA,No,ALQ,383.5,Unf,0.0,477.5,991.5,GasA,Ex,Y,SBrkr,1087.0,0.0,0.0,1464.0,0.0,0.0,2.0,0.0,3.0,1.0,Gd,6.0,Typ,1.0,Gd,Attchd,1978.0,RFn,2.0,480.0,TA,TA,Y,0.0,25.0,0.0,0.0,0.0,0.0,Gd,MnPrv,Shed,0.0,6.0,2008.0,COD,Abnorml,163000.0,-0.1736401122703021,2.0,中
1082.0,20.0,RL,75.0,7500.0,Pave,Grvl,Reg,Lvl,AllPub,Corner,Gtl,Sawyer,Feedr,Norm,1Fam,1Story,5.0,5.0,1963.0,1963.0,Gable,CompShg,HdBoard,HdBoard,BrkFace,0.0,TA,TA,CBlock,TA,TA,No,ALQ,824.0,Unf,0.0,216.0,1040.0,GasA,Fa,Y,SBrkr,1040.0,0.0,0.0,1040.0,1.0,0.0,1.0,1.0,3.0,1.0,TA,5.0,Typ,0.0,Gd,Attchd,1963.0,Fin,1.0,308.0,TA,TA,Y,0.0,0.0,220.0,0.0,0.0,0.0,Gd,MnPrv,Shed,0.0,6.0,2010.0,WD,Normal,133000.0,-0.6328134314824311,1.0,低
1083.0,20.0,RL,70.0,8749.0,Pave,Grvl,Reg,Lvl,AllPub,Inside,Gtl,CollgCr,Norm,Norm,1Fam,1Story,7.0,5.0,2002.0,2002.0,Gable,CompShg,VinylSd,VinylSd,BrkFace,100.0,Gd,TA,PConc,Gd,TA,No,Unf,0.0,Unf,0.0,1459.0,1459.0,GasA,Ex,Y,SBrkr,1459.0,0.0,0.0,1459.0,0.0,0.0,2.0,0.0,3.0,1.0,Gd,6.0,Typ,1.0,Gd,Attchd,2002.0,RFn,2.0,527.0,TA,TA,Y,192.0,39.0,0.0,0.0,0.0,0.0,Gd,MnPrv,Shed,0.0,9.0,2007.0,WD,Normal,192000.0,0.27022742963475593,3.0,高
1084.0,20.0,RL,80.0,8800.0,Pave,Grvl,Reg,Lvl,AllPub,Inside,Gtl,NAmes,Norm,Norm,1Fam,1Story,6.0,6.0,1964.0,1964.0,Hip,CompShg,HdBoard,HdBoard,BrkFace,425.0,TA,TA,CBlock,TA,TA,No,BLQ,553.0,Unf,0.0,698.0,1251.0,GasA,TA,Y,SBrkr,1251.0,0.0,0.0,1251.0,1.0,0.0,1.0,0.0,3.0,1.0,TA,6.0,Typ,2.0,Gd,Attchd,1964.0,RFn,1.0,461.0,TA,TA,Y,0.0,116.0,0.0,0.0,0.0,0.0,Gd,MnPrv,Shed,700.0,3.0,2006.0,WD,Normal,160000.0,-0.21955744419151502,2.0,中
1085.0,60.0,RL,74.6,13031.0,Pave,Grvl,IR2,Lvl,AllPub,Corner,Gtl,Gilbert,Norm,Norm,1Fam,2Story,6.0,5.0,1995.0,1996.0,Gable,CompShg,HdBoard,HdBoard,BrkFace,0.0,TA,TA,PConc,Gd,TA,No,ALQ,592.0,Unf,0.0,99.0,691.0,GasA,Gd,Y,SBrkr,691.0,807.0,0.0,1498.0,0.0,0.0,2.0,1.0,3.0,1.0,TA,6.0,Typ,1.0,TA,Attchd,1995.0,Fin,2.0,409.0,TA,TA,Y,315.0,44.0,0.0,0.0,0.0,0.0,Gd,MnPrv,Shed,0.0,7.0,2006.0,WD,Normal,187500.0,0.2013514317529366,3.0,高
1086.0,85.0,RL,73.0,9069.0,Pave,Grvl,Reg,Lvl,AllPub,Inside,Gtl,SawyerW,Norm,Norm,1Fam,SFoyer,6.0,6.0,1992.0,1992.0,Gable,CompShg,HdBoard,HdBoard,BrkFace,0.0,TA,TA,PConc,Gd,TA,Av,GLQ,747.0,Unf,0.0,189.0,936.0,GasA,Ex,Y,SBrkr,996.0,0.0,0.0,996.0,1.0,0.0,1.0,0.0,2.0,1.0,Gd,5.0,Typ,0.0,Gd,Attchd,1992.0,Unf,2.0,564.0,TA,TA,Y,120.0,0.0,0.0,0.0,0.0,0.0,Gd,MnPrv,Shed,0.0,4.0,2010.0,WD,Normal,147000.0,-0.4185325491834376,1.0,低
1087.0,160.0,RM,24.0,1974.0,Pave,Grvl,Reg,Lvl,AllPub,Inside,Gtl,MeadowV,Norm,Norm,TwnhsE,2Story,4.0,5.0,1973.0,1973.0,Gable,CompShg,CemntBd,CmentBd,BrkFace,0.0,TA,TA,CBlock,TA,TA,No,BLQ,334.0,Unf,0.0,212.0,546.0,GasA,TA,Y,SBrkr,546.0,546.0,0.0,1092.0,0.0,0.0,1.0,1.0,3.0,1.0,TA,6.0,Typ,0.0,Gd,Attchd,1973.0,RFn,1.0,286.0,TA,TA,Y,120.0,96.0,0.0,0.0,0.0,0.0,Gd,MnPrv,Shed,0.0,5.0,2010.0,WD,Normal,83500.0,-1.3904494081824441,0.0,极低
1088.0,60.0,FV,85.0,10574.0,Pave,Grvl,Reg,Lvl,AllPub,Inside,Gtl,Somerst,Norm,Norm,1Fam,2Story,8.0,5.0,2005.0,2006.0,Gable,CompShg,VinylSd,VinylSd,BrkFace,0.0,Gd,TA,PConc,Gd,TA,Mn,Unf,0.0,Unf,0.0,1082.0,1082.0,GasA,Ex,Y,SBrkr,1082.0,871.0,0.0,1953.0,0.0,0.0,2.0,1.0,3.0,1.0,Gd,9.0,Typ,1.0,Gd,Attchd,2005.0,RFn,3.0,1043.0,TA,TA,Y,160.0,50.0,0.0,0.0,0.0,0.0,Gd,MnPrv,Shed,0.0,5.0,2009.0,WD,Normal,252000.0,1.188574068059014,4.0,极高
1089.0,160.0,RM,24.0,2522.0,Pave,Grvl,Reg,Lvl,AllPub,Inside,Gtl,Edwards,Norm,Norm,Twnhs,2Story,7.0,5.0,2004.0,2004.0,Gable,CompShg,VinylSd,VinylSd,Stone,50.0,Gd,TA,PConc,Gd,TA,No,Unf,0.0,Unf,0.0,970.0,970.0,GasA,Ex,Y,SBrkr,970.0,739.0,0.0,1709.0,0.0,0.0,2.0,0.0,3.0,1.0,Gd,7.0,Maj1,0.0,Gd,Detchd,2004.0,Unf,2.0,380.0,TA,TA,Y,0.0,40.0,0.0,0.0,0.0,0.0,Gd,MnPrv,Shed,0.0,4.0,2006.0,WD,Normal,137500.0,-0.5639374336006118,1.0,低
1090.0,120.0,FV,37.0,3316.0,Pave,Pave,IR1,Lvl,AllPub,Inside,Gtl,Somerst,Norm,Norm,TwnhsE,1Story,8.0,5.0,2005.0,2005.0,Gable,CompShg,MetalSd,MetalSd,BrkFace,0.0,Gd,TA,PConc,Gd,TA,No,GLQ,1039.0,Unf,0.0,208.0,1247.0,GasA,Ex,Y,SBrkr,1247.0,0.0,0.0,1247.0,1.0,0.0,1.0,1.0,1.0,1.0,Gd,4.0,Typ,1.0,Gd,Attchd,2005.0,Fin,2.0,550.0,TA,TA,Y,0.0,84.0,0.0,0.0,0.0,0.0,Gd,MnPrv,Shed,0.0,4.0,2006.0,WD,Normal,197000.0,0.34675631617011077,3.0,高
1091.0,90.0,RL,60.0,8544.0,Pave,Grvl,Reg,Lvl,AllPub,Corner,Gtl,NAmes,Norm,Norm,Duplex,1Story,3.0,4.0,1950.0,1950.0,Gable,CompShg,BrkFace,BrkFace,BrkFace,0.0,TA,TA,Slab,TA,TA,No,Unf,0.0,Unf,0.0,0.0,0.0,Wall,Fa,N,FuseA,1040.0,0.0,0.0,1040.0,0.0,0.0,2.0,0.0,2.0,2.0,TA,6.0,Typ,0.0,Gd,Detchd,1987.0,Unf,2.0,400.0,TA,TA,Y,0.0,0.0,0.0,0.0,0.0,0.0,Gd,MnPrv,Shed,0.0,6.0,2009.0,WD,Normal,92900.0,-1.246575101495977,0.0,极低
1092.0,160.0,FV,24.0,2160.0,Pave,Pave,Reg,Lvl,AllPub,Inside,Gtl,Somerst,Norm,Norm,Twnhs,2Story,7.0,5.0,1999.0,2000.0,Gable,CompShg,MetalSd,MetalSd,BrkFace,212.0,Gd,TA,PConc,Gd,TA,No,BLQ,510.0,Unf,0.0,90.0,600.0,GasA,Ex,Y,SBrkr,624.0,628.0,0.0,1252.0,1.0,0.0,2.0,1.0,2.0,1.0,Gd,4.0,Typ,0.0,Gd,Detchd,1999.0,Unf,2.0,462.0,TA,TA,Y,0.0,48.0,0.0,0.0,0.0,0.0,Gd,MnPrv,Shed,0.0,3.0,2008.0,WD,Normal,160000.0,-0.21955744419151502,2.0,中
1093.0,50.0,RL,60.0,8400.0,Pave,Grvl,Reg,Bnk,AllPub,Inside,Gtl,SWISU,Norm,Norm,1Fam,1.5Fin,6.0,5.0,1925.0,1950.0,Gable,CompShg,MetalSd,MetalSd,BrkFace,0.0,TA,TA,PConc,TA,TA,No,Rec,423.0,Unf,0.0,758.0,1181.0,GasA,Fa,Y,SBrkr,1390.0,304.0,0.0,1694.0,0.0,0.0,2.0,0.0,4.0,1.0,TA,7.0,Typ,1.0,Gd,Detchd,1925.0,Unf,2.0,576.0,TA,TA,Y,342.0,0.0,128.0,0.0,0.0,0.0,Gd,MnPrv,Shed,0.0,6.0,2008.0,WD,Normal,136500.0,-0.5792432109076827,1.0,低
1094.0,20.0,RL,71.0,9230.0,Pave,Grvl,Reg,Lvl,AllPub,Corner,Gtl,NAmes,Feedr,Norm,1Fam,1Story,5.0,8.0,1965.0,1998.0,Hip,CompShg,MetalSd,MetalSd,BrkFace,166.0,TA,TA,CBlock,TA,TA,Mn,GLQ,661.0,Unf,0.0,203.0,864.0,GasA,Gd,Y,SBrkr,1200.0,0.0,0.0,1200.0,1.0,0.0,1.0,1.0,1.0,1.0,Gd,6.0,Typ,0.0,Gd,Detchd,1977.0,Unf,2.0,884.0,TA,TA,Y,0.0,64.0,0.0,0.0,0.0,0.0,Gd,MnPrv,Shed,0.0,10.0,2006.0,WD,Normal,146000.0,-0.4338383264905085,1.0,低
1095.0,20.0,RL,74.0,5868.0,Pave,Grvl,Reg,Lvl,AllPub,Inside,Gtl,NAmes,Norm,Norm,1Fam,1Story,5.0,7.0,1956.0,2000.0,Gable,CompShg,MetalSd,MetalSd,BrkFace,0.0,TA,TA,CBlock,TA,TA,No,BLQ,248.0,Rec,240.0,448.0,936.0,GasA,Ex,Y,SBrkr,936.0,0.0,0.0,936.0,1.0,0.0,1.0,0.0,2.0,1.0,TA,4.0,Typ,0.0,Gd,Attchd,1956.0,Fin,1.0,308.0,TA,TA,Y,0.0,0.0,80.0,0.0,160.0,0.0,Gd,MnPrv,Shed,0.0,5.0,2010.0,WD,Normal,129000.0,-0.694036540710715,1.0,低
1096.0,20.0,RL,78.0,9317.0,Pave,Grvl,IR1,Lvl,AllPub,Inside,Gtl,CollgCr,Norm,Norm,1Fam,1Story,6.0,5.0,2006.0,2006.0,Gable,CompShg,VinylSd,VinylSd,BrkFace,0.0,Gd,TA,PConc,Gd,TA,No,GLQ,24.0,Unf,0.0,1290.0,1314.0,GasA,Gd,Y,SBrkr,1314.0,0.0,0.0,1314.0,0.0,0.0,2.0,0.0,3.0,1.0,Gd,6.0,Typ,1.0,Gd,Attchd,2006.0,RFn,2.0,440.0,TA,TA,Y,0.0,22.0,0.0,0.0,0.0,0.0,Gd,MnPrv,Shed,0.0,3.0,2007.0,WD,Normal,176432.0,0.03194708851827513,3.0,高
1097.0,70.0,RM,60.0,6882.0,Pave,Grvl,Reg,Lvl,AllPub,Inside,Gtl,IDOTRR,Norm,Norm,1Fam,2Story,6.0,7.0,1914.0,2006.0,Gable,CompShg,Wd Sdng,Wd Sdng,BrkFace,0.0,TA,TA,PConc,TA,TA,No,Unf,0.0,Unf,0.0,684.0,684.0,GasA,TA,Y,SBrkr,773.0,582.0,0.0,1355.0,0.0,0.0,1.0,1.0,3.0,1.0,Gd,7.0,Typ,0.0,Gd,Attchd,1967.0,Unf,0.0,0.0,TA,TA,Y,136.0,0.0,115.0,0.0,0.0,0.0,Gd,MnPrv,Shed,0.0,3.0,2007.0,WD,Normal,127000.0,-0.724648095324857,1.0,低
1098.0,120.0,RL,37.8,3696.0,Pave,Grvl,Reg,Lvl,AllPub,Inside,Gtl,StoneBr,Norm,Norm,TwnhsE,1Story,8.0,5.0,1986.0,1986.0,Gable,CompShg,HdBoard,HdBoard,BrkFace,0.0,Gd,TA,CBlock,Gd,TA,No,Unf,0.0,Unf,0.0,1074.0,1074.0,GasA,Ex,Y,SBrkr,1088.0,0.0,0.0,1088.0,0.0,0.0,1.0,1.0,2.0,1.0,Gd,5.0,Typ,0.0,Gd,Attchd,1987.0,RFn,2.0,461.0,TA,TA,Y,0.0,74.0,137.0,0.0,0.0,0.0,Gd,MnPrv,Shed,0.0,10.0,2007.0,WD,Normal,170000.0,-0.06649967112080533,2.0,中
1099.0,50.0,RM,50.0,6000.0,Pave,Grvl,Reg,Lvl,AllPub,Inside,Gtl,BrkSide,Norm,Norm,1Fam,1.5Fin,4.0,6.0,1936.0,1950.0,Gable,CompShg,MetalSd,MetalSd,BrkFace,0.0,TA,TA,BrkTil,TA,TA,No,BLQ,672.0,Unf,0.0,0.0,672.0,GasA,TA,Y,SBrkr,757.0,567.0,0.0,1324.0,0.0,0.0,1.0,0.0,3.0,1.0,TA,6.0,Typ,0.0,Gd,Detchd,1936.0,Unf,1.0,240.0,TA,TA,Y,0.0,0.0,0.0,0.0,0.0,0.0,Gd,MnPrv,Shed,0.0,7.0,2009.0,WD,Normal,128000.0,-0.7093423180177859,1.0,低
1100.0,20.0,RL,82.0,11880.0,Pave,Grvl,IR1,Lvl,AllPub,Inside,Gtl,NWAmes,RRAn,Norm,1Fam,1Story,7.0,5.0,1978.0,1978.0,Gable,CompShg,Plywood,Plywood,BrkFace,206.0,TA,TA,CBlock,Gd,TA,No,ALQ,704.0,Unf,0.0,567.0,1271.0,GasA,TA,Y,SBrkr,1601.0,0.0,0.0,1601.0,0.0,0.0,2.0,0.0,3.0,1.0,TA,7.0,Typ,1.0,TA,Attchd,1978.0,RFn,2.0,478.0,TA,TA,Y,0.0,0.0,0.0,0.0,0.0,0.0,Gd,MnPrv,Shed,0.0,4.0,2009.0,COD,Abnorml,157000.0,-0.2654747761127279,2.0,中
1101.0,30.0,RL,60.0,8400.0,Pave,Grvl,Reg,Bnk,AllPub,Inside,Gtl,SWISU,Norm,Norm,1Fam,1Story,2.0,5.0,1920.0,1950.0,Gable,CompShg,Wd Sdng,Wd Sdng,BrkFace,0.0,TA,TA,CBlock,TA,Fa,No,Rec,290.0,Unf,0.0,0.0,290.0,GasA,TA,N,FuseF,438.0,0.0,0.0,438.0,0.0,0.0,1.0,0.0,1.0,1.0,Fa,3.0,Typ,0.0,Gd,Detchd,1930.0,Unf,1.0,246.0,TA,TA,N,0.0,0.0,0.0,0.0,0.0,0.0,Gd,MnPrv,Shed,0.0,1.0,2009.0,WD,Normal,60000.0,-1.7501351748986118,0.0,极低
1102.0,20.0,RL,61.0,9758.0,Pave,Grvl,IR1,Lvl,AllPub,Inside,Gtl,NAmes,Norm,Norm,1Fam,1Story,5.0,5.0,1971.0,1971.0,Gable,CompShg,HdBoard,MetalSd,BrkFace,0.0,TA,TA,CBlock,TA,TA,No,BLQ,412.0,LwQ,287.0,251.0,950.0,GasA,TA,Y,SBrkr,950.0,0.0,0.0,950.0,0.0,0.0,1.0,0.0,3.0,1.0,TA,5.0,Typ,0.0,Gd,Detchd,1981.0,Unf,1.0,280.0,TA,TA,Y,0.0,0.0,0.0,0.0,0.0,0.0,Gd,MnPrv,Shed,0.0,7.0,2007.0,WD,Normal,119500.0,-0.8394414251278892,0.0,极低
1103.0,20.0,RL,70.0,7000.0,Pave,Grvl,Reg,Lvl,AllPub,Inside,Gtl,NAmes,Norm,Norm,1Fam,1Story,5.0,7.0,1960.0,2002.0,Gable,CompShg,Wd Sdng,Wd Sdng,BrkFace,45.0,TA,TA,CBlock,TA,TA,No,Rec,588.0,Unf,0.0,422.0,1010.0,GasA,Ex,Y,SBrkr,1134.0,0.0,0.0,1134.0,0.0,0.0,1.0,0.0,2.0,1.0,TA,6.0,Typ,0.0,Gd,Attchd,1960.0,RFn,1.0,254.0,TA,TA,Y,0.0,16.0,0.0,0.0,0.0,0.0,Gd,MnWw,Shed,0.0,4.0,2007.0,WD,Family,135000.0,-0.6022018768682892,1.0,低
1104.0,20.0,RL,79.0,8910.0,Pave,Grvl,Reg,Lvl,AllPub,Corner,Gtl,NAmes,Norm,Norm,1Fam,1Story,6.0,6.0,1959.0,1959.0,Hip,CompShg,BrkFace,BrkFace,BrkFace,0.0,TA,TA,CBlock,TA,TA,Mn,ALQ,655.0,Unf,0.0,0.0,655.0,GasA,Ex,Y,SBrkr,1194.0,0.0,0.0,1194.0,0.0,1.0,1.0,0.0,3.0,1.0,TA,6.0,Typ,1.0,Fa,BuiltIn,1954.0,Fin,2.0,539.0,TA,TA,Y,0.0,0.0,192.0,0.0,0.0,0.0,Gd,MnPrv,Shed,0.0,7.0,2006.0,WD,Normal,159500.0,-0.2272103328450505,2.0,中
1105.0,160.0,RM,24.0,2016.0,Pave,Grvl,Reg,Lvl,AllPub,Inside,Gtl,BrDale,Norm,Norm,TwnhsE,2Story,5.0,5.0,1970.0,1970.0,Gable,CompShg,HdBoard,HdBoard,BrkFace,304.0,TA,TA,CBlock,TA,TA,No,Unf,0.0,Unf,0.0,630.0,630.0,GasA,TA,Y,SBrkr,630.0,672.0,0.0,1302.0,0.0,0.0,2.0,1.0,3.0,1.0,TA,6.0,Typ,0.0,Gd,Detchd,1970.0,Unf,2.0,440.0,TA,TA,Y,0.0,0.0,0.0,0.0,0.0,0.0,Gd,MnPrv,Shed,0.0,4.0,2007.0,WD,Normal,106000.0,-1.0460694187733472,0.0,极低
1106.0,60.0,RL,98.0,12256.0,Pave,Grvl,IR1,Lvl,AllPub,Corner,Gtl,NoRidge,Norm,Norm,1Fam,2Story,8.0,5.0,1994.0,1995.0,Gable,CompShg,HdBoard,HdBoard,BrkFace,362.0,Gd,TA,PConc,Ex,TA,Av,GLQ,1032.0,Unf,0.0,431.0,1463.0,GasA,Ex,Y,SBrkr,1500.0,1122.0,0.0,2622.0,1.0,0.0,2.0,1.0,3.0,1.0,Gd,9.0,Typ,2.0,TA,Attchd,1994.0,RFn,2.0,712.0,TA,TA,Y,186.0,32.0,0.0,0.0,0.0,0.0,Gd,MnPrv,Shed,0.0,4.0,2010.0,WD,Normal,325000.0,2.3058958114751946,4.0,极高
1107.0,20.0,RL,114.0,10357.0,Pave,Grvl,IR1,Lvl,AllPub,Corner,Gtl,SawyerW,Feedr,Norm,1Fam,1Story,7.0,5.0,1990.0,1991.0,Hip,CompShg,HdBoard,HdBoard,BrkFace,0.0,Gd,TA,PConc,Gd,TA,Mn,GLQ,738.0,Unf,0.0,172.0,910.0,GasA,Gd,Y,SBrkr,1442.0,0.0,0.0,1442.0,1.0,0.0,2.0,0.0,3.0,1.0,Gd,6.0,Typ,1.0,TA,Attchd,1990.0,Fin,2.0,719.0,TA,TA,Y,0.0,244.0,0.0,0.0,0.0,0.0,Gd,MnPrv,Shed,0.0,5.0,2007.0,WD,Normal,179900.0,0.08502752421919725,3.0,高
1108.0,60.0,RL,168.0,23257.0,Pave,Grvl,IR3,HLS,AllPub,CulDSac,Gtl,Gilbert,Norm,Norm,1Fam,2Story,7.0,5.0,2006.0,2006.0,Gable,CompShg,VinylSd,VinylSd,BrkFace,0.0,Gd,TA,PConc,Ex,Gd,No,Unf,0.0,Unf,0.0,868.0,868.0,GasA,Ex,Y,SBrkr,887.0,1134.0,0.0,2021.0,0.0,0.0,2.0,1.0,3.0,1.0,Gd,9.0,Typ,1.0,Gd,BuiltIn,2006.0,RFn,2.0,422.0,TA,TA,Y,0.0,100.0,0.0,0.0,0.0,0.0,Gd,MnPrv,Shed,0.0,9.0,2006.0,New,Partial,274725.0,1.5363978573622017,4.0,极高
1109.0,60.0,RL,62.8,8063.0,Pave,Grvl,Reg,Lvl,AllPub,Inside,Gtl,Gilbert,Norm,Norm,1Fam,2Story,6.0,5.0,2000.0,2000.0,Gable,CompShg,VinylSd,VinylSd,BrkFace,0.0,TA,TA,PConc,Gd,TA,No,Unf,0.0,Unf,0.0,924.0,924.0,GasA,Ex,Y,SBrkr,948.0,742.0,0.0,1690.0,0.0,0.0,2.0,1.0,3.0,1.0,TA,7.0,Typ,1.0,TA,Attchd,2000.0,RFn,2.0,463.0,TA,TA,Y,100.0,48.0,0.0,0.0,0.0,0.0,Gd,MnPrv,Shed,0.0,11.0,2007.0,WD,Abnorml,181000.0,0.1018638792569753,3.0,高
1110.0,20.0,RL,107.0,11362.0,Pave,Grvl,IR1,Lvl,AllPub,Inside,Gtl,NridgHt,Norm,Norm,1Fam,1Story,8.0,5.0,2004.0,2005.0,Gable,CompShg,MetalSd,MetalSd,Stone,42.0,Gd,TA,PConc,Ex,TA,Mn,GLQ,1039.0,Unf,0.0,797.0,1836.0,GasA,Ex,Y,SBrkr,1836.0,0.0,0.0,1836.0,1.0,0.0,2.0,0.0,3.0,1.0,Gd,7.0,Typ,1.0,Gd,Attchd,2004.0,Fin,3.0,862.0,TA,TA,Y,125.0,185.0,0.0,0.0,0.0,0.0,Gd,MnPrv,Shed,0.0,3.0,2009.0,WD,Normal,280000.0,1.6171358326570011,4.0,极高
1111.0,60.0,RL,63.2,8000.0,Pave,Grvl,Reg,Lvl,AllPub,Inside,Gtl,Gilbert,Norm,Norm,1Fam,2Story,6.0,5.0,1995.0,1996.0,Gable,CompShg,HdBoard,HdBoard,BrkFace,0.0,TA,TA,PConc,Gd,TA,No,GLQ,219.0,Unf,0.0,554.0,773.0,GasA,Gd,Y,SBrkr,773.0,885.0,0.0,1658.0,1.0,0.0,2.0,1.0,3.0,1.0,TA,8.0,Typ,1.0,TA,Attchd,1995.0,Fin,2.0,431.0,TA,TA,Y,224.0,84.0,0.0,0.0,0.0,0.0,Gd,MnPrv,Shed,0.0,6.0,2008.0,WD,Normal,188000.0,0.20900432040647207,3.0,高
1112.0,60.0,RL,80.0,10480.0,Pave,Grvl,Reg,Lvl,AllPub,Inside,Gtl,NWAmes,Norm,Norm,1Fam,2Story,7.0,6.0,1976.0,1976.0,Hip,CompShg,Plywood,Plywood,BrkFace,660.0,TA,TA,CBlock,TA,TA,No,ALQ,403.0,Unf,0.0,400.0,803.0,GasA,TA,Y,SBrkr,1098.0,866.0,0.0,1964.0,0.0,0.0,2.0,1.0,4.0,1.0,TA,8.0,Typ,1.0,Gd,Attchd,1976.0,RFn,2.0,483.0,TA,TA,Y,0.0,69.0,0.0,0.0,0.0,0.0,Gd,MnPrv,Shed,0.0,9.0,2008.0,WD,Normal,205000.0,0.46920253462667855,3.0,高
1113.0,20.0,RL,73.0,7100.0,Pave,Grvl,IR1,Lvl,AllPub,Corner,Gtl,NAmes,Norm,Norm,1Fam,1Story,5.0,7.0,1957.0,1957.0,Gable,CompShg,WdShing,Wd Shng,BrkFace,0.0,TA,TA,CBlock,TA,TA,No,GLQ,708.0,Unf,0.0,108.0,816.0,GasA,TA,Y,FuseA,816.0,0.0,0.0,816.0,1.0,0.0,1.0,0.0,2.0,1.0,TA,5.0,Typ,0.0,Gd,Detchd,1957.0,Unf,1.0,308.0,TA,TA,Y,0.0,0.0,0.0,0.0,0.0,0.0,Gd,MnPrv,Shed,0.0,7.0,2006.0,WD,Normal,129900.0,-0.6802613411343511,1.0,低
1114.0,20.0,RL,66.0,8923.0,Pave,Grvl,Reg,Lvl,AllPub,Inside,Gtl,NAmes,Norm,Norm,1Fam,1Story,5.0,7.0,1953.0,2006.0,Gable,CompShg,Wd Sdng,Wd Sdng,BrkFace,0.0,TA,TA,CBlock,TA,TA,No,BLQ,643.0,Unf,0.0,365.0,1008.0,GasA,Gd,Y,SBrkr,1008.0,0.0,0.0,1008.0,1.0,0.0,1.0,0.0,2.0,1.0,Gd,6.0,Typ,0.0,Gd,Attchd,1953.0,Unf,1.0,240.0,TA,TA,Y,0.0,18.0,0.0,0.0,0.0,0.0,Gd,MnPrv,Shed,0.0,5.0,2007.0,WD,Normal,134500.0,-0.6098547655218247,1.0,低
1115.0,20.0,RL,90.0,5400.0,Pave,Grvl,Reg,Lvl,AllPub,Inside,Gtl,OldTown,Norm,Norm,1Fam,1Story,5.0,7.0,1954.0,2000.0,Gable,CompShg,MetalSd,MetalSd,BrkFace,0.0,TA,Gd,CBlock,TA,TA,No,Rec,415.0,Unf,0.0,418.0,833.0,GasA,Ex,Y,SBrkr,833.0,0.0,0.0,833.0,0.0,0.0,1.0,0.0,2.0,1.0,Gd,4.0,Typ,0.0,Gd,Detchd,1955.0,Unf,1.0,326.0,TA,TA,Y,0.0,0.0,0.0,0.0,0.0,0.0,Gd,MnPrv,Shed,0.0,8.0,2006.0,WD,Normal,117000.0,-0.8777058683955666,0.0,极低
1116.0,20.0,RL,93.0,12085.0,Pave,Grvl,Reg,Lvl,AllPub,Inside,Gtl,NridgHt,Norm,Norm,1Fam,1Story,8.0,5.0,2007.0,2007.0,Hip,CompShg,VinylSd,VinylSd,Stone,328.0,Gd,TA,PConc,Ex,TA,No,GLQ,1004.0,Unf,0.0,730.0,1734.0,GasA,Ex,Y,SBrkr,1734.0,0.0,0.0,1734.0,1.0,0.0,2.0,0.0,3.0,1.0,Ex,7.0,Typ,1.0,Gd,Attchd,2007.0,RFn,3.0,928.0,TA,TA,Y,0.0,0.0,0.0,0.0,0.0,0.0,Gd,MnPrv,Shed,0.0,11.0,2007.0,New,Partial,318000.0,2.198755370325698,4.0,极高
1117.0,80.0,RL,64.2,7750.0,Pave,Grvl,Reg,Lvl,AllPub,Inside,Gtl,Gilbert,Norm,Norm,1Fam,SLvl,8.0,5.0,2002.0,2002.0,Hip,CompShg,VinylSd,VinylSd,BrkFace,0.0,Gd,TA,PConc,Gd,TA,No,GLQ,353.0,Unf,0.0,55.0,408.0,GasA,Ex,Y,SBrkr,779.0,640.0,0.0,1419.0,1.0,0.0,2.0,1.0,3.0,1.0,Gd,7.0,Typ,1.0,TA,BuiltIn,2002.0,Fin,2.0,527.0,TA,TA,Y,120.0,0.0,0.0,0.0,0.0,0.0,Gd,MnPrv,Shed,0.0,3.0,2009.0,WD,Normal,184100.0,0.14931178890889532,3.0,高
1118.0,20.0,RL,57.0,9764.0,Pave,Grvl,IR1,Lvl,AllPub,FR2,Gtl,Sawyer,Feedr,Norm,1Fam,1Story,5.0,7.0,1967.0,2003.0,Gable,CompShg,VinylSd,VinylSd,BrkFace,0.0,TA,TA,CBlock,TA,TA,No,BLQ,702.0,Unf,0.0,192.0,894.0,GasA,Ex,Y,SBrkr,894.0,0.0,0.0,894.0,1.0,0.0,1.0,0.0,3.0,1.0,Gd,5.0,Typ,0.0,Gd,Attchd,1967.0,RFn,2.0,450.0,TA,TA,Y,0.0,0.0,0.0,0.0,0.0,0.0,Gd,MnPrv,Shed,0.0,5.0,2008.0,WD,Normal,130000.0,-0.678730763403644,1.0,低
1119.0,80.0,RL,85.0,13825.0,Pave,Grvl,Reg,Lvl,AllPub,Inside,Gtl,Sawyer,Norm,Norm,1Fam,SLvl,5.0,6.0,1958.0,1987.0,Gable,CompShg,MetalSd,MetalSd,BrkFace,0.0,TA,Gd,CBlock,TA,TA,No,Unf,0.0,Unf,0.0,533.0,533.0,GasA,TA,Y,SBrkr,1021.0,580.0,0.0,1601.0,0.0,1.0,1.0,0.0,3.0,1.0,TA,6.0,Min2,0.0,Gd,BuiltIn,1958.0,RFn,1.0,300.0,TA,TA,Y,280.0,34.0,0.0,0.0,0.0,0.0,Gd,MnPrv,Shed,0.0,12.0,2008.0,WD,Normal,140000.0,-0.5256729903329344,1.0,低
1120.0,20.0,RL,70.0,7560.0,Pave,Grvl,Reg,Lvl,AllPub,Inside,Gtl,NAmes,Norm,Norm,1Fam,1Story,5.0,5.0,1959.0,1959.0,Gable,CompShg,BrkFace,Wd Sdng,BrkFace,0.0,TA,TA,CBlock,TA,TA,No,LwQ,369.0,Unf,0.0,671.0,1040.0,GasA,TA,Y,FuseA,1040.0,0.0,0.0,1040.0,0.0,0.0,1.0,0.0,3.0,1.0,TA,6.0,Typ,0.0,Gd,Attchd,1959.0,RFn,1.0,286.0,TA,TA,Y,140.0,0.0,252.0,0.0,0.0,0.0,Gd,GdWo,Shed,0.0,7.0,2006.0,WD,Normal,133700.0,-0.6220993873674815,1.0,低
1121.0,30.0,RM,59.0,8263.0,Pave,Grvl,Reg,Bnk,AllPub,Inside,Mod,IDOTRR,Norm,Norm,1Fam,1Story,6.0,5.0,1920.0,1950.0,Gable,CompShg,BrkFace,BrkFace,BrkFace,0.0,TA,TA,BrkTil,TA,TA,No,Unf,0.0,Unf,0.0,1012.0,1012.0,GasA,TA,Y,FuseA,1012.0,0.0,0.0,1012.0,0.0,0.0,1.0,0.0,2.0,1.0,TA,6.0,Typ,1.0,Gd,Detchd,1920.0,Unf,1.0,308.0,TA,TA,Y,0.0,22.0,112.0,0.0,0.0,0.0,Gd,MnPrv,Shed,0.0,5.0,2007.0,WD,Normal,118400.0,-0.8562777801656672,0.0,极低
1122.0,20.0,RL,84.0,10084.0,Pave,Grvl,Reg,Lvl,AllPub,Inside,Gtl,CollgCr,Norm,Norm,1Fam,1Story,7.0,5.0,2005.0,2006.0,Gable,CompShg,VinylSd,VinylSd,BrkFace,196.0,Gd,TA,PConc,Gd,TA,Av,GLQ,24.0,Unf,0.0,1528.0,1552.0,GasA,Ex,Y,SBrkr,1552.0,0.0,0.0,1552.0,0.0,0.0,2.0,0.0,3.0,1.0,Gd,7.0,Typ,0.0,Gd,Attchd,2005.0,RFn,3.0,782.0,TA,TA,Y,144.0,20.0,0.0,0.0,0.0,0.0,Gd,MnPrv,Shed,0.0,7.0,2006.0,New,Partial,212900.0,0.5901181753525392,3.0,高
1123.0,20.0,RL,63.0,8926.0,Pave,Grvl,IR1,Lvl,AllPub,Corner,Gtl,Edwards,Norm,Norm,1Fam,1Story,4.0,3.0,1956.0,1956.0,Gable,CompShg,AsbShng,AsbShng,BrkFace,0.0,TA,TA,CBlock,TA,TA,No,Unf,0.0,Unf,0.0,672.0,672.0,GasA,Ex,Y,FuseA,960.0,0.0,0.0,960.0,0.0,0.0,1.0,0.0,3.0,1.0,TA,5.0,Typ,0.0,Gd,Basment,1956.0,Unf,1.0,288.0,TA,TA,Y,64.0,0.0,0.0,0.0,160.0,0.0,Gd,MnPrv,Shed,0.0,10.0,2009.0,COD,Abnorml,112000.0,-0.9542347549309215,0.0,极低
730.5,50.0,RL,70.0,9478.5,Pave,Grvl,Reg,Lvl,AllPub,Inside,Gtl,Edwards,Norm,Norm,1Fam,1Story,6.0,5.0,1973.0,1994.0,Hip,CompShg,VinylSd,VinylSd,BrkFace,0.0,TA,Ex,CBlock,TA,TA,No,Unf,383.5,Unf,0.0,477.5,991.5,GasA,Ex,Y,SBrkr,1087.0,0.0,0.0,1464.0,0.0,0.0,2.0,0.0,3.0,1.0,TA,6.0,Typ,1.0,Gd,Attchd,1978.0,Unf,2.0,480.0,TA,TA,Y,0.0,25.0,0.0,0.0,0.0,0.0,Gd,MnPrv,Shed,0.0,6.0,2008.0,WD,Normal,163000.0,-0.1736401122703021,2.0,中
1125.0,80.0,RL,79.8,9125.0,Pave,Grvl,IR1,Lvl,AllPub,Inside,Gtl,Gilbert,Norm,Norm,1Fam,SLvl,7.0,5.0,1992.0,1992.0,Gable,CompShg,HdBoard,HdBoard,BrkFace,170.0,TA,TA,PConc,Gd,TA,No,Unf,0.0,Unf,0.0,384.0,384.0,GasA,Gd,Y,SBrkr,812.0,670.0,0.0,1482.0,0.0,0.0,2.0,1.0,3.0,1.0,Gd,7.0,Typ,1.0,TA,Attchd,1992.0,Fin,2.0,392.0,TA,TA,Y,100.0,25.0,0.0,0.0,0.0,0.0,Gd,MnPrv,Shed,0.0,7.0,2007.0,WD,Normal,163900.0,-0.15986491269393824,2.0,中
1126.0,20.0,RL,60.0,10434.0,Pave,Grvl,Reg,Lvl,AllPub,Inside,Gtl,NAmes,Norm,Norm,1Fam,1Story,4.0,5.0,1955.0,1955.0,Gable,CompShg,Plywood,Plywood,BrkFace,0.0,TA,TA,CBlock,TA,TA,No,Unf,0.0,Unf,0.0,1005.0,1005.0,GasA,TA,Y,SBrkr,1005.0,0.0,0.0,1005.0,0.0,0.0,1.0,0.0,2.0,1.0,Fa,5.0,Typ,1.0,TA,Detchd,1977.0,Unf,2.0,672.0,Fa,Fa,Y,0.0,0.0,0.0,0.0,0.0,0.0,Gd,MnPrv,Shed,0.0,11.0,2009.0,WD,Normal,115000.0,-0.9083174230097085,0.0,极低
1127.0,120.0,RL,53.0,3684.0,Pave,Grvl,Reg,Lvl,AllPub,Inside,Gtl,Blmngtn,Norm,Norm,TwnhsE,1Story,7.0,5.0,2007.0,2007.0,Hip,CompShg,VinylSd,VinylSd,BrkFace,130.0,Gd,TA,PConc,Gd,TA,No,Unf,0.0,Unf,0.0,1373.0,1373.0,GasA,Ex,Y,SBrkr,1555.0,0.0,0.0,1555.0,0.0,0.0,2.0,0.0,2.0,1.0,Gd,7.0,Typ,1.0,TA,Attchd,2007.0,Fin,3.0,660.0,TA,TA,Y,143.0,20.0,0.0,0.0,0.0,0.0,Gd,MnPrv,Shed,0.0,6.0,2009.0,WD,Normal,174000.0,-0.005276561892521462,3.0,高
1128.0,20.0,RL,182.0,14572.0,Pave,Grvl,IR3,Lvl,AllPub,Corner,Gtl,Gilbert,Norm,Norm,1Fam,1Story,7.0,5.0,2004.0,2004.0,Hip,CompShg,VinylSd,VinylSd,BrkFace,0.0,Gd,TA,PConc,Gd,TA,Av,GLQ,1300.0,Unf,0.0,230.0,1530.0,GasA,Ex,Y,SBrkr,1530.0,0.0,0.0,1530.0,1.0,0.0,2.0,0.0,3.0,1.0,Gd,7.0,Typ,1.0,Gd,Attchd,2004.0,Fin,3.0,630.0,TA,TA,Y,144.0,36.0,0.0,0.0,0.0,0.0,Gd,MnPrv,Shed,0.0,11.0,2007.0,WD,Family,259000.0,1.2957145092085107,4.0,极高
1129.0,60.0,RL,59.0,11796.0,Pave,Grvl,IR1,Lvl,AllPub,Inside,Gtl,Gilbert,Norm,Norm,1Fam,2Story,7.0,5.0,2004.0,2005.0,Gable,CompShg,VinylSd,VinylSd,BrkFace,0.0,Gd,TA,PConc,Gd,TA,Av,Unf,0.0,Unf,0.0,847.0,847.0,GasA,Ex,Y,SBrkr,847.0,1112.0,0.0,1959.0,0.0,0.0,2.0,1.0,4.0,1.0,Gd,8.0,Typ,1.0,Gd,BuiltIn,2004.0,Fin,2.0,434.0,TA,TA,Y,100.0,48.0,0.0,0.0,0.0,0.0,Gd,MnPrv,Shed,0.0,7.0,2007.0,WD,Normal,215000.0,0.6222603076973882,3.0,高
1130.0,90.0,RM,60.0,7200.0,Pave,Grvl,Reg,Lvl,AllPub,Inside,Gtl,OldTown,Norm,Norm,Duplex,SFoyer,5.0,5.0,1980.0,1980.0,Gable,CompShg,MetalSd,MetalSd,BrkFace,180.0,TA,TA,CBlock,Gd,TA,Gd,GLQ,936.0,Unf,0.0,0.0,936.0,GasA,TA,Y,SBrkr,936.0,0.0,0.0,936.0,1.0,0.0,1.0,0.0,2.0,1.0,TA,4.0,Typ,0.0,Gd,Detchd,1980.0,Unf,2.0,672.0,TA,TA,Y,49.0,0.0,0.0,0.0,0.0,0.0,Gd,MnPrv,Shed,0.0,8.0,2007.0,WD,Normal,140000.0,-0.5256729903329344,1.0,低
1131.0,50.0,RL,65.0,7804.0,Pave,Grvl,Reg,Lvl,AllPub,Inside,Gtl,SWISU,Norm,Norm,1Fam,1.5Fin,4.0,3.0,1928.0,1950.0,Gable,CompShg,WdShing,Plywood,BrkFace,0.0,TA,TA,BrkTil,TA,TA,No,BLQ,622.0,Unf,0.0,500.0,1122.0,GasA,TA,Y,SBrkr,1328.0,653.0,0.0,1981.0,1.0,0.0,2.0,0.0,4.0,1.0,Gd,7.0,Min2,2.0,TA,Detchd,1981.0,Unf,2.0,576.0,TA,TA,Y,431.0,44.0,0.0,0.0,0.0,0.0,Gd,MnPrv,Shed,0.0,12.0,2009.0,WD,Normal,135000.0,-0.6022018768682892,1.0,低
1132.0,20.0,RL,63.0,10712.0,Pave,Grvl,Reg,Lvl,AllPub,Inside,Gtl,Mitchel,Norm,Norm,1Fam,1Story,5.0,5.0,1991.0,1992.0,Gable,CompShg,HdBoard,HdBoard,BrkFace,0.0,TA,TA,PConc,Gd,TA,Mn,BLQ,212.0,Unf,0.0,762.0,974.0,GasA,TA,Y,SBrkr,974.0,0.0,0.0,974.0,0.0,0.0,1.0,0.0,3.0,1.0,TA,5.0,Typ,0.0,Gd,Attchd,1952.4,Unf,0.0,0.0,TA,TA,Y,0.0,28.0,0.0,0.0,0.0,0.0,Gd,MnPrv,Shed,0.0,9.0,2007.0,Oth,Abnorml,93500.0,-1.2373916351117342,0.0,极低
1133.0,70.0,RM,90.0,9900.0,Pave,Grvl,Reg,Lvl,AllPub,Inside,Gtl,OldTown,Norm,Norm,1Fam,2Story,6.0,4.0,1880.0,1950.0,Gable,CompShg,Wd Sdng,Wd Sdng,BrkFace,0.0,TA,TA,BrkTil,TA,TA,Mn,Unf,0.0,Unf,0.0,1008.0,1008.0,GasW,TA,Y,SBrkr,1178.0,1032.0,0.0,2210.0,0.0,0.0,2.0,0.0,5.0,1.0,Fa,8.0,Typ,0.0,Gd,Detchd,1930.0,Unf,1.0,205.0,Fa,TA,N,0.0,48.0,0.0,0.0,0.0,0.0,Gd,MnPrv,Shed,0.0,5.0,2007.0,WD,Normal,117500.0,-0.8700529797420311,0.0,极低
1134.0,60.0,RL,80.0,9828.0,Pave,Grvl,IR1,Lvl,AllPub,Inside,Gtl,SawyerW,Norm,Norm,1Fam,2Story,8.0,5.0,1995.0,1995.0,Gable,CompShg,VinylSd,VinylSd,BrkFace,0.0,Gd,TA,PConc,Gd,TA,No,GLQ,584.0,Unf,0.0,544.0,1128.0,GasA,Ex,Y,SBrkr,1142.0,878.0,0.0,2020.0,0.0,0.0,2.0,1.0,3.0,1.0,Gd,8.0,Typ,1.0,TA,Attchd,1995.0,RFn,2.0,466.0,TA,TA,Y,0.0,155.0,0.0,0.0,0.0,0.0,Gd,MnPrv,Shed,0.0,6.0,2009.0,WD,Normal,239500.0,0.9972518517206269,4.0,极高
1135.0,60.0,RL,57.0,8773.0,Pave,Grvl,IR1,HLS,AllPub,Inside,Gtl,Gilbert,Norm,Norm,1Fam,2Story,6.0,5.0,1997.0,1997.0,Gable,CompShg,VinylSd,VinylSd,BrkFace,0.0,TA,TA,PConc,Gd,TA,Av,Unf,0.0,Unf,0.0,916.0,916.0,GasA,Gd,Y,SBrkr,916.0,684.0,0.0,1600.0,0.0,0.0,2.0,1.0,3.0,1.0,TA,7.0,Typ,1.0,TA,Attchd,1997.0,Fin,2.0,460.0,TA,TA,Y,100.0,38.0,0.0,0.0,0.0,0.0,Gd,MnPrv,Shed,0.0,8.0,2007.0,WD,Normal,169000.0,-0.08180544842787629,2.0,中
1136.0,30.0,RM,60.0,6180.0,Pave,Grvl,Reg,Lvl,AllPub,Corner,Gtl,BrkSide,Norm,Norm,1Fam,1Story,6.0,5.0,1926.0,1950.0,Gable,CompShg,Wd Sdng,Wd Sdng,BrkFace,0.0,TA,TA,BrkTil,TA,TA,No,Unf,0.0,Unf,0.0,960.0,960.0,GasA,TA,N,SBrkr,986.0,0.0,0.0,986.0,0.0,0.0,1.0,0.0,2.0,1.0,TA,5.0,Typ,1.0,Gd,Detchd,1926.0,Unf,1.0,180.0,TA,TA,Y,0.0,128.0,0.0,0.0,0.0,0.0,Gd,MnPrv,Shed,0.0,5.0,2007.0,WD,Normal,102000.0,-1.107292528001631,0.0,极低
1137.0,50.0,RL,80.0,9600.0,Pave,Grvl,Reg,Lvl,AllPub,Inside,Gtl,NAmes,Norm,Norm,1Fam,1.5Fin,6.0,5.0,1950.0,1950.0,Gable,CompShg,VinylSd,VinylSd,BrkFace,0.0,TA,TA,CBlock,TA,TA,No,BLQ,280.0,Unf,0.0,752.0,1032.0,GasA,TA,Y,FuseA,1032.0,220.0,0.0,1252.0,0.0,0.0,1.0,0.0,3.0,1.0,TA,6.0,Typ,0.0,Gd,Attchd,1950.0,Unf,1.0,288.0,TA,TA,Y,0.0,0.0,96.0,0.0,0.0,0.0,Gd,MnPrv,Shed,0.0,4.0,2008.0,WD,Abnorml,119000.0,-0.8470943137814246,0.0,极低
1138.0,50.0,RL,54.0,6342.0,Pave,Grvl,Reg,Lvl,AllPub,Inside,Gtl,Sawyer,Feedr,Norm,1Fam,1.5Fin,5.0,8.0,1875.0,1996.0,Gable,CompShg,VinylSd,VinylSd,BrkFace,0.0,TA,Gd,CBlock,TA,TA,No,Unf,0.0,Unf,0.0,780.0,780.0,GasA,Gd,N,SBrkr,780.0,240.0,0.0,1020.0,0.0,0.0,1.0,0.0,2.0,1.0,TA,6.0,Typ,0.0,Gd,Attchd,1963.6,Unf,0.0,0.0,TA,TA,N,0.0,0.0,176.0,0.0,0.0,0.0,Gd,MnPrv,Shed,0.0,5.0,2010.0,WD,Normal,94000.0,-1.2297387464581988,0.0,极低
1139.0,20.0,RL,74.2,9819.0,Pave,Grvl,IR1,Lvl,AllPub,Inside,Mod,Mitchel,Norm,Norm,1Fam,1Story,6.0,5.0,1977.0,1977.0,Gable,CompShg,Plywood,ImStucc,BrkFace,0.0,TA,TA,PConc,TA,TA,Gd,ALQ,1567.0,Unf,0.0,0.0,1567.0,GasA,TA,Y,SBrkr,1567.0,0.0,0.0,1567.0,1.0,0.0,2.0,0.0,2.0,1.0,Gd,5.0,Typ,2.0,TA,Attchd,1977.0,RFn,2.0,714.0,TA,TA,Y,264.0,32.0,0.0,0.0,0.0,0.0,Gd,MnPrv,Shed,0.0,5.0,2009.0,WD,Normal,196000.0,0.3314505388630398,3.0,高
1140.0,30.0,RL,98.0,8731.0,Pave,Grvl,IR1,Lvl,AllPub,Inside,Gtl,BrkSide,Norm,Norm,1Fam,1Story,5.0,5.0,1920.0,1950.0,Gable,CompShg,Stucco,Stucco,BrkFace,0.0,TA,Fa,BrkTil,TA,TA,No,BLQ,645.0,Unf,0.0,270.0,915.0,GasA,TA,Y,SBrkr,1167.0,0.0,0.0,1167.0,0.0,0.0,1.0,0.0,3.0,1.0,TA,6.0,Maj1,1.0,Gd,Detchd,1972.0,Unf,2.0,495.0,TA,TA,Y,0.0,0.0,216.0,0.0,126.0,0.0,Gd,MnPrv,Shed,0.0,5.0,2007.0,WD,Normal,144000.0,-0.46444988110465046,1.0,低
1141.0,20.0,RL,60.0,7350.0,Pave,Grvl,Reg,Lvl,AllPub,Corner,Gtl,NAmes,Norm,Norm,1Fam,1Story,5.0,7.0,1951.0,1951.0,Gable,CompShg,HdBoard,HdBoard,BrkFace,0.0,TA,TA,CBlock,TA,TA,Mn,ALQ,852.0,Unf,0.0,100.0,952.0,GasA,TA,Y,SBrkr,952.0,0.0,0.0,952.0,1.0,0.0,1.0,0.0,2.0,1.0,TA,4.0,Typ,0.0,Gd,Detchd,1988.0,Unf,2.0,840.0,TA,TA,Y,0.0,0.0,0.0,0.0,0.0,0.0,Gd,MnPrv,Shed,0.0,6.0,2008.0,COD,Abnorml,139000.0,-0.5409787676400053,1.0,低
1142.0,60.0,RL,81.4,10304.0,Pave,Grvl,IR1,Lvl,AllPub,CulDSac,Gtl,NWAmes,PosN,Norm,1Fam,2Story,5.0,7.0,1976.0,1976.0,Gable,CompShg,Plywood,Plywood,BrkFace,44.0,TA,Gd,CBlock,TA,TA,No,ALQ,381.0,Unf,0.0,399.0,780.0,GasA,Ex,Y,SBrkr,1088.0,780.0,0.0,1868.0,1.0,0.0,2.0,1.0,4.0,1.0,Gd,9.0,Typ,1.0,TA,Attchd,1976.0,Unf,2.0,484.0,TA,TA,Y,448.0,96.0,0.0,0.0,0.0,0.0,Gd,MnPrv,Shed,0.0,10.0,2009.0,WD,Normal,197500.0,0.3544092048236463,3.0,高
1143.0,60.0,RL,77.0,9965.0,Pave,Grvl,Reg,Lvl,AllPub,Inside,Gtl,CollgCr,Norm,Norm,1Fam,2Story,8.0,5.0,2006.0,2007.0,Hip,CompShg,VinylSd,VinylSd,Stone,340.0,Gd,TA,PConc,Ex,TA,Gd,GLQ,1150.0,Unf,0.0,316.0,1466.0,GasA,Ex,Y,SBrkr,1466.0,1362.0,0.0,2828.0,1.0,0.0,3.0,0.0,4.0,1.0,Gd,11.0,Typ,1.0,TA,BuiltIn,2006.0,RFn,3.0,1052.0,TA,TA,Y,125.0,144.0,0.0,0.0,0.0,0.0,Gd,MnPrv,Shed,0.0,4.0,2007.0,New,Partial,424870.0,3.834483791132372,4.0,极高
1144.0,20.0,RL,60.4,9000.0,Pave,Grvl,Reg,Lvl,AllPub,Inside,Gtl,Sawyer,Norm,Norm,1Fam,1Story,5.0,3.0,1959.0,1959.0,Gable,CompShg,Wd Sdng,Plywood,BrkFace,0.0,TA,TA,CBlock,TA,TA,No,GLQ,288.0,Unf,0.0,718.0,1006.0,GasA,TA,Y,SBrkr,1006.0,0.0,0.0,1006.0,0.0,0.0,1.0,0.0,3.0,1.0,TA,5.0,Typ,0.0,Gd,Attchd,1957.6,Unf,0.0,0.0,TA,TA,Y,0.0,24.0,0.0,0.0,0.0,0.0,Gd,MnPrv,Shed,0.0,7.0,2008.0,WD,Normal,80000.0,-1.4440196287571925,0.0,极低
1145.0,190.0,RL,60.0,12180.0,Pave,Grvl,Reg,Lvl,AllPub,Inside,Gtl,Edwards,Norm,Norm,2fmCon,1.5Fin,4.0,4.0,1941.0,1950.0,Gable,CompShg,MetalSd,MetalSd,BrkFace,0.0,TA,Fa,BrkTil,Gd,TA,No,BLQ,348.0,Unf,0.0,324.0,672.0,Grav,Fa,N,FuseA,672.0,252.0,0.0,924.0,1.0,0.0,1.0,0.0,2.0,1.0,Fa,5.0,Typ,0.0,Gd,Detchd,1941.0,Unf,1.0,280.0,TA,TA,Y,0.0,0.0,0.0,0.0,0.0,0.0,Gd,MnPrv,Shed,0.0,7.0,2010.0,WD,Normal,80000.0,-1.4440196287571925,0.0,极低
1146.0,50.0,RM,52.0,6240.0,Pave,Grvl,Reg,Lvl,AllPub,Inside,Gtl,BrkSide,Norm,Norm,1Fam,1.5Fin,5.0,6.0,1928.0,1950.0,Gable,CompShg,MetalSd,MetalSd,BrkFace,0.0,TA,TA,BrkTil,TA,TA,No,Unf,0.0,Unf,0.0,1042.0,1042.0,GasA,Ex,Y,SBrkr,1042.0,534.0,0.0,1576.0,0.0,0.0,1.0,0.0,3.0,1.0,TA,8.0,Typ,1.0,Gd,Detchd,1928.0,Unf,1.0,225.0,TA,TA,Y,0.0,0.0,0.0,0.0,0.0,0.0,Gd,MnPrv,Shed,0.0,8.0,2006.0,WD,Family,149000.0,-0.38792099456929563,1.0,低
1147.0,20.0,RL,90.6,11200.0,Pave,Grvl,Reg,Lvl,AllPub,Inside,Gtl,SawyerW,Norm,Norm,1Fam,1Story,6.0,5.0,1985.0,1985.0,Gable,CompShg,Wd Sdng,Wd Shng,BrkFace,85.0,Gd,TA,CBlock,Gd,TA,No,GLQ,1258.0,Unf,0.0,40.0,1298.0,GasA,TA,Y,SBrkr,1298.0,0.0,0.0,1298.0,1.0,0.0,2.0,0.0,3.0,1.0,Gd,5.0,Typ,1.0,TA,Attchd,1985.0,Unf,2.0,403.0,TA,TA,Y,165.0,26.0,0.0,0.0,0.0,0.0,Gd,MnPrv,Shed,0.0,5.0,2006.0,WD,Normal,180000.0,0.08655810194990435,3.0,高
1148.0,70.0,RL,75.0,12000.0,Pave,Grvl,Reg,Bnk,AllPub,Inside,Gtl,Crawfor,Norm,Norm,1Fam,2Story,7.0,7.0,1941.0,1950.0,Gable,CompShg,MetalSd,MetalSd,BrkFace,0.0,TA,TA,CBlock,TA,TA,No,Rec,275.0,Unf,0.0,429.0,704.0,GasA,Ex,Y,SBrkr,860.0,704.0,0.0,1564.0,0.0,0.0,1.0,1.0,3.0,1.0,Fa,7.0,Typ,1.0,Gd,Attchd,1941.0,Unf,1.0,234.0,TA,TA,Y,0.0,0.0,0.0,0.0,0.0,0.0,Gd,MnPrv,Shed,0.0,7.0,2009.0,WD,Normal,174500.0,0.002376326761014022,3.0,高
1149.0,50.0,RM,57.8,5700.0,Pave,Grvl,Reg,Lvl,AllPub,Inside,Gtl,OldTown,Norm,Norm,1Fam,1.5Fin,7.0,7.0,1926.0,1950.0,Gable,CompShg,Wd Sdng,Wd Sdng,BrkFace,0.0,TA,TA,PConc,TA,TA,No,Unf,0.0,Unf,0.0,572.0,572.0,GasA,TA,Y,SBrkr,572.0,539.0,0.0,1111.0,0.0,0.0,1.0,0.0,2.0,1.0,TA,5.0,Typ,1.0,Gd,Detchd,1982.0,Unf,1.0,288.0,TA,TA,Y,0.0,0.0,176.0,0.0,0.0,0.0,Gd,MnPrv,Shed,0.0,8.0,2008.0,WD,Normal,116900.0,-0.8792364461262737,0.0,极低
730.5,50.0,RM,70.0,9478.5,Pave,Grvl,Reg,Lvl,AllPub,Inside,Gtl,OldTown,Artery,Norm,1Fam,2Story,6.0,5.0,1973.0,1994.0,Hip,CompShg,VinylSd,VinylSd,BrkFace,0.0,TA,Gd,PConc,TA,TA,No,ALQ,383.5,Unf,0.0,477.5,991.5,GasA,Ex,Y,SBrkr,1087.0,0.0,0.0,1464.0,0.0,0.0,2.0,0.0,3.0,1.0,TA,6.0,Typ,1.0,Gd,Detchd,1978.0,Unf,2.0,480.0,TA,TA,Y,0.0,25.0,0.0,0.0,0.0,0.0,Gd,MnPrv,Shed,0.0,6.0,2008.0,WD,Normal,163000.0,-0.1736401122703021,2.0,中
1151.0,20.0,RL,57.0,8280.0,Pave,Grvl,IR1,Lvl,AllPub,Inside,Gtl,NAmes,Norm,Norm,1Fam,1Story,6.0,5.0,1950.0,1950.0,Gable,CompShg,BrkFace,BrkFace,BrkFace,0.0,TA,TA,CBlock,TA,TA,No,Unf,0.0,Unf,0.0,932.0,932.0,GasA,Ex,Y,FuseA,932.0,0.0,0.0,932.0,0.0,0.0,1.0,0.0,2.0,1.0,Gd,4.0,Typ,1.0,Gd,Attchd,1950.0,Unf,1.0,306.0,TA,TA,Y,0.0,0.0,214.0,0.0,0.0,0.0,Gd,GdPrv,Shed,0.0,11.0,2007.0,WD,Normal,124000.0,-0.7705654272460698,0.0,极低
1152.0,20.0,RL,134.0,17755.0,Pave,Grvl,Reg,Lvl,AllPub,Inside,Gtl,Edwards,Norm,Norm,1Fam,1Story,5.0,4.0,1959.0,1959.0,Gable,CompShg,HdBoard,Plywood,BrkFace,132.0,TA,TA,CBlock,TA,TA,No,BLQ,176.0,Unf,0.0,1290.0,1466.0,GasA,TA,Y,SBrkr,1466.0,0.0,0.0,1466.0,0.0,0.0,1.0,1.0,3.0,1.0,Fa,6.0,Typ,2.0,Gd,Attchd,1959.0,Fin,2.0,528.0,TA,TA,Y,0.0,140.0,0.0,0.0,100.0,0.0,Gd,MnPrv,Shed,0.0,11.0,2006.0,WD,Normal,149900.0,-0.37414579499293177,1.0,低
730.5,50.0,RL,70.0,9478.5,Pave,Grvl,IR1,Lvl,AllPub,Inside,Gtl,Crawfor,Norm,Norm,1Fam,1Story,6.0,5.0,1973.0,1994.0,Gable,CompShg,Stone,Stone,BrkFace,0.0,TA,TA,PConc,TA,TA,No,ALQ,383.5,GLQ,0.0,477.5,991.5,GasA,Ex,Y,SBrkr,1087.0,0.0,0.0,1464.0,0.0,0.0,2.0,0.0,3.0,1.0,Ex,6.0,Typ,1.0,Gd,Attchd,1978.0,Fin,2.0,480.0,TA,TA,Y,0.0,25.0,0.0,0.0,0.0,0.0,Gd,MnPrv,Shed,0.0,6.0,2008.0,WD,Abnorml,163000.0,-0.1736401122703021,2.0,中
1154.0,30.0,RM,56.2,5890.0,Pave,Grvl,Reg,Lvl,AllPub,Corner,Gtl,IDOTRR,Norm,Norm,1Fam,1Story,6.0,8.0,1930.0,2007.0,Gable,CompShg,Wd Sdng,Wd Sdng,BrkFace,0.0,Gd,Gd,BrkTil,TA,TA,Av,ALQ,538.0,Unf,0.0,278.0,816.0,GasA,Ex,Y,SBrkr,816.0,0.0,0.0,816.0,0.0,0.0,1.0,0.0,2.0,1.0,TA,5.0,Typ,0.0,Gd,Detchd,2002.0,Unf,1.0,432.0,TA,TA,Y,0.0,0.0,96.0,0.0,0.0,0.0,Gd,MnPrv,Shed,0.0,6.0,2008.0,WD,Normal,120500.0,-0.8241356478208182,0.0,极低
730.5,50.0,RL,70.0,9478.5,Pave,Grvl,IR1,Lvl,AllPub,Inside,Gtl,NAmes,Norm,Norm,1Fam,2Story,6.0,5.0,1973.0,1994.0,Gable,CompShg,VinylSd,VinylSd,Stone,0.0,TA,TA,CBlock,TA,TA,Gd,ALQ,383.5,Unf,0.0,477.5,991.5,GasA,TA,Y,SBrkr,1087.0,0.0,0.0,1464.0,0.0,0.0,2.0,0.0,3.0,1.0,Gd,6.0,Typ,1.0,Gd,Attchd,1978.0,Unf,2.0,480.0,TA,TA,Y,0.0,25.0,0.0,0.0,0.0,0.0,Gd,GdPrv,Shed,0.0,6.0,2008.0,WD,Normal,163000.0,-0.1736401122703021,2.0,中
1156.0,20.0,RL,90.0,10768.0,Pave,Grvl,IR1,Lvl,AllPub,Corner,Gtl,Veenker,Norm,Norm,1Fam,1Story,5.0,8.0,1976.0,2004.0,Gable,CompShg,Plywood,Plywood,BrkFace,0.0,Gd,Gd,CBlock,Gd,TA,Gd,ALQ,1157.0,Unf,0.0,280.0,1437.0,GasA,TA,Y,SBrkr,1437.0,0.0,0.0,1437.0,1.0,0.0,2.0,0.0,3.0,1.0,Gd,6.0,Typ,1.0,Fa,Attchd,1976.0,RFn,2.0,528.0,TA,TA,Y,0.0,21.0,0.0,0.0,180.0,0.0,Gd,MnPrv,Shed,0.0,7.0,2007.0,WD,Normal,218000.0,0.6681776396186011,4.0,极高
730.5,50.0,RL,70.0,9478.5,Pave,Grvl,Reg,Lvl,AllPub,Inside,Gtl,NAmes,Norm,Norm,1Fam,SLvl,6.0,5.0,1973.0,1994.0,Gable,CompShg,BrkFace,BrkFace,BrkFace,0.0,TA,Gd,PConc,TA,TA,Gd,ALQ,383.5,Unf,0.0,477.5,991.5,GasA,Gd,Y,SBrkr,1087.0,0.0,0.0,1464.0,0.0,0.0,2.0,0.0,3.0,1.0,Gd,6.0,Typ,1.0,Gd,Attchd,1978.0,RFn,2.0,480.0,TA,TA,Y,0.0,25.0,0.0,0.0,0.0,0.0,Gd,MnPrv,Shed,0.0,6.0,2008.0,WD,Normal,163000.0,-0.1736401122703021,2.0,中
1158.0,120.0,RL,34.0,5001.0,Pave,Grvl,IR1,Lvl,AllPub,Inside,Gtl,NridgHt,Norm,Norm,Twnhs,1Story,7.0,5.0,2007.0,2008.0,Gable,CompShg,VinylSd,VinylSd,Stone,166.0,Gd,TA,PConc,Gd,TA,No,GLQ,904.0,Unf,0.0,410.0,1314.0,GasA,Ex,Y,SBrkr,1314.0,0.0,0.0,1314.0,1.0,0.0,2.0,0.0,2.0,1.0,Gd,6.0,Typ,1.0,Gd,Attchd,2008.0,RFn,2.0,626.0,TA,TA,Y,172.0,62.0,0.0,0.0,0.0,0.0,Gd,MnPrv,Shed,0.0,7.0,2009.0,WD,Normal,230000.0,0.8518469673034527,4.0,极高
1159.0,20.0,RL,92.0,11932.0,Pave,Grvl,Reg,Lvl,AllPub,FR2,Gtl,Somerst,Feedr,Norm,1Fam,1Story,8.0,5.0,2007.0,2008.0,Gable,CompShg,VinylSd,VinylSd,Stone,186.0,Gd,TA,PConc,Gd,TA,No,Unf,0.0,Unf,0.0,1580.0,1580.0,GasA,Ex,Y,SBrkr,1580.0,0.0,0.0,1580.0,0.0,0.0,2.0,0.0,3.0,1.0,Gd,7.0,Typ,0.0,Gd,Attchd,2008.0,RFn,3.0,830.0,TA,TA,Y,0.0,24.0,0.0,0.0,0.0,0.0,Gd,MnPrv,Shed,0.0,6.0,2008.0,ConLD,Partial,235128.0,0.9303349933341126,4.0,极高
1160.0,60.0,RL,76.0,9120.0,Pave,Grvl,Reg,Lvl,AllPub,Inside,Gtl,NWAmes,Norm,Norm,1Fam,2Story,6.0,6.0,1974.0,1974.0,Hip,CompShg,HdBoard,HdBoard,BrkFace,270.0,Gd,TA,CBlock,TA,TA,No,ALQ,442.0,Unf,0.0,459.0,901.0,GasA,TA,Y,SBrkr,943.0,933.0,0.0,1876.0,0.0,0.0,2.0,1.0,4.0,1.0,Gd,8.0,Typ,1.0,TA,Attchd,1974.0,RFn,2.0,540.0,Gd,TA,Y,0.0,69.0,0.0,0.0,0.0,0.0,Gd,MnPrv,Shed,0.0,7.0,2008.0,WD,Normal,185000.0,0.16308698848525918,3.0,高
1161.0,160.0,RL,24.0,2280.0,Pave,Grvl,Reg,Lvl,AllPub,Inside,Gtl,NPkVill,Norm,Norm,Twnhs,2Story,6.0,5.0,1978.0,1978.0,Gable,CompShg,Plywood,Brk Cmn,BrkFace,0.0,TA,TA,CBlock,Gd,TA,No,ALQ,311.0,Unf,0.0,544.0,855.0,GasA,Fa,Y,SBrkr,855.0,601.0,0.0,1456.0,0.0,0.0,2.0,1.0,3.0,1.0,TA,7.0,Typ,1.0,TA,Attchd,1978.0,Unf,2.0,440.0,TA,TA,Y,26.0,0.0,0.0,0.0,0.0,0.0,Gd,MnPrv,Shed,0.0,7.0,2010.0,WD,Normal,146000.0,-0.4338383264905085,1.0,低
1162.0,20.0,RL,83.2,14778.0,Pave,Grvl,IR1,Low,AllPub,CulDSac,Gtl,Crawfor,PosN,Norm,1Fam,1Story,6.0,7.0,1954.0,2006.0,Hip,CompShg,HdBoard,HdBoard,BrkFace,72.0,Gd,TA,CBlock,TA,TA,No,BLQ,728.0,Unf,0.0,568.0,1296.0,GasA,Ex,Y,SBrkr,1640.0,0.0,0.0,1640.0,1.0,0.0,1.0,0.0,3.0,1.0,Gd,7.0,Typ,1.0,Gd,Detchd,1993.0,Unf,2.0,924.0,TA,TA,Y,108.0,0.0,0.0,216.0,0.0,0.0,Gd,MnPrv,Shed,0.0,11.0,2008.0,WD,Normal,224000.0,0.7600123034610269,4.0,极高
1163.0,20.0,RL,109.0,8724.0,Pave,Grvl,Reg,Lvl,AllPub,Inside,Gtl,Sawyer,Norm,Norm,1Fam,1Story,5.0,5.0,1968.0,1968.0,Gable,CompShg,VinylSd,VinylSd,BrkFace,0.0,TA,TA,CBlock,Gd,TA,No,BLQ,492.0,Unf,0.0,402.0,894.0,GasA,Gd,Y,SBrkr,894.0,0.0,0.0,894.0,0.0,0.0,1.0,0.0,3.0,1.0,TA,5.0,Typ,1.0,Po,Attchd,1968.0,Fin,2.0,450.0,TA,TA,Y,0.0,0.0,0.0,0.0,0.0,0.0,Gd,MnPrv,Shed,0.0,5.0,2007.0,WD,Normal,129000.0,-0.694036540710715,1.0,低
730.5,50.0,RL,70.0,9478.5,Pave,Grvl,Reg,Lvl,AllPub,Inside,Gtl,Sawyer,Feedr,Norm,Duplex,SFoyer,6.0,5.0,1973.0,1994.0,Gable,CompShg,Plywood,Plywood,BrkFace,0.0,TA,TA,CBlock,Gd,TA,Av,GLQ,383.5,Unf,0.0,477.5,991.5,GasA,TA,Y,SBrkr,1087.0,0.0,0.0,1464.0,0.0,0.0,2.0,0.0,3.0,1.0,TA,6.0,Typ,1.0,Gd,CarPort,1978.0,Unf,2.0,480.0,Fa,TA,Y,0.0,25.0,0.0,0.0,0.0,0.0,Gd,MnPrv,Shed,0.0,6.0,2008.0,WD,Alloca,163000.0,-0.1736401122703021,2.0,中
1165.0,80.0,RL,89.0,16157.0,Pave,Grvl,IR1,Lvl,AllPub,FR2,Gtl,Veenker,Feedr,Norm,1Fam,SLvl,5.0,7.0,1978.0,1978.0,Gable,CompShg,Plywood,Plywood,BrkFace,0.0,TA,TA,PConc,Gd,TA,Gd,ALQ,680.0,Rec,391.0,289.0,1360.0,GasA,Ex,Y,SBrkr,1432.0,0.0,0.0,1432.0,1.0,0.0,1.0,1.0,2.0,1.0,Gd,5.0,Typ,1.0,TA,Attchd,1978.0,Unf,2.0,588.0,TA,TA,Y,168.0,180.0,0.0,0.0,0.0,0.0,Gd,MnPrv,Shed,0.0,6.0,2007.0,WD,Normal,194000.0,0.3008389842488979,3.0,高
1166.0,20.0,RL,79.0,9541.0,Pave,Grvl,IR1,Lvl,AllPub,Inside,Gtl,NridgHt,Norm,Norm,1Fam,1Story,7.0,5.0,2009.0,2009.0,Gable,CompShg,VinylSd,VinylSd,Stone,268.0,Gd,TA,PConc,Gd,TA,No,Unf,0.0,Unf,0.0,1502.0,1502.0,GasA,Ex,Y,SBrkr,1502.0,0.0,0.0,1502.0,0.0,0.0,2.0,0.0,3.0,1.0,Gd,7.0,Typ,0.0,Gd,Attchd,2009.0,RFn,2.0,644.0,TA,TA,Y,0.0,114.0,0.0,0.0,0.0,0.0,Gd,MnPrv,Shed,0.0,9.0,2009.0,New,Partial,233170.0,0.9003662813668677,4.0,极高
1167.0,20.0,RL,64.0,10475.0,Pave,Grvl,IR1,Lvl,AllPub,Corner,Gtl,CollgCr,Norm,Norm,1Fam,1Story,8.0,5.0,2008.0,2008.0,Gable,CompShg,VinylSd,VinylSd,Stone,72.0,Gd,TA,PConc,Gd,TA,Av,Unf,0.0,Unf,0.0,1694.0,1694.0,GasA,Ex,Y,SBrkr,1694.0,0.0,0.0,1694.0,0.0,0.0,2.0,0.0,3.0,1.0,Gd,7.0,Typ,0.0,Gd,Attchd,2008.0,RFn,3.0,776.0,TA,TA,Y,160.0,33.0,0.0,0.0,0.0,0.0,Gd,MnPrv,Shed,0.0,2.0,2010.0,WD,Normal,245350.0,1.086790648966992,4.0,极高
1168.0,60.0,RL,58.0,10852.0,Pave,Grvl,IR1,Lvl,AllPub,Inside,Gtl,Gilbert,RRAn,Norm,1Fam,2Story,6.0,5.0,2000.0,2000.0,Gable,CompShg,VinylSd,VinylSd,BrkFace,0.0,TA,TA,PConc,Gd,TA,No,GLQ,786.0,Unf,0.0,173.0,959.0,GasA,Ex,Y,SBrkr,959.0,712.0,0.0,1671.0,1.0,0.0,2.0,1.0,3.0,1.0,TA,7.0,Typ,1.0,TA,Attchd,2000.0,Fin,2.0,472.0,TA,TA,Y,0.0,38.0,0.0,0.0,0.0,0.0,Gd,MnPrv,Shed,0.0,2.0,2006.0,WD,Normal,173000.0,-0.020582339199592427,3.0,高
1169.0,70.0,RL,120.0,13728.0,Pave,Grvl,Reg,Lvl,AllPub,Corner,Gtl,Edwards,Norm,Norm,1Fam,2Story,6.0,7.0,1935.0,1986.0,Hip,CompShg,Stucco,Stucco,BrkFace,0.0,TA,TA,CBlock,TA,TA,No,Rec,626.0,Unf,0.0,501.0,1127.0,GasA,Ex,Y,SBrkr,1236.0,872.0,0.0,2108.0,0.0,0.0,2.0,0.0,4.0,1.0,Gd,7.0,Typ,2.0,TA,Basment,1935.0,Unf,2.0,540.0,TA,TA,Y,0.0,0.0,0.0,0.0,90.0,0.0,Gd,MnPrv,Shed,0.0,7.0,2008.0,WD,Normal,235000.0,0.9283758538388075,4.0,极高
730.5,50.0,RL,70.0,9478.5,Pave,Grvl,IR1,Lvl,AllPub,CulDSac,Gtl,NoRidge,Norm,Norm,1Fam,2Story,6.0,5.0,1973.0,1994.0,Hip,CompShg,HdBoard,HdBoard,BrkFace,0.0,Gd,Gd,PConc,Ex,TA,Gd,GLQ,383.5,Unf,0.0,477.5,991.5,GasA,Ex,Y,SBrkr,1087.0,0.0,0.0,1464.0,0.0,0.0,2.0,0.0,3.0,1.0,Gd,6.0,Typ,1.0,TA,Attchd,1978.0,Fin,2.0,480.0,TA,TA,Y,0.0,25.0,0.0,0.0,0.0,0.0,Gd,MnPrv,Shed,0.0,6.0,2008.0,WD,Normal,163000.0,-0.1736401122703021,2.0,中
1171.0,80.0,RL,76.0,9880.0,Pave,Grvl,Reg,Lvl,AllPub,Inside,Gtl,Mitchel,Norm,Norm,1Fam,SLvl,6.0,6.0,1977.0,1977.0,Gable,CompShg,Plywood,Plywood,BrkFace,0.0,TA,TA,CBlock,TA,TA,Av,ALQ,522.0,Unf,0.0,574.0,1096.0,GasA,TA,Y,SBrkr,1118.0,0.0,0.0,1118.0,1.0,0.0,1.0,0.0,3.0,1.0,TA,6.0,Typ,1.0,Po,Attchd,1977.0,Fin,1.0,358.0,TA,TA,Y,203.0,0.0,0.0,0.0,0.0,576.0,Gd,GdPrv,Shed,0.0,7.0,2008.0,WD,Normal,171000.0,-0.05119389381373436,2.0,中
1172.0,20.0,RL,76.0,9120.0,Pave,Grvl,Reg,Lvl,AllPub,Inside,Gtl,NAmes,Norm,Norm,1Fam,1Story,6.0,6.0,1958.0,1958.0,Hip,CompShg,MetalSd,MetalSd,BrkFace,0.0,TA,TA,CBlock,TA,TA,No,ALQ,662.0,Unf,0.0,599.0,1261.0,GasA,Ex,Y,SBrkr,1261.0,0.0,0.0,1261.0,1.0,0.0,1.0,0.0,3.0,1.0,TA,6.0,Typ,1.0,TA,Attchd,1958.0,RFn,2.0,433.0,TA,TA,Y,0.0,0.0,0.0,0.0,288.0,0.0,Gd,MnPrv,Shed,1400.0,11.0,2008.0,WD,Normal,163000.0,-0.1736401122703021,2.0,中
1173.0,160.0,FV,35.0,4017.0,Pave,Pave,IR1,Lvl,AllPub,Inside,Gtl,Somerst,Norm,Norm,TwnhsE,2Story,7.0,5.0,2006.0,2007.0,Gable,CompShg,MetalSd,MetalSd,BrkFace,0.0,Gd,TA,PConc,Gd,TA,No,Unf,0.0,Unf,0.0,625.0,625.0,GasA,Ex,Y,SBrkr,625.0,625.0,0.0,1250.0,0.0,0.0,2.0,1.0,2.0,1.0,Gd,5.0,Typ,0.0,Gd,Detchd,2006.0,Fin,2.0,625.0,TA,TA,Y,0.0,54.0,0.0,0.0,0.0,0.0,Gd,MnPrv,Shed,0.0,3.0,2008.0,WD,Normal,171900.0,-0.037418694237370494,3.0,高
730.5,50.0,RL,70.0,9478.5,Pave,Grvl,IR1,Bnk,AllPub,Inside,Gtl,ClearCr,Norm,Norm,1Fam,1.5Fin,6.0,5.0,1973.0,1994.0,Gable,CompShg,MetalSd,MetalSd,BrkFace,0.0,TA,TA,CBlock,TA,TA,No,Rec,383.5,BLQ,0.0,477.5,991.5,GasA,TA,Y,SBrkr,1087.0,0.0,0.0,1464.0,0.0,0.0,2.0,0.0,3.0,1.0,Ex,6.0,Maj1,1.0,Gd,Attchd,1978.0,Unf,2.0,480.0,TA,TA,Y,0.0,25.0,0.0,0.0,0.0,0.0,Gd,MnPrv,Shed,0.0,6.0,2008.0,WD,Normal,163000.0,-0.1736401122703021,2.0,中
1175.0,70.0,RL,80.0,16560.0,Pave,Grvl,IR1,Lvl,AllPub,Inside,Gtl,Crawfor,Norm,Norm,1Fam,2Story,6.0,8.0,1932.0,1950.0,Gable,CompShg,Wd Sdng,Wd Sdng,BrkFace,0.0,TA,TA,BrkTil,Gd,TA,No,Rec,503.0,Unf,0.0,449.0,952.0,GasA,TA,Y,SBrkr,1170.0,1175.0,0.0,2345.0,0.0,0.0,2.0,1.0,4.0,1.0,TA,9.0,Typ,1.0,Gd,Detchd,1932.0,Unf,2.0,360.0,TA,TA,Y,0.0,0.0,0.0,0.0,0.0,0.0,Gd,MnPrv,Shed,0.0,7.0,2006.0,WD,Normal,239000.0,0.9895989630670914,4.0,极高
1176.0,50.0,RL,85.0,10678.0,Pave,Grvl,Reg,Lvl,AllPub,Inside,Gtl,NoRidge,Norm,Norm,1Fam,1.5Fin,8.0,5.0,1992.0,2000.0,Hip,CompShg,HdBoard,HdBoard,BrkFace,337.0,Gd,TA,PConc,Gd,TA,No,GLQ,700.0,Unf,0.0,983.0,1683.0,GasA,Ex,Y,SBrkr,2129.0,743.0,0.0,2872.0,0.0,0.0,2.0,1.0,4.0,1.0,Gd,9.0,Typ,1.0,TA,Attchd,1992.0,Fin,2.0,541.0,TA,TA,Y,0.0,33.0,0.0,0.0,0.0,0.0,Gd,MnPrv,Shed,0.0,4.0,2007.0,WD,Normal,285000.0,1.693664719192356,4.0,极高
1177.0,20.0,RL,37.0,6951.0,Pave,Grvl,IR1,Lvl,AllPub,CulDSac,Gtl,Mitchel,Norm,Norm,1Fam,1Story,5.0,5.0,1984.0,1985.0,Gable,CompShg,HdBoard,Plywood,BrkFace,0.0,TA,TA,CBlock,TA,TA,No,ALQ,658.0,Unf,0.0,218.0,876.0,GasA,TA,Y,SBrkr,923.0,0.0,0.0,923.0,1.0,0.0,1.0,0.0,3.0,1.0,TA,5.0,Typ,0.0,Gd,Attchd,1984.0,Unf,1.0,264.0,TA,TA,Y,362.0,0.0,0.0,0.0,0.0,0.0,Gd,MnPrv,Shed,0.0,10.0,2008.0,WD,Normal,119500.0,-0.8394414251278892,0.0,极低
1178.0,50.0,RM,54.6,3950.0,Pave,Grvl,Reg,Bnk,AllPub,Inside,Gtl,OldTown,Artery,Norm,1Fam,1.5Fin,6.0,8.0,1926.0,2004.0,Gable,CompShg,MetalSd,MetalSd,BrkFace,0.0,TA,TA,CBlock,TA,TA,No,Rec,468.0,Unf,0.0,350.0,818.0,GasA,TA,Y,SBrkr,818.0,406.0,0.0,1224.0,0.0,0.0,1.0,0.0,3.0,1.0,TA,5.0,Typ,0.0,Gd,Detchd,1926.0,Unf,1.0,210.0,TA,TA,N,0.0,0.0,116.0,0.0,0.0,0.0,Gd,MnPrv,Shed,0.0,12.0,2009.0,WD,Normal,115000.0,-0.9083174230097085,0.0,极低
1179.0,50.0,RL,54.0,7681.0,Pave,Grvl,IR1,Lvl,AllPub,FR2,Gtl,Crawfor,Norm,Norm,1Fam,1.5Fin,5.0,6.0,1921.0,1950.0,Gable,CompShg,Wd Sdng,Wd Sdng,BrkFace,0.0,TA,TA,BrkTil,TA,TA,No,Unf,0.0,Unf,0.0,731.0,731.0,GasA,Ex,Y,SBrkr,820.0,523.0,0.0,1343.0,0.0,0.0,1.0,1.0,3.0,1.0,TA,7.0,Typ,1.0,Gd,Detchd,1921.0,Unf,1.0,186.0,Fa,TA,Y,192.0,0.0,102.0,0.0,0.0,0.0,Gd,MnPrv,Shed,0.0,7.0,2009.0,WD,Normal,154900.0,-0.29761690845757693,2.0,中
1180.0,20.0,RL,77.0,8335.0,Pave,Grvl,Reg,Lvl,AllPub,Corner,Gtl,Edwards,Norm,Norm,1Fam,1Story,5.0,5.0,1954.0,1954.0,Gable,CompShg,Wd Sdng,Wd Sdng,BrkFace,0.0,TA,TA,Slab,TA,TA,No,Unf,0.0,Unf,0.0,0.0,0.0,GasA,Gd,Y,SBrkr,1124.0,0.0,0.0,1124.0,0.0,0.0,1.0,0.0,3.0,1.0,TA,5.0,Min2,1.0,Gd,Attchd,1957.0,Unf,0.0,0.0,TA,TA,N,0.0,36.0,190.0,0.0,0.0,0.0,Gd,MnPrv,Shed,0.0,4.0,2006.0,WD,Normal,93000.0,-1.2450445237652699,0.0,极低
1181.0,60.0,RL,85.8,11170.0,Pave,Grvl,IR2,Lvl,AllPub,Corner,Gtl,Timber,Norm,Norm,1Fam,2Story,7.0,5.0,1990.0,1991.0,Gable,CompShg,MetalSd,MetalSd,BrkFace,0.0,TA,TA,Wood,Gd,TA,No,LwQ,1216.0,Unf,0.0,0.0,1216.0,GasA,Ex,Y,SBrkr,1298.0,1216.0,0.0,2514.0,0.0,0.0,2.0,1.0,4.0,1.0,TA,8.0,Typ,0.0,Gd,Attchd,1990.0,Fin,2.0,693.0,TA,TA,Y,0.0,0.0,0.0,0.0,0.0,0.0,Gd,GdPrv,Shed,0.0,4.0,2006.0,WD,Normal,250000.0,1.157962513444872,4.0,极高
730.5,50.0,RM,70.0,9478.5,Pave,Grvl,IR1,HLS,AllPub,Inside,Mod,Crawfor,Norm,Norm,TwnhsE,1Story,6.0,5.0,1973.0,1994.0,Hip,CompShg,CemntBd,CmentBd,Stone,0.0,Ex,TA,PConc,Ex,TA,Gd,GLQ,383.5,Unf,0.0,477.5,991.5,GasA,Ex,Y,SBrkr,1087.0,0.0,0.0,1464.0,0.0,0.0,2.0,0.0,3.0,1.0,Gd,6.0,Typ,1.0,Gd,Attchd,1978.0,Fin,2.0,480.0,TA,TA,Y,0.0,25.0,0.0,0.0,0.0,0.0,Gd,MnPrv,Shed,0.0,6.0,2008.0,New,Partial,163000.0,-0.1736401122703021,2.0,中
730.5,50.0,RL,70.0,9478.5,Pave,Grvl,IR1,Lvl,AllPub,Corner,Gtl,NoRidge,Norm,Norm,1Fam,2Story,6.0,5.0,1973.0,1994.0,Hip,CompShg,Wd Sdng,ImStucc,BrkFace,0.0,Gd,TA,PConc,Ex,TA,Av,GLQ,383.5,Unf,0.0,477.5,991.5,GasA,Ex,Y,SBrkr,1087.0,0.0,0.0,1464.0,0.0,0.0,2.0,0.0,3.0,1.0,Ex,6.0,Typ,1.0,TA,Attchd,1978.0,Fin,2.0,480.0,TA,TA,Y,0.0,25.0,0.0,0.0,0.0,0.0,Ex,MnPrv,Shed,0.0,6.0,2008.0,WD,Abnorml,163000.0,-0.1736401122703021,2.0,中
1184.0,30.0,RL,60.0,10800.0,Pave,Grvl,Reg,Lvl,AllPub,Inside,Gtl,OldTown,Norm,Norm,1Fam,1Story,5.0,6.0,1920.0,1950.0,Hip,CompShg,Stucco,Stucco,BrkFace,0.0,TA,TA,BrkTil,TA,TA,No,Rec,821.0,Unf,0.0,299.0,1120.0,GasA,Ex,Y,SBrkr,1130.0,0.0,0.0,1130.0,1.0,0.0,1.0,0.0,2.0,1.0,TA,5.0,Typ,1.0,Gd,Detchd,1970.0,Unf,2.0,720.0,TA,TA,Y,229.0,0.0,0.0,0.0,0.0,0.0,Gd,MnPrv,Shed,0.0,6.0,2006.0,WD,Normal,120000.0,-0.8317885364743537,0.0,极低
730.5,50.0,RL,70.0,9478.5,Grvl,Grvl,Reg,Lvl,AllPub,Inside,Mod,Timber,Norm,Norm,1Fam,1Story,6.0,5.0,1973.0,1994.0,Hip,CompShg,MetalSd,MetalSd,BrkFace,0.0,TA,TA,CBlock,TA,TA,Gd,Rec,383.5,Unf,0.0,477.5,991.5,GasA,Gd,Y,SBrkr,1087.0,0.0,0.0,1464.0,0.0,0.0,2.0,0.0,3.0,1.0,TA,6.0,Typ,1.0,TA,2Types,1978.0,RFn,2.0,480.0,TA,TA,Y,0.0,25.0,0.0,0.0,0.0,0.0,Gd,MnPrv,Shed,0.0,6.0,2008.0,WD,Normal,163000.0,-0.1736401122703021,2.0,中
1186.0,50.0,RL,60.0,9738.0,Pave,Grvl,Reg,Lvl,AllPub,Inside,Gtl,Edwards,Norm,Norm,1Fam,1.5Fin,5.0,7.0,1924.0,1950.0,Gable,CompShg,AsbShng,AsbShng,BrkFace,0.0,TA,Gd,BrkTil,TA,TA,No,BLQ,392.0,Unf,0.0,392.0,784.0,GasA,Gd,Y,SBrkr,949.0,272.0,0.0,1221.0,1.0,0.0,1.0,0.0,4.0,1.0,TA,7.0,Typ,0.0,Gd,Attchd,1965.0,Unf,1.0,392.0,TA,TA,Y,0.0,0.0,236.0,0.0,0.0,0.0,Gd,MnPrv,Shed,0.0,3.0,2006.0,WD,Normal,104900.0,-1.0629057738111254,0.0,极低
730.5,50.0,RL,70.0,9478.5,Pave,Grvl,IR1,Bnk,AllPub,Corner,Mod,OldTown,Artery,Artery,2fmCon,2Story,6.0,5.0,1973.0,1994.0,Gable,CompShg,HdBoard,HdBoard,BrkFace,0.0,TA,TA,CBlock,Fa,TA,Mn,BLQ,383.5,Unf,0.0,477.5,991.5,GasA,TA,Y,SBrkr,1087.0,0.0,0.0,1464.0,0.0,0.0,2.0,0.0,3.0,1.0,TA,6.0,Typ,1.0,Gd,CarPort,1978.0,Unf,2.0,480.0,Fa,Fa,Y,0.0,25.0,0.0,0.0,0.0,0.0,Gd,MnPrv,Shed,0.0,6.0,2008.0,WD,Abnorml,163000.0,-0.1736401122703021,2.0,中
1188.0,20.0,RL,89.0,12461.0,Pave,Grvl,Reg,Lvl,AllPub,Corner,Gtl,NoRidge,Norm,Norm,1Fam,1Story,8.0,5.0,1994.0,1995.0,Gable,CompShg,ImStucc,ImStucc,BrkFace,0.0,Gd,TA,PConc,Gd,TA,No,GLQ,1456.0,Unf,0.0,168.0,1624.0,GasA,Ex,Y,SBrkr,1624.0,0.0,0.0,1624.0,1.0,0.0,2.0,0.0,2.0,1.0,Gd,5.0,Typ,1.0,Fa,Attchd,1994.0,RFn,3.0,757.0,TA,TA,Y,0.0,114.0,192.0,0.0,0.0,0.0,Gd,GdPrv,Shed,0.0,7.0,2006.0,WD,Normal,262000.0,1.3416318411297237,4.0,极高
1189.0,60.0,RL,68.0,8935.0,Pave,Grvl,IR1,Lvl,AllPub,Inside,Gtl,CollgCr,Norm,Norm,1Fam,2Story,7.0,5.0,2002.0,2002.0,Gable,CompShg,VinylSd,VinylSd,BrkFace,95.0,Gd,TA,PConc,Gd,TA,No,Unf,0.0,Unf,0.0,831.0,831.0,GasA,Ex,Y,SBrkr,831.0,829.0,0.0,1660.0,0.0,0.0,2.0,1.0,3.0,1.0,Gd,7.0,Typ,0.0,Gd,Attchd,2002.0,RFn,2.0,493.0,TA,TA,Y,144.0,68.0,0.0,0.0,0.0,0.0,Gd,MnPrv,Shed,0.0,7.0,2009.0,WD,Normal,195000.0,0.3161447615559689,3.0,高
1190.0,60.0,RL,60.0,7500.0,Pave,Grvl,Reg,Lvl,AllPub,Inside,Gtl,Gilbert,Norm,Norm,1Fam,2Story,7.0,5.0,1999.0,1999.0,Gable,CompShg,VinylSd,VinylSd,BrkFace,0.0,TA,TA,PConc,TA,TA,No,Unf,0.0,Unf,0.0,994.0,994.0,GasA,Gd,Y,SBrkr,1028.0,776.0,0.0,1804.0,0.0,0.0,2.0,1.0,3.0,1.0,Gd,7.0,Typ,1.0,TA,Attchd,1999.0,Fin,2.0,442.0,TA,TA,Y,140.0,60.0,0.0,0.0,0.0,0.0,Gd,MnPrv,Shed,0.0,6.0,2010.0,WD,Normal,189000.0,0.22431009771354304,3.0,高
730.5,50.0,RL,70.0,9478.5,Pave,Grvl,Reg,Low,AllPub,Inside,Mod,Mitchel,Norm,Norm,2fmCon,1Story,6.0,5.0,1973.0,1994.0,Gable,CompShg,MetalSd,MetalSd,Stone,0.0,TA,Gd,CBlock,TA,TA,Av,BLQ,383.5,Unf,0.0,477.5,991.5,GasA,Ex,Y,SBrkr,1087.0,0.0,0.0,1464.0,0.0,0.0,2.0,0.0,3.0,1.0,TA,6.0,Typ,1.0,TA,2Types,1978.0,Fin,2.0,480.0,TA,TA,Y,0.0,25.0,0.0,0.0,0.0,0.0,Gd,MnPrv,Shed,0.0,6.0,2008.0,WD,Normal,163000.0,-0.1736401122703021,2.0,中
1192.0,160.0,FV,24.0,2645.0,Pave,Pave,Reg,Lvl,AllPub,Inside,Gtl,Somerst,Norm,Norm,Twnhs,2Story,8.0,5.0,1999.0,2000.0,Gable,CompShg,MetalSd,MetalSd,BrkFace,456.0,Gd,TA,PConc,Gd,TA,No,Unf,0.0,Unf,0.0,776.0,776.0,GasA,Ex,Y,SBrkr,764.0,677.0,0.0,1441.0,0.0,0.0,2.0,1.0,2.0,1.0,Gd,5.0,Typ,0.0,Gd,Detchd,1999.0,Unf,2.0,492.0,TA,TA,Y,206.0,0.0,0.0,0.0,0.0,0.0,Gd,MnPrv,Shed,0.0,11.0,2007.0,WD,Normal,174000.0,-0.005276561892521462,3.0,高
1193.0,50.0,RM,60.0,9600.0,Pave,Grvl,Reg,Lvl,AllPub,Inside,Gtl,OldTown,Norm,Norm,1Fam,1.5Fin,5.0,8.0,1925.0,1994.0,Gambrel,CompShg,VinylSd,VinylSd,BrkFace,0.0,TA,TA,PConc,TA,TA,Mn,Unf,0.0,Unf,0.0,702.0,702.0,GasA,Gd,Y,SBrkr,842.0,630.0,0.0,1472.0,0.0,0.0,1.0,0.0,3.0,1.0,Gd,6.0,Typ,0.0,Gd,Detchd,1925.0,Unf,1.0,250.0,TA,Fa,P,0.0,0.0,84.0,0.0,0.0,0.0,Gd,GdWo,Shed,0.0,7.0,2007.0,WD,Normal,125000.0,-0.7552596499389989,0.0,极低
1194.0,120.0,RM,39.8,4500.0,Pave,Grvl,Reg,Lvl,AllPub,FR2,Gtl,Mitchel,Norm,Norm,TwnhsE,1Story,6.0,5.0,1999.0,1999.0,Hip,CompShg,VinylSd,VinylSd,BrkFace,425.0,TA,TA,PConc,Ex,TA,No,GLQ,883.0,Unf,0.0,341.0,1224.0,GasA,Ex,Y,SBrkr,1224.0,0.0,0.0,1224.0,1.0,0.0,2.0,0.0,2.0,1.0,TA,5.0,Typ,0.0,Gd,Attchd,1999.0,Fin,2.0,402.0,TA,TA,Y,0.0,304.0,0.0,0.0,0.0,0.0,Gd,MnPrv,Shed,0.0,6.0,2009.0,WD,Normal,165000.0,-0.14302855765616015,2.0,中
1195.0,60.0,RL,80.0,9364.0,Pave,Grvl,Reg,Lvl,AllPub,Corner,Gtl,Sawyer,Norm,Norm,1Fam,2Story,6.0,7.0,1969.0,1969.0,Gable,CompShg,HdBoard,HdBoard,Stone,143.0,TA,TA,CBlock,TA,TA,No,ALQ,371.0,Unf,0.0,292.0,663.0,GasA,TA,Y,SBrkr,663.0,689.0,0.0,1352.0,0.0,0.0,1.0,1.0,4.0,1.0,TA,7.0,Typ,0.0,Gd,Attchd,1969.0,Fin,1.0,299.0,TA,TA,Y,379.0,36.0,0.0,0.0,0.0,0.0,Gd,MnPrv,Shed,0.0,3.0,2010.0,WD,Normal,158000.0,-0.25016899880565696,2.0,中
1196.0,60.0,RL,51.0,8029.0,Pave,Grvl,IR1,Lvl,AllPub,Inside,Gtl,Gilbert,Norm,Norm,1Fam,2Story,6.0,5.0,2005.0,2005.0,Gable,CompShg,VinylSd,VinylSd,BrkFace,0.0,TA,TA,PConc,Gd,TA,No,Unf,0.0,Unf,0.0,728.0,728.0,GasA,Ex,Y,SBrkr,728.0,728.0,0.0,1456.0,0.0,0.0,2.0,1.0,3.0,1.0,Gd,8.0,Typ,0.0,Gd,Attchd,2005.0,Fin,2.0,400.0,TA,TA,Y,100.0,24.0,0.0,0.0,0.0,0.0,Gd,MnPrv,Shed,0.0,7.0,2008.0,WD,Normal,176000.0,0.025334992721620472,3.0,高
1197.0,60.0,RL,58.0,14054.0,Pave,Grvl,IR1,Lvl,AllPub,Inside,Gtl,Gilbert,Norm,Norm,1Fam,2Story,7.0,5.0,2006.0,2006.0,Gable,CompShg,VinylSd,VinylSd,BrkFace,0.0,Gd,TA,PConc,Gd,TA,Av,Unf,0.0,Unf,0.0,879.0,879.0,GasA,Ex,Y,SBrkr,879.0,984.0,0.0,1863.0,0.0,0.0,2.0,1.0,4.0,1.0,Gd,9.0,Typ,1.0,Gd,BuiltIn,2006.0,Fin,3.0,660.0,TA,TA,Y,100.0,17.0,0.0,0.0,0.0,0.0,Gd,MnPrv,Shed,0.0,11.0,2006.0,New,Partial,219210.0,0.686697630160157,4.0,极高
1198.0,75.0,RM,65.0,8850.0,Pave,Grvl,IR1,Bnk,AllPub,Corner,Gtl,OldTown,Norm,Norm,1Fam,2.5Unf,7.0,6.0,1916.0,1950.0,Gable,CompShg,MetalSd,MetalSd,BrkFace,0.0,TA,TA,BrkTil,TA,TA,No,Unf,0.0,Unf,0.0,815.0,815.0,GasA,Ex,Y,SBrkr,815.0,875.0,0.0,1690.0,0.0,0.0,1.0,0.0,3.0,1.0,TA,7.0,Typ,1.0,Gd,Detchd,1916.0,Unf,1.0,225.0,TA,TA,Y,0.0,0.0,330.0,0.0,0.0,0.0,Gd,MnPrv,Shed,0.0,7.0,2006.0,ConLw,Normal,144000.0,-0.46444988110465046,1.0,低
1199.0,20.0,RL,70.0,9100.0,Pave,Grvl,Reg,Lvl,AllPub,Inside,Gtl,CollgCr,Norm,Norm,1Fam,1Story,7.0,5.0,2001.0,2001.0,Gable,CompShg,VinylSd,VinylSd,BrkFace,0.0,Gd,TA,PConc,Gd,TA,No,Unf,0.0,Unf,0.0,1212.0,1212.0,GasA,Ex,Y,SBrkr,1212.0,0.0,0.0,1212.0,0.0,0.0,2.0,0.0,3.0,1.0,Gd,6.0,Typ,0.0,Gd,Attchd,2001.0,RFn,2.0,573.0,TA,TA,Y,356.0,0.0,0.0,0.0,0.0,0.0,Gd,MnPrv,Shed,0.0,6.0,2009.0,WD,Normal,178000.0,0.05594654733576241,3.0,高
1200.0,20.0,RL,75.0,11235.0,Pave,Grvl,Reg,Lvl,AllPub,Inside,Gtl,Sawyer,Norm,Norm,1Fam,1Story,4.0,5.0,1963.0,1979.0,Gable,CompShg,HdBoard,HdBoard,BrkFace,51.0,TA,TA,CBlock,TA,TA,No,Rec,547.0,Unf,0.0,504.0,1051.0,GasA,Gd,Y,SBrkr,1382.0,0.0,0.0,1382.0,0.0,0.0,1.0,1.0,3.0,1.0,TA,6.0,Typ,1.0,Po,Attchd,1974.0,Unf,2.0,459.0,TA,TA,Y,0.0,82.0,0.0,0.0,0.0,0.0,Gd,MnPrv,Shed,0.0,10.0,2006.0,WD,Normal,148000.0,-0.40322677187636663,1.0,低
1201.0,20.0,RL,71.0,9353.0,Pave,Grvl,Reg,Lvl,AllPub,Inside,Gtl,NAmes,Norm,Norm,1Fam,1Story,4.0,5.0,1970.0,1970.0,Gable,CompShg,MetalSd,MetalSd,BrkFace,0.0,TA,TA,CBlock,TA,TA,No,Unf,0.0,Unf,0.0,864.0,864.0,GasA,Gd,Y,SBrkr,864.0,0.0,0.0,864.0,0.0,0.0,1.0,0.0,3.0,1.0,TA,5.0,Typ,0.0,Gd,Attchd,1972.0,Unf,1.0,280.0,TA,TA,Y,0.0,0.0,0.0,0.0,0.0,0.0,Gd,MnPrv,Shed,0.0,7.0,2006.0,Oth,Abnorml,116050.0,-0.892246356837284,0.0,极低
1202.0,60.0,RL,80.0,10400.0,Pave,Grvl,Reg,Lvl,AllPub,Corner,Gtl,CollgCr,Norm,Norm,1Fam,2Story,7.0,5.0,1998.0,1998.0,Gable,CompShg,VinylSd,VinylSd,BrkFace,0.0,TA,TA,PConc,Gd,TA,Av,Unf,0.0,Unf,0.0,866.0,866.0,GasA,Ex,Y,SBrkr,866.0,913.0,0.0,1779.0,0.0,0.0,2.0,1.0,3.0,1.0,Gd,6.0,Typ,0.0,Gd,Attchd,1998.0,RFn,2.0,546.0,TA,TA,Y,198.0,36.0,0.0,0.0,0.0,0.0,Gd,MnPrv,Shed,0.0,3.0,2009.0,WD,Normal,197900.0,0.3605315157464747,3.0,高
1203.0,50.0,RM,50.0,6000.0,Pave,Grvl,Reg,Lvl,AllPub,Corner,Gtl,BrkSide,Norm,Norm,1Fam,1.5Fin,5.0,8.0,1925.0,1997.0,Gable,CompShg,Wd Sdng,Wd Sdng,BrkFace,0.0,TA,TA,BrkTil,TA,TA,No,Unf,0.0,Unf,0.0,884.0,884.0,GasA,Ex,Y,SBrkr,884.0,464.0,0.0,1348.0,1.0,0.0,1.0,0.0,3.0,1.0,TA,5.0,Typ,1.0,Fa,Detchd,1960.0,Unf,1.0,216.0,TA,TA,N,0.0,0.0,208.0,0.0,0.0,0.0,Gd,MnPrv,Shed,0.0,5.0,2009.0,WD,Normal,117000.0,-0.8777058683955666,0.0,极低
1204.0,20.0,RL,75.0,9750.0,Pave,Grvl,Reg,Lvl,AllPub,Inside,Gtl,CollgCr,Norm,Norm,1Fam,1Story,7.0,5.0,2000.0,2001.0,Gable,CompShg,VinylSd,VinylSd,BrkFace,171.0,Gd,TA,PConc,Gd,TA,No,Unf,0.0,Unf,0.0,1630.0,1630.0,GasA,Ex,Y,SBrkr,1630.0,0.0,0.0,1630.0,0.0,0.0,2.0,0.0,3.0,1.0,Gd,6.0,Typ,1.0,TA,Attchd,2000.0,Unf,2.0,451.0,TA,TA,Y,74.0,234.0,0.0,0.0,0.0,0.0,Gd,MnPrv,Shed,0.0,10.0,2009.0,WD,Normal,213000.0,0.5916487530832463,3.0,高
1205.0,20.0,RL,78.0,10140.0,Pave,Grvl,Reg,Lvl,AllPub,Inside,Gtl,NWAmes,Norm,Norm,1Fam,1Story,5.0,6.0,1975.0,1975.0,Gable,CompShg,HdBoard,HdBoard,BrkFace,0.0,TA,TA,CBlock,Gd,TA,No,ALQ,788.0,Unf,0.0,268.0,1056.0,GasA,Ex,Y,SBrkr,1074.0,0.0,0.0,1074.0,1.0,0.0,1.0,1.0,3.0,1.0,TA,6.0,Typ,0.0,Gd,Attchd,1975.0,RFn,2.0,495.0,TA,TA,Y,0.0,88.0,0.0,0.0,0.0,0.0,Gd,MnPrv,Shed,0.0,7.0,2006.0,WD,Normal,153500.0,-0.31904499668747627,2.0,中
1206.0,20.0,RL,90.0,14684.0,Pave,Grvl,IR1,Lvl,AllPub,CulDSac,Gtl,SawyerW,Norm,Norm,1Fam,1Story,7.0,7.0,1990.0,1991.0,Hip,CompShg,HdBoard,HdBoard,BrkFace,234.0,Gd,TA,CBlock,Gd,TA,Mn,ALQ,485.0,BLQ,177.0,1496.0,2158.0,GasA,Gd,Y,SBrkr,2196.0,0.0,0.0,2196.0,0.0,0.0,2.0,0.0,3.0,1.0,Gd,7.0,Typ,1.0,TA,Attchd,1990.0,RFn,3.0,701.0,TA,TA,Y,84.0,70.0,0.0,0.0,0.0,0.0,Gd,MnPrv,Shed,0.0,6.0,2009.0,WD,Normal,271900.0,1.4931590364697263,4.0,极高
1207.0,20.0,RH,66.2,8900.0,Pave,Grvl,Reg,Lvl,AllPub,Inside,Gtl,SawyerW,Norm,Norm,1Fam,1Story,4.0,4.0,1966.0,1966.0,Gable,CompShg,HdBoard,HdBoard,BrkFace,0.0,TA,TA,CBlock,TA,TA,No,Rec,1056.0,Unf,0.0,0.0,1056.0,GasA,TA,Y,SBrkr,1056.0,0.0,0.0,1056.0,1.0,0.0,1.0,0.0,2.0,1.0,TA,5.0,Typ,0.0,Gd,Detchd,1966.0,Unf,1.0,384.0,TA,TA,Y,0.0,42.0,0.0,0.0,0.0,0.0,Gd,MnPrv,Shed,0.0,11.0,2006.0,WD,Normal,107000.0,-1.0307636414662762,0.0,极低
1208.0,20.0,RL,70.0,9135.0,Pave,Grvl,Reg,Lvl,AllPub,Inside,Gtl,CollgCr,Norm,Norm,1Fam,1Story,6.0,5.0,2003.0,2003.0,Gable,CompShg,VinylSd,VinylSd,BrkFace,120.0,Gd,TA,PConc,Gd,TA,Av,GLQ,340.0,Unf,0.0,1342.0,1682.0,GasA,Ex,Y,SBrkr,1700.0,0.0,0.0,1700.0,1.0,0.0,2.0,0.0,3.0,1.0,Gd,7.0,Typ,0.0,Gd,Attchd,2003.0,RFn,2.0,544.0,TA,TA,Y,192.0,23.0,0.0,0.0,0.0,0.0,Gd,MnPrv,Shed,0.0,5.0,2006.0,WD,Normal,200000.0,0.3926736480913237,3.0,高
1209.0,20.0,RL,70.0,7763.0,Pave,Grvl,Reg,Lvl,AllPub,Inside,Gtl,NAmes,Norm,Norm,1Fam,1Story,5.0,7.0,1962.0,1980.0,Gable,CompShg,MetalSd,MetalSd,BrkFace,0.0,TA,Gd,CBlock,TA,TA,No,Rec,504.0,BLQ,108.0,319.0,931.0,GasA,TA,Y,SBrkr,1283.0,0.0,0.0,1283.0,1.0,0.0,1.0,0.0,3.0,1.0,TA,6.0,Typ,0.0,Gd,Detchd,1980.0,Unf,2.0,506.0,TA,TA,Y,0.0,0.0,0.0,0.0,0.0,0.0,Gd,MnPrv,Shed,0.0,10.0,2008.0,WD,Normal,140000.0,-0.5256729903329344,1.0,低
1210.0,20.0,RL,85.0,10182.0,Pave,Grvl,IR1,Lvl,AllPub,CulDSac,Gtl,Somerst,RRNn,Norm,1Fam,1Story,8.0,5.0,2006.0,2006.0,Hip,CompShg,VinylSd,VinylSd,Stone,420.0,Gd,TA,PConc,Ex,TA,Mn,GLQ,1220.0,Unf,0.0,440.0,1660.0,GasA,Ex,Y,SBrkr,1660.0,0.0,0.0,1660.0,1.0,0.0,2.0,0.0,3.0,1.0,Gd,8.0,Typ,1.0,Gd,Attchd,2006.0,RFn,2.0,500.0,TA,TA,Y,322.0,50.0,0.0,0.0,0.0,0.0,Gd,MnPrv,Shed,0.0,5.0,2006.0,New,Partial,290000.0,1.7701936057277108,4.0,极高
1211.0,60.0,RL,70.0,11218.0,Pave,Grvl,Reg,Lvl,AllPub,Inside,Gtl,SawyerW,Norm,Norm,1Fam,2Story,6.0,5.0,1992.0,1992.0,Gable,CompShg,Wd Sdng,Wd Sdng,BrkFace,0.0,Gd,TA,PConc,Gd,TA,No,Unf,0.0,Unf,0.0,1055.0,1055.0,GasA,Ex,Y,SBrkr,1055.0,790.0,0.0,1845.0,0.0,0.0,2.0,1.0,3.0,1.0,Gd,8.0,Typ,1.0,TA,Attchd,1992.0,RFn,2.0,462.0,TA,TA,Y,635.0,104.0,0.0,0.0,0.0,0.0,Gd,GdPrv,Shed,400.0,5.0,2010.0,WD,Normal,189000.0,0.22431009771354304,3.0,高
1212.0,50.0,RL,152.0,12134.0,Pave,Grvl,IR1,Bnk,AllPub,Inside,Mod,Gilbert,Norm,Norm,1Fam,1.5Fin,8.0,7.0,1988.0,2005.0,Gable,CompShg,Wd Sdng,Wd Sdng,BrkFace,0.0,Gd,TA,Wood,Gd,TA,Av,GLQ,427.0,Unf,0.0,132.0,559.0,GasA,Gd,Y,SBrkr,1080.0,672.0,0.0,1752.0,0.0,0.0,2.0,0.0,4.0,1.0,TA,8.0,Typ,0.0,Gd,Basment,1988.0,RFn,2.0,492.0,TA,TA,Y,325.0,12.0,0.0,0.0,0.0,0.0,Gd,MnPrv,Shed,0.0,6.0,2010.0,WD,Normal,164000.0,-0.15833433496323113,2.0,中
1213.0,30.0,RL,50.0,9340.0,Pave,Grvl,Reg,Lvl,AllPub,Inside,Gtl,Edwards,Norm,Norm,1Fam,1Story,4.0,6.0,1941.0,1950.0,Hip,CompShg,MetalSd,MetalSd,BrkFace,0.0,TA,TA,CBlock,TA,TA,No,Rec,344.0,Unf,0.0,328.0,672.0,GasA,TA,Y,SBrkr,672.0,0.0,0.0,672.0,1.0,0.0,1.0,0.0,2.0,1.0,TA,4.0,Typ,0.0,Gd,Attchd,1941.0,Unf,1.0,234.0,TA,TA,N,0.0,113.0,0.0,0.0,0.0,0.0,Gd,MnPrv,Shed,0.0,8.0,2009.0,WD,Normal,113000.0,-0.9389289776238504,0.0,极低
730.5,50.0,RL,70.0,9478.5,Pave,Grvl,IR1,Lvl,AllPub,CulDSac,Gtl,Sawyer,Norm,Norm,1Fam,SLvl,6.0,5.0,1973.0,1994.0,Gable,CompShg,VinylSd,VinylSd,BrkFace,0.0,TA,Gd,CBlock,TA,Gd,Av,GLQ,383.5,Unf,0.0,477.5,991.5,GasA,Ex,Y,SBrkr,1087.0,0.0,0.0,1464.0,0.0,0.0,2.0,0.0,3.0,1.0,TA,6.0,Typ,1.0,Gd,Attchd,1978.0,Unf,2.0,480.0,TA,TA,Y,0.0,25.0,0.0,0.0,0.0,0.0,Gd,MnPrv,Shed,0.0,6.0,2008.0,WD,Normal,163000.0,-0.1736401122703021,2.0,中
1215.0,85.0,RL,69.0,10205.0,Pave,Grvl,IR1,Lvl,AllPub,Inside,Gtl,NAmes,Norm,Norm,1Fam,SFoyer,5.0,5.0,1962.0,1962.0,Gable,CompShg,MetalSd,MetalSd,BrkFace,0.0,TA,TA,CBlock,TA,TA,Av,BLQ,784.0,Unf,0.0,141.0,925.0,GasA,TA,Y,SBrkr,999.0,0.0,0.0,999.0,1.0,0.0,1.0,0.0,3.0,1.0,TA,6.0,Typ,0.0,Gd,Attchd,1962.0,Unf,1.0,300.0,TA,TA,Y,150.0,72.0,0.0,0.0,0.0,0.0,Gd,MnPrv,Shed,0.0,5.0,2006.0,WD,Normal,134500.0,-0.6098547655218247,1.0,低
1216.0,20.0,RL,99.0,7094.0,Pave,Grvl,IR1,Lvl,AllPub,Inside,Gtl,Sawyer,Norm,Norm,1Fam,1Story,5.0,5.0,1966.0,1966.0,Gable,CompShg,VinylSd,VinylSd,BrkFace,0.0,TA,TA,CBlock,TA,TA,No,Rec,180.0,LwQ,374.0,340.0,894.0,GasA,TA,Y,SBrkr,894.0,0.0,0.0,894.0,0.0,0.0,1.0,0.0,3.0,1.0,TA,5.0,Typ,0.0,Gd,Detchd,1966.0,RFn,1.0,384.0,TA,TA,Y,0.0,0.0,0.0,0.0,0.0,0.0,Gd,MnPrv,Shed,0.0,5.0,2007.0,WD,Normal,125000.0,-0.7552596499389989,0.0,极低
1217.0,90.0,RM,68.0,8930.0,Pave,Grvl,Reg,Lvl,AllPub,Inside,Gtl,Sawyer,RRAe,Norm,Duplex,1.5Fin,6.0,5.0,1978.0,1978.0,Gable,CompShg,VinylSd,VinylSd,BrkFace,0.0,TA,TA,Slab,TA,TA,No,Unf,0.0,Unf,0.0,0.0,0.0,GasA,TA,Y,SBrkr,1318.0,584.0,0.0,1902.0,0.0,0.0,2.0,0.0,4.0,2.0,TA,8.0,Typ,0.0,Gd,Attchd,1978.0,Unf,2.0,539.0,TA,TA,Y,0.0,0.0,0.0,0.0,0.0,0.0,Gd,MnPrv,Shed,0.0,4.0,2010.0,WD,Normal,112000.0,-0.9542347549309215,0.0,极低
1218.0,20.0,FV,72.0,8640.0,Pave,Grvl,Reg,Lvl,AllPub,Inside,Gtl,Somerst,Norm,Norm,1Fam,1Story,8.0,5.0,2009.0,2009.0,Gable,CompShg,CemntBd,CmentBd,Stone,72.0,Gd,TA,PConc,Gd,TA,Mn,GLQ,936.0,Unf,0.0,364.0,1300.0,GasA,Ex,Y,SBrkr,1314.0,0.0,0.0,1314.0,1.0,0.0,2.0,0.0,3.0,1.0,Gd,6.0,Typ,0.0,Gd,Attchd,2009.0,RFn,2.0,552.0,TA,TA,Y,135.0,112.0,0.0,0.0,0.0,0.0,Gd,MnPrv,Shed,0.0,9.0,2009.0,New,Partial,229456.0,0.8435206244484061,4.0,极高
1219.0,50.0,RM,52.0,6240.0,Pave,Grvl,Reg,Lvl,AllPub,Inside,Gtl,BrkSide,Norm,Norm,1Fam,1.5Fin,4.0,5.0,1947.0,1950.0,Gable,CompShg,AsbShng,AsbShng,BrkFace,0.0,TA,TA,Slab,TA,TA,No,Unf,0.0,Unf,0.0,0.0,0.0,GasA,Gd,N,SBrkr,672.0,240.0,0.0,912.0,0.0,0.0,1.0,0.0,2.0,1.0,TA,3.0,Typ,0.0,Gd,Attchd,1941.6,Unf,0.0,0.0,TA,TA,N,0.0,0.0,0.0,0.0,0.0,0.0,Gd,MnPrv,Shed,0.0,7.0,2006.0,WD,Normal,80500.0,-1.4363667401036568,0.0,极低
1220.0,160.0,RM,21.0,1680.0,Pave,Grvl,Reg,Lvl,AllPub,Inside,Gtl,BrDale,Norm,Norm,Twnhs,2Story,6.0,5.0,1971.0,1971.0,Gable,CompShg,CemntBd,CmentBd,BrkFace,236.0,TA,TA,CBlock,TA,TA,No,Unf,0.0,Unf,0.0,672.0,672.0,GasA,TA,Y,SBrkr,672.0,546.0,0.0,1218.0,0.0,0.0,1.0,1.0,3.0,1.0,TA,7.0,Typ,0.0,Gd,Attchd,1975.4,Unf,0.0,0.0,TA,TA,N,201.0,0.0,0.0,0.0,0.0,0.0,Gd,MnPrv,Shed,0.0,4.0,2006.0,WD,Abnorml,91500.0,-1.2680031897258763,0.0,极低
1221.0,20.0,RL,66.0,7800.0,Pave,Grvl,IR1,Lvl,AllPub,Inside,Gtl,NAmes,Norm,Norm,1Fam,1Story,5.0,5.0,1964.0,1964.0,Gable,CompShg,Wd Sdng,Wd Sdng,BrkFace,0.0,TA,TA,CBlock,TA,TA,No,Rec,312.0,LwQ,600.0,0.0,912.0,GasA,TA,Y,SBrkr,912.0,0.0,0.0,912.0,0.0,0.0,1.0,0.0,2.0,1.0,TA,5.0,Typ,0.0,Gd,Attchd,1964.0,Unf,1.0,288.0,TA,TA,Y,0.0,0.0,0.0,0.0,0.0,0.0,Gd,MnPrv,Shed,0.0,11.0,2006.0,WD,Abnorml,115000.0,-0.9083174230097085,0.0,极低
1222.0,20.0,RL,55.0,8250.0,Pave,Grvl,Reg,Lvl,AllPub,Inside,Gtl,Sawyer,Feedr,Norm,1Fam,1Story,5.0,5.0,1968.0,1968.0,Hip,CompShg,HdBoard,HdBoard,BrkFace,0.0,TA,TA,CBlock,TA,TA,No,BLQ,250.0,LwQ,492.0,210.0,952.0,GasA,Ex,Y,SBrkr,1211.0,0.0,0.0,1211.0,0.0,0.0,1.0,0.0,3.0,1.0,TA,5.0,Typ,1.0,TA,Attchd,1968.0,Unf,1.0,322.0,TA,TA,Y,0.0,63.0,0.0,0.0,0.0,0.0,Gd,MnPrv,Shed,0.0,8.0,2008.0,WD,Normal,134000.0,-0.6175076541753601,1.0,低
1223.0,50.0,RL,78.0,10496.0,Pave,Grvl,Reg,Lvl,AllPub,Inside,Gtl,NAmes,Artery,Norm,1Fam,1.5Fin,6.0,6.0,1949.0,1950.0,Gable,CompShg,Wd Sdng,Wd Sdng,BrkFace,320.0,TA,TA,CBlock,TA,TA,Mn,Rec,196.0,Unf,0.0,844.0,1040.0,GasA,Ex,Y,SBrkr,1168.0,678.0,0.0,1846.0,0.0,0.0,2.0,0.0,3.0,1.0,TA,7.0,Typ,1.0,Gd,Attchd,1949.0,Unf,1.0,315.0,TA,TA,Y,0.0,0.0,0.0,0.0,0.0,0.0,Gd,GdWo,Shed,0.0,1.0,2007.0,WD,Normal,143000.0,-0.47975565841172146,1.0,低
1224.0,20.0,RL,89.0,10680.0,Pave,Grvl,Reg,Lvl,AllPub,Inside,Gtl,NAmes,Norm,Norm,1Fam,1Story,5.0,3.0,1951.0,1951.0,Hip,CompShg,Wd Sdng,Wd Sdng,BrkFace,44.0,TA,TA,CBlock,TA,Fa,No,LwQ,756.0,Unf,0.0,1380.0,2136.0,GasA,TA,N,FuseA,2136.0,0.0,0.0,2136.0,0.0,0.0,2.0,0.0,4.0,1.0,TA,7.0,Mod,0.0,Gd,Detchd,1951.0,Unf,2.0,528.0,TA,TA,Y,0.0,30.0,0.0,0.0,0.0,0.0,Gd,MnPrv,Shed,0.0,10.0,2006.0,WD,Normal,137900.0,-0.5578151226777834,1.0,低
1225.0,60.0,RL,60.0,15384.0,Pave,Grvl,IR1,Lvl,AllPub,Inside,Gtl,Gilbert,RRAn,Norm,1Fam,2Story,7.0,5.0,2004.0,2005.0,Gable,CompShg,VinylSd,VinylSd,BrkFace,0.0,Gd,TA,PConc,Gd,TA,Av,GLQ,724.0,Unf,0.0,64.0,788.0,GasA,Ex,Y,SBrkr,788.0,702.0,0.0,1490.0,1.0,0.0,2.0,1.0,3.0,1.0,Gd,8.0,Typ,1.0,Gd,Attchd,2004.0,Fin,2.0,388.0,TA,TA,Y,100.0,75.0,0.0,0.0,0.0,0.0,Gd,MnPrv,Shed,0.0,2.0,2008.0,WD,Normal,184000.0,0.1477812111781882,3.0,高
1226.0,80.0,RL,65.0,10482.0,Pave,Grvl,Reg,Lvl,AllPub,Inside,Gtl,NAmes,Norm,Norm,1Fam,SLvl,6.0,8.0,1958.0,1958.0,Hip,CompShg,VinylSd,VinylSd,BrkFace,63.0,TA,Gd,CBlock,TA,TA,Av,GLQ,507.0,Unf,0.0,81.0,588.0,GasA,Ex,Y,SBrkr,1138.0,0.0,0.0,1138.0,0.0,1.0,1.0,0.0,3.0,1.0,TA,6.0,Typ,0.0,Gd,Attchd,1958.0,RFn,1.0,264.0,TA,TA,Y,224.0,0.0,0.0,0.0,0.0,0.0,Gd,MnWw,Shed,0.0,6.0,2007.0,WD,Normal,145000.0,-0.4491441037975795,1.0,低
1227.0,60.0,RL,86.0,14598.0,Pave,Grvl,IR1,Lvl,AllPub,CulDSac,Gtl,Somerst,Feedr,Norm,1Fam,2Story,6.0,5.0,2007.0,2007.0,Gable,CompShg,VinylSd,VinylSd,Stone,74.0,Gd,TA,PConc,Gd,TA,Mn,Unf,0.0,Unf,0.0,894.0,894.0,GasA,Ex,Y,SBrkr,894.0,1039.0,0.0,1933.0,0.0,0.0,2.0,1.0,4.0,1.0,Gd,9.0,Typ,1.0,Gd,BuiltIn,2007.0,Fin,3.0,668.0,TA,TA,Y,100.0,18.0,0.0,0.0,0.0,0.0,Gd,MnPrv,Shed,0.0,1.0,2008.0,WD,Normal,214000.0,0.6069545303903172,3.0,高
1228.0,20.0,RL,72.0,8872.0,Pave,Grvl,Reg,Lvl,AllPub,Corner,Gtl,NAmes,Norm,Norm,1Fam,1Story,5.0,8.0,1965.0,2008.0,Gable,CompShg,VinylSd,VinylSd,BrkFace,300.0,TA,TA,CBlock,TA,TA,No,ALQ,595.0,Unf,0.0,317.0,912.0,GasA,Ex,Y,SBrkr,912.0,0.0,0.0,912.0,1.0,0.0,1.0,0.0,2.0,1.0,Gd,5.0,Typ,0.0,Gd,Detchd,1992.0,Unf,2.0,576.0,TA,TA,Y,0.0,240.0,0.0,0.0,0.0,0.0,Gd,MnPrv,Shed,0.0,12.0,2008.0,WD,Normal,147000.0,-0.4185325491834376,1.0,低
730.5,50.0,RL,70.0,9478.5,Pave,Grvl,Reg,Lvl,AllPub,Corner,Gtl,NridgHt,Norm,Norm,TwnhsE,1Story,6.0,5.0,1973.0,1994.0,Hip,CompShg,MetalSd,MetalSd,BrkFace,0.0,Ex,TA,PConc,Ex,TA,No,GLQ,383.5,Unf,0.0,477.5,991.5,GasA,Ex,Y,SBrkr,1087.0,0.0,0.0,1464.0,0.0,0.0,2.0,0.0,3.0,1.0,Ex,6.0,Typ,1.0,Gd,Attchd,1978.0,Fin,2.0,480.0,TA,TA,Y,0.0,25.0,0.0,0.0,0.0,0.0,Gd,MnPrv,Shed,0.0,6.0,2008.0,New,Partial,163000.0,-0.1736401122703021,2.0,中
1230.0,80.0,RL,70.0,7910.0,Pave,Grvl,Reg,Lvl,AllPub,Inside,Gtl,NAmes,Norm,Norm,1Fam,SLvl,5.0,5.0,1960.0,1960.0,Hip,CompShg,BrkFace,HdBoard,BrkFace,0.0,TA,TA,CBlock,TA,TA,No,ALQ,666.0,Unf,0.0,409.0,1075.0,GasA,Gd,Y,SBrkr,1507.0,0.0,0.0,1507.0,0.0,0.0,2.0,0.0,4.0,1.0,TA,7.0,Maj1,0.0,Gd,Basment,1960.0,Unf,1.0,404.0,TA,TA,Y,0.0,0.0,0.0,0.0,0.0,0.0,Gd,GdWo,Shed,0.0,8.0,2008.0,WD,Normal,127000.0,-0.724648095324857,1.0,低
730.5,50.0,RL,70.0,9478.5,Pave,Grvl,IR1,Lvl,AllPub,Inside,Gtl,Sawyer,Feedr,RRAe,Duplex,1.5Fin,6.0,5.0,1973.0,1994.0,Shed,CompShg,Plywood,Plywood,BrkFace,0.0,TA,TA,CBlock,Gd,TA,No,GLQ,383.5,Rec,0.0,477.5,991.5,GasA,Ex,Y,SBrkr,1087.0,0.0,0.0,1464.0,0.0,0.0,2.0,0.0,3.0,1.0,TA,6.0,Typ,1.0,TA,BuiltIn,1978.0,RFn,2.0,480.0,TA,TA,N,0.0,25.0,0.0,0.0,0.0,0.0,Gd,MnPrv,Gar2,0.0,6.0,2008.0,WD,Normal,163000.0,-0.1736401122703021,2.0,中
1232.0,90.0,RL,70.0,7728.0,Pave,Grvl,Reg,Lvl,AllPub,Inside,Gtl,NAmes,Norm,Norm,Duplex,SLvl,5.0,6.0,1962.0,1962.0,Hip,CompShg,Wd Sdng,Wd Sdng,BrkFace,120.0,TA,TA,CBlock,TA,TA,Av,ALQ,803.0,Unf,0.0,303.0,1106.0,GasA,TA,Y,SBrkr,1190.0,0.0,0.0,1190.0,1.0,0.0,1.0,0.0,3.0,1.0,TA,6.0,Typ,0.0,Gd,Attchd,1962.0,Unf,2.0,540.0,TA,TA,Y,0.0,18.0,0.0,0.0,0.0,0.0,Gd,GdWo,Shed,0.0,5.0,2006.0,WD,Normal,132500.0,-0.6404663201359666,1.0,低
1233.0,90.0,RL,70.0,9842.0,Pave,Grvl,Reg,Lvl,AllPub,FR2,Gtl,NAmes,Norm,Norm,Duplex,1Story,4.0,5.0,1962.0,1962.0,Gable,CompShg,HdBoard,HdBoard,BrkFace,0.0,TA,TA,Slab,TA,TA,No,Unf,0.0,Unf,0.0,0.0,0.0,GasA,TA,Y,SBrkr,1224.0,0.0,0.0,1224.0,0.0,0.0,2.0,0.0,2.0,2.0,TA,6.0,Typ,0.0,Gd,CarPort,1962.0,Unf,2.0,462.0,TA,TA,Y,0.0,0.0,0.0,0.0,0.0,0.0,Gd,MnPrv,Shed,0.0,3.0,2007.0,WD,Normal,101800.0,-1.1103536834630452,0.0,极低
1234.0,20.0,RL,79.0,12160.0,Pave,Grvl,IR1,Lvl,AllPub,Inside,Gtl,NAmes,Norm,Norm,1Fam,1Story,5.0,5.0,1959.0,1959.0,Hip,CompShg,Plywood,Plywood,BrkFace,180.0,TA,TA,CBlock,TA,TA,No,Rec,1000.0,Unf,0.0,188.0,1188.0,GasA,Fa,Y,SBrkr,1188.0,0.0,0.0,1188.0,1.0,0.0,1.0,0.0,3.0,1.0,TA,6.0,Typ,0.0,Gd,Attchd,1959.0,RFn,2.0,531.0,TA,TA,Y,0.0,0.0,0.0,0.0,0.0,0.0,Gd,MnPrv,Shed,0.0,5.0,2010.0,COD,Abnorml,142000.0,-0.4950614357187924,1.0,低
1235.0,70.0,RH,55.0,8525.0,Pave,Grvl,Reg,Bnk,AllPub,Inside,Gtl,SWISU,Norm,Norm,1Fam,2Story,5.0,6.0,1911.0,1950.0,Gable,CompShg,MetalSd,MetalSd,BrkFace,0.0,TA,TA,PConc,TA,TA,Av,Unf,0.0,Unf,0.0,940.0,940.0,GasA,TA,N,FuseA,1024.0,940.0,0.0,1964.0,0.0,0.0,1.0,1.0,4.0,1.0,TA,7.0,Typ,0.0,Gd,Attchd,1966.4,Unf,0.0,0.0,TA,TA,N,0.0,192.0,0.0,0.0,0.0,0.0,Gd,MnPrv,Shed,0.0,11.0,2008.0,WD,Abnorml,130000.0,-0.678730763403644,1.0,低
1236.0,70.0,RL,96.0,13132.0,Pave,Grvl,Reg,Lvl,AllPub,Inside,Gtl,Crawfor,Norm,Norm,1Fam,2Story,5.0,5.0,1914.0,1950.0,Gable,CompShg,Wd Sdng,Wd Sdng,BrkFace,0.0,TA,TA,BrkTil,Gd,TA,Mn,Unf,0.0,Unf,0.0,747.0,747.0,GasA,Gd,Y,FuseF,892.0,892.0,0.0,1784.0,0.0,0.0,1.0,1.0,4.0,1.0,TA,9.0,Typ,0.0,Gd,Detchd,1914.0,Unf,1.0,180.0,Fa,Fa,N,203.0,40.0,0.0,0.0,0.0,0.0,Gd,MnPrv,Shed,0.0,7.0,2006.0,WD,Normal,138887.0,-0.5427083204757044,1.0,低
1237.0,160.0,RL,36.0,2628.0,Pave,Grvl,Reg,Lvl,AllPub,Inside,Gtl,NridgHt,Norm,Norm,Twnhs,2Story,7.0,5.0,2003.0,2003.0,Gable,CompShg,VinylSd,Wd Shng,Stone,106.0,Gd,TA,PConc,Gd,TA,No,Unf,0.0,Unf,0.0,764.0,764.0,GasA,Ex,Y,SBrkr,764.0,862.0,0.0,1626.0,0.0,0.0,2.0,1.0,2.0,1.0,Gd,6.0,Typ,0.0,Gd,BuiltIn,2003.0,RFn,2.0,474.0,TA,TA,Y,0.0,27.0,0.0,0.0,0.0,0.0,Gd,MnPrv,Shed,0.0,6.0,2010.0,WD,Normal,175500.0,0.01768210406808499,3.0,高
1238.0,60.0,RL,41.0,12393.0,Pave,Grvl,IR2,Lvl,AllPub,FR2,Gtl,CollgCr,Norm,Norm,1Fam,2Story,7.0,5.0,2004.0,2005.0,Gable,CompShg,VinylSd,VinylSd,BrkFace,0.0,Gd,TA,PConc,Gd,TA,No,Unf,0.0,Unf,0.0,847.0,847.0,GasA,Ex,Y,SBrkr,847.0,1101.0,0.0,1948.0,0.0,0.0,2.0,1.0,4.0,1.0,Gd,8.0,Typ,1.0,Gd,BuiltIn,2004.0,Fin,2.0,434.0,TA,TA,Y,100.0,48.0,0.0,0.0,0.0,0.0,Gd,MnPrv,Shed,0.0,9.0,2006.0,WD,Normal,195000.0,0.3161447615559689,3.0,高
1239.0,20.0,RL,63.0,13072.0,Pave,Grvl,Reg,Lvl,AllPub,Inside,Gtl,SawyerW,RRAe,Norm,1Fam,1Story,6.0,5.0,2005.0,2005.0,Gable,CompShg,VinylSd,VinylSd,BrkFace,0.0,Gd,TA,PConc,Gd,TA,No,Unf,0.0,Unf,0.0,1141.0,1141.0,GasA,Ex,Y,SBrkr,1141.0,0.0,0.0,1141.0,0.0,0.0,1.0,1.0,3.0,1.0,TA,6.0,Typ,0.0,Gd,Detchd,2005.0,Unf,2.0,484.0,TA,TA,Y,0.0,0.0,0.0,0.0,0.0,0.0,Gd,MnPrv,Shed,0.0,3.0,2006.0,WD,Abnorml,142500.0,-0.48740854706525694,1.0,低
1240.0,20.0,RL,64.0,9037.0,Pave,Grvl,IR1,HLS,AllPub,Inside,Gtl,Timber,Norm,Norm,1Fam,1Story,8.0,5.0,2006.0,2006.0,Hip,CompShg,VinylSd,VinylSd,BrkFace,32.0,Gd,TA,PConc,Gd,TA,Av,GLQ,428.0,Unf,0.0,1048.0,1476.0,GasA,Ex,Y,SBrkr,1484.0,0.0,0.0,1484.0,0.0,0.0,2.0,0.0,2.0,1.0,Ex,6.0,Typ,1.0,Gd,Attchd,2006.0,RFn,2.0,472.0,TA,TA,Y,120.0,33.0,0.0,0.0,0.0,0.0,Gd,MnPrv,Shed,0.0,12.0,2007.0,WD,Normal,265900.0,1.4013243726273004,4.0,极高
1241.0,60.0,RL,65.0,8158.0,Pave,Grvl,Reg,Lvl,AllPub,Inside,Gtl,CollgCr,Norm,Norm,1Fam,2Story,7.0,5.0,2003.0,2003.0,Gable,CompShg,VinylSd,VinylSd,BrkFace,252.0,Gd,TA,PConc,Gd,TA,No,GLQ,550.0,Unf,0.0,334.0,884.0,GasA,Ex,Y,SBrkr,884.0,884.0,0.0,1768.0,1.0,0.0,2.0,1.0,3.0,1.0,Gd,8.0,Typ,0.0,Gd,Attchd,2003.0,RFn,2.0,543.0,TA,TA,Y,0.0,63.0,0.0,0.0,0.0,0.0,Gd,MnPrv,Shed,0.0,7.0,2008.0,WD,Normal,224900.0,0.7737875030373907,4.0,极高
1242.0,20.0,RL,83.0,9849.0,Pave,Grvl,Reg,Lvl,AllPub,Inside,Gtl,Somerst,Norm,Norm,1Fam,1Story,7.0,6.0,2007.0,2007.0,Hip,CompShg,VinylSd,VinylSd,Stone,0.0,Gd,TA,PConc,Gd,TA,Av,Unf,0.0,Unf,0.0,1689.0,1689.0,GasA,Ex,Y,SBrkr,1689.0,0.0,0.0,1689.0,0.0,0.0,2.0,0.0,3.0,1.0,Gd,7.0,Typ,0.0,Gd,Attchd,2007.0,RFn,3.0,954.0,TA,TA,Y,0.0,56.0,0.0,0.0,0.0,0.0,Gd,MnPrv,Shed,0.0,6.0,2007.0,New,Partial,248328.0,1.1323712537874493,4.0,极高
1243.0,85.0,RL,85.0,10625.0,Pave,Grvl,Reg,Lvl,AllPub,Inside,Gtl,NWAmes,Norm,Norm,1Fam,SFoyer,7.0,6.0,1974.0,1974.0,Gable,CompShg,Plywood,Plywood,BrkFace,81.0,TA,TA,CBlock,Gd,TA,Gd,GLQ,885.0,LwQ,168.0,0.0,1053.0,GasA,TA,Y,SBrkr,1173.0,0.0,0.0,1173.0,1.0,0.0,2.0,0.0,3.0,1.0,Gd,6.0,Typ,2.0,TA,Attchd,1974.0,RFn,2.0,528.0,TA,TA,Y,0.0,120.0,0.0,0.0,0.0,0.0,Gd,MnPrv,Shed,0.0,1.0,2010.0,WD,Family,170000.0,-0.06649967112080533,2.0,中
1244.0,20.0,RL,107.0,13891.0,Pave,Grvl,Reg,Lvl,AllPub,Inside,Gtl,NridgHt,Norm,Norm,1Fam,1Story,10.0,5.0,2006.0,2006.0,Gable,CompShg,VinylSd,VinylSd,BrkFace,450.6,Ex,TA,PConc,Ex,Gd,Gd,GLQ,1386.0,Unf,0.0,690.0,2076.0,GasA,Ex,Y,SBrkr,2076.0,0.0,0.0,2076.0,1.0,0.0,2.0,1.0,2.0,1.0,Ex,7.0,Typ,1.0,Gd,Attchd,2006.0,Fin,3.0,850.0,TA,TA,Y,216.0,229.0,0.0,0.0,0.0,0.0,Gd,MnPrv,Shed,0.0,9.0,2006.0,New,Partial,465000.0,4.44870463446513,4.0,极高
1245.0,70.0,RL,81.2,11435.0,Pave,Grvl,IR1,HLS,AllPub,Corner,Mod,Crawfor,Norm,Norm,1Fam,2Story,8.0,7.0,1929.0,1950.0,Gable,CompShg,BrkFace,Stucco,BrkFace,0.0,TA,TA,PConc,Gd,TA,No,Unf,0.0,Unf,0.0,792.0,792.0,GasA,Fa,Y,SBrkr,792.0,725.0,0.0,1517.0,0.0,0.0,1.0,0.0,3.0,1.0,Gd,7.0,Typ,2.0,Gd,Detchd,1931.0,Unf,2.0,400.0,TA,TA,Y,0.0,0.0,0.0,0.0,0.0,0.0,Gd,MnPrv,Shed,0.0,6.0,2006.0,WD,Normal,230000.0,0.8518469673034527,4.0,极高
1246.0,80.0,RL,78.0,12090.0,Pave,Grvl,Reg,Lvl,AllPub,Inside,Gtl,NWAmes,Norm,Norm,1Fam,SLvl,6.0,7.0,1984.0,2003.0,Hip,CompShg,VinylSd,VinylSd,BrkFace,74.0,TA,TA,CBlock,Gd,TA,No,Unf,0.0,Unf,0.0,585.0,585.0,GasA,Ex,Y,SBrkr,1140.0,728.0,0.0,1868.0,0.0,0.0,3.0,1.0,3.0,1.0,TA,7.0,Typ,1.0,TA,BuiltIn,1984.0,Fin,2.0,477.0,TA,TA,Y,268.0,112.0,0.0,0.0,147.0,0.0,Gd,MnPrv,Shed,0.0,1.0,2007.0,WD,Abnorml,178000.0,0.05594654733576241,3.0,高
1247.0,60.0,FV,65.0,8125.0,Pave,Grvl,Reg,Lvl,AllPub,Inside,Gtl,Somerst,Norm,Norm,1Fam,2Story,7.0,5.0,2005.0,2006.0,Gable,CompShg,VinylSd,VinylSd,BrkFace,0.0,Gd,TA,PConc,Gd,TA,No,Unf,0.0,Unf,0.0,756.0,756.0,GasA,Ex,Y,SBrkr,756.0,797.0,0.0,1553.0,0.0,0.0,2.0,1.0,3.0,1.0,Gd,6.0,Typ,0.0,Gd,Attchd,2005.0,RFn,2.0,615.0,TA,TA,Y,0.0,45.0,0.0,0.0,0.0,0.0,Gd,MnPrv,Shed,0.0,3.0,2006.0,New,Partial,186500.0,0.18604565444586563,3.0,高
1248.0,80.0,RL,77.8,12328.0,Pave,Grvl,IR1,Lvl,AllPub,Inside,Gtl,Mitchel,Norm,Norm,1Fam,SLvl,6.0,5.0,1976.0,1976.0,Gable,CompShg,HdBoard,HdBoard,BrkFace,335.0,TA,TA,CBlock,TA,TA,Av,GLQ,539.0,Unf,0.0,473.0,1012.0,GasA,TA,Y,SBrkr,1034.0,0.0,0.0,1034.0,1.0,0.0,1.0,0.0,3.0,1.0,TA,6.0,Typ,0.0,Gd,Attchd,1976.0,Unf,3.0,888.0,TA,TA,Y,0.0,0.0,0.0,0.0,0.0,0.0,Gd,MnPrv,Shed,0.0,5.0,2010.0,WD,Normal,169900.0,-0.06803024885151243,2.0,中
1249.0,75.0,RM,60.0,9600.0,Pave,Grvl,Reg,Lvl,AllPub,Inside,Gtl,OldTown,Norm,Norm,1Fam,2.5Unf,6.0,5.0,1917.0,1950.0,Gable,CompShg,AsbShng,AsbShng,BrkFace,0.0,TA,TA,BrkTil,Gd,TA,No,Rec,319.0,Unf,0.0,416.0,735.0,OthW,Fa,N,SBrkr,1134.0,924.0,0.0,2058.0,0.0,0.0,1.0,1.0,3.0,1.0,TA,8.0,Typ,1.0,Gd,Detchd,1950.0,Unf,2.0,396.0,Fa,Fa,P,0.0,0.0,259.0,0.0,0.0,0.0,Gd,MnPrv,Shed,0.0,4.0,2008.0,WD,Normal,129500.0,-0.6863836520571795,1.0,低
1250.0,20.0,RL,60.0,7200.0,Pave,Grvl,Reg,Lvl,AllPub,Inside,Gtl,NAmes,Norm,Norm,1Fam,1Story,5.0,7.0,1950.0,1950.0,Gable,CompShg,MetalSd,MetalSd,BrkFace,0.0,TA,TA,CBlock,TA,TA,No,BLQ,534.0,Rec,96.0,246.0,876.0,GasA,TA,Y,SBrkr,988.0,0.0,0.0,988.0,0.0,0.0,1.0,0.0,3.0,1.0,TA,6.0,Typ,0.0,Gd,Attchd,1950.0,Unf,1.0,276.0,TA,TA,Y,0.0,80.0,0.0,0.0,0.0,0.0,Gd,MnPrv,Shed,0.0,5.0,2007.0,WD,Normal,119000.0,-0.8470943137814246,0.0,极低
1251.0,20.0,RL,93.0,11160.0,Pave,Grvl,Reg,Lvl,AllPub,Corner,Gtl,NAmes,Norm,Norm,1Fam,1Story,7.0,5.0,1968.0,1968.0,Hip,CompShg,BrkFace,BrkFace,BrkFace,0.0,Gd,TA,CBlock,TA,TA,No,ALQ,1065.0,Unf,0.0,1045.0,2110.0,GasA,Ex,Y,SBrkr,2110.0,0.0,0.0,2110.0,1.0,0.0,2.0,1.0,3.0,1.0,Ex,8.0,Typ,2.0,TA,Attchd,1968.0,Fin,2.0,522.0,TA,TA,Y,0.0,0.0,0.0,0.0,0.0,0.0,Gd,MnPrv,Shed,0.0,4.0,2010.0,WD,Normal,244000.0,1.0661278496024462,4.0,极高
1252.0,120.0,RL,39.8,3136.0,Pave,Grvl,IR1,Lvl,AllPub,Corner,Gtl,NridgHt,Norm,Norm,TwnhsE,1Story,7.0,5.0,2003.0,2003.0,Gable,CompShg,VinylSd,Wd Shng,Stone,163.0,Gd,TA,PConc,Gd,TA,No,Unf,0.0,Unf,0.0,1405.0,1405.0,GasA,Ex,Y,SBrkr,1405.0,0.0,0.0,1405.0,0.0,0.0,2.0,0.0,2.0,1.0,Gd,6.0,Typ,1.0,Gd,Attchd,2003.0,RFn,2.0,478.0,TA,TA,Y,148.0,36.0,0.0,0.0,0.0,0.0,Gd,MnPrv,Shed,0.0,3.0,2006.0,WD,Normal,171750.0,-0.03971456083343114,3.0,高
1253.0,20.0,RL,62.0,9858.0,Pave,Grvl,Reg,Lvl,AllPub,Inside,Gtl,Mitchel,Norm,Norm,1Fam,1Story,5.0,6.0,1968.0,1968.0,Gable,CompShg,HdBoard,HdBoard,BrkFace,0.0,TA,TA,CBlock,TA,TA,No,BLQ,510.0,Unf,0.0,354.0,864.0,GasA,TA,Y,SBrkr,874.0,0.0,0.0,874.0,1.0,0.0,1.0,0.0,3.0,1.0,TA,5.0,Typ,0.0,Gd,Attchd,1968.0,RFn,1.0,288.0,TA,TA,Y,33.0,0.0,0.0,0.0,0.0,0.0,Gd,GdWo,Shed,600.0,11.0,2009.0,WD,Normal,130000.0,-0.678730763403644,1.0,低
1254.0,60.0,RL,81.0,17542.0,Pave,Grvl,IR1,Lvl,AllPub,Inside,Gtl,Veenker,Norm,Norm,1Fam,2Story,7.0,7.0,1974.0,2003.0,Gable,CompShg,Wd Sdng,Wd Sdng,BrkFace,0.0,Gd,TA,CBlock,TA,TA,Gd,LwQ,125.0,ALQ,1031.0,36.0,1192.0,GasA,TA,Y,SBrkr,1516.0,651.0,0.0,2167.0,1.0,0.0,2.0,1.0,3.0,1.0,Gd,9.0,Typ,2.0,Gd,Attchd,1974.0,RFn,2.0,518.0,TA,TA,Y,220.0,47.0,0.0,0.0,0.0,0.0,Gd,MnPrv,Shed,0.0,7.0,2007.0,WD,Normal,294000.0,1.8314167149559946,4.0,极高
1255.0,60.0,RL,60.0,6931.0,Pave,Grvl,Reg,Lvl,AllPub,Inside,Gtl,Edwards,Norm,Norm,1Fam,2Story,7.0,5.0,2003.0,2004.0,Gable,CompShg,VinylSd,VinylSd,Stone,92.0,Gd,TA,PConc,Gd,TA,No,Unf,0.0,Unf,0.0,746.0,746.0,GasA,Ex,Y,SBrkr,760.0,896.0,0.0,1656.0,0.0,0.0,2.0,1.0,3.0,1.0,Gd,7.0,Typ,1.0,Gd,BuiltIn,2003.0,Fin,2.0,397.0,TA,TA,Y,178.0,128.0,0.0,0.0,0.0,0.0,Gd,MnPrv,Shed,0.0,7.0,2008.0,WD,Normal,165400.0,-0.1369062467333318,2.0,中
1256.0,50.0,RM,52.0,6240.0,Pave,Grvl,Reg,Lvl,AllPub,Inside,Gtl,BrkSide,Norm,Norm,1Fam,1.5Fin,6.0,6.0,1931.0,1950.0,Gable,CompShg,Wd Sdng,Wd Sdng,BrkFace,0.0,TA,TA,BrkTil,TA,Fa,No,LwQ,425.0,Unf,0.0,459.0,884.0,GasA,TA,Y,FuseA,959.0,408.0,0.0,1367.0,0.0,0.0,1.0,0.0,3.0,1.0,TA,6.0,Typ,1.0,Gd,Detchd,1978.0,Unf,1.0,560.0,TA,TA,Y,0.0,0.0,0.0,0.0,120.0,0.0,Gd,MnPrv,Shed,0.0,11.0,2007.0,WD,Normal,127500.0,-0.7169952066713214,1.0,低
1257.0,20.0,RL,91.0,14303.0,Pave,Grvl,IR1,Lvl,AllPub,Corner,Gtl,NoRidge,Norm,Norm,1Fam,1Story,8.0,5.0,1994.0,1994.0,Hip,CompShg,HdBoard,HdBoard,BrkFace,554.0,Gd,TA,PConc,Gd,TA,Gd,GLQ,1314.0,Unf,0.0,672.0,1986.0,GasA,Ex,Y,SBrkr,1987.0,0.0,0.0,1987.0,1.0,0.0,2.0,0.0,2.0,1.0,Gd,7.0,Typ,1.0,TA,Attchd,1994.0,Fin,2.0,691.0,TA,TA,Y,262.0,36.0,0.0,0.0,0.0,0.0,Gd,MnPrv,Shed,0.0,8.0,2008.0,WD,Normal,301500.0,1.946210044759027,4.0,极高
1258.0,30.0,RL,56.0,4060.0,Pave,Grvl,Reg,Lvl,AllPub,Corner,Gtl,Edwards,Feedr,Norm,1Fam,1Story,5.0,8.0,1922.0,1950.0,Gable,CompShg,Wd Sdng,Wd Sdng,BrkFace,0.0,TA,TA,PConc,Fa,TA,No,Unf,0.0,Unf,0.0,864.0,864.0,GasA,Ex,Y,SBrkr,864.0,0.0,0.0,864.0,0.0,0.0,1.0,0.0,2.0,1.0,TA,4.0,Typ,0.0,Gd,Attchd,1951.8,Unf,0.0,0.0,TA,TA,Y,0.0,96.0,0.0,0.0,0.0,0.0,Gd,MnPrv,Shed,0.0,7.0,2009.0,WD,Normal,99900.0,-1.1394346603464802,0.0,极低
1259.0,80.0,RL,59.0,9587.0,Pave,Grvl,IR1,Lvl,AllPub,Inside,Gtl,Gilbert,Norm,Norm,1Fam,SLvl,7.0,5.0,2005.0,2005.0,Gable,CompShg,VinylSd,VinylSd,Stone,182.0,Gd,TA,PConc,Gd,TA,Gd,GLQ,655.0,Unf,0.0,201.0,856.0,GasA,Ex,Y,SBrkr,1166.0,0.0,0.0,1166.0,1.0,0.0,2.0,0.0,2.0,1.0,Gd,5.0,Typ,0.0,Gd,Attchd,2005.0,Fin,2.0,400.0,TA,TA,Y,212.0,0.0,0.0,0.0,0.0,0.0,Gd,MnPrv,Shed,0.0,7.0,2008.0,WD,Normal,190000.0,0.23961587502061402,3.0,高
1260.0,20.0,RL,65.0,9750.0,Pave,Grvl,Reg,Lvl,AllPub,FR2,Gtl,NAmes,Norm,Norm,1Fam,1Story,6.0,8.0,1969.0,1969.0,Gable,CompShg,HdBoard,HdBoard,BrkFace,0.0,TA,TA,CBlock,Gd,TA,No,ALQ,602.0,LwQ,438.0,14.0,1054.0,GasA,Gd,Y,SBrkr,1054.0,0.0,0.0,1054.0,1.0,0.0,1.0,1.0,3.0,1.0,TA,6.0,Typ,0.0,Gd,Attchd,1969.0,Unf,2.0,460.0,TA,TA,Y,180.0,0.0,0.0,0.0,80.0,0.0,Gd,MnPrv,Shed,0.0,7.0,2008.0,WD,Normal,151000.0,-0.3573094399551537,1.0,低
1261.0,60.0,RL,69.8,24682.0,Pave,Grvl,IR3,Lvl,AllPub,CulDSac,Gtl,Gilbert,RRAn,Norm,1Fam,2Story,6.0,5.0,1999.0,1999.0,Gable,CompShg,VinylSd,VinylSd,BrkFace,0.0,TA,TA,PConc,Gd,TA,No,Unf,0.0,Unf,0.0,841.0,841.0,GasA,Ex,Y,SBrkr,892.0,783.0,0.0,1675.0,0.0,0.0,2.0,1.0,3.0,1.0,TA,7.0,Typ,1.0,TA,BuiltIn,1999.0,Fin,2.0,502.0,TA,TA,Y,0.0,103.0,0.0,0.0,0.0,0.0,Gd,MnPrv,Shed,0.0,6.0,2009.0,WD,Normal,181000.0,0.1018638792569753,3.0,高
1262.0,20.0,RL,80.0,9600.0,Pave,Grvl,Reg,Lvl,AllPub,Inside,Gtl,NAmes,Norm,Norm,1Fam,1Story,5.0,6.0,1956.0,1956.0,Hip,CompShg,MetalSd,MetalSd,BrkFace,0.0,TA,TA,CBlock,TA,TA,No,Rec,504.0,Unf,0.0,546.0,1050.0,GasA,Gd,Y,SBrkr,1050.0,0.0,0.0,1050.0,0.0,0.0,1.0,0.0,2.0,1.0,TA,5.0,Typ,0.0,Gd,Attchd,1956.0,Unf,1.0,338.0,TA,TA,Y,0.0,0.0,0.0,0.0,0.0,0.0,Gd,MnPrv,Shed,0.0,6.0,2009.0,WD,Normal,128900.0,-0.695567118441422,1.0,低
1263.0,50.0,RL,63.6,11250.0,Pave,Grvl,Reg,Lvl,AllPub,Inside,Gtl,ClearCr,Norm,Norm,1Fam,1.5Fin,4.0,5.0,1957.0,1989.0,Gable,CompShg,Wd Sdng,Wd Sdng,BrkFace,0.0,TA,TA,CBlock,TA,TA,Av,Unf,0.0,Unf,0.0,1104.0,1104.0,GasA,Ex,Y,FuseA,1104.0,684.0,0.0,1788.0,1.0,0.0,1.0,0.0,5.0,1.0,TA,8.0,Min2,2.0,TA,Attchd,1957.0,Unf,1.0,304.0,TA,TA,Y,120.0,0.0,0.0,0.0,0.0,0.0,Gd,MnPrv,Shed,0.0,11.0,2009.0,WD,Normal,161500.0,-0.19659877823090854,2.0,中
1264.0,70.0,RL,60.0,13515.0,Pave,Pave,Reg,Lvl,AllPub,Inside,Gtl,BrkSide,Norm,Norm,1Fam,2Story,6.0,6.0,1919.0,1950.0,Gambrel,CompShg,Wd Sdng,Wd Sdng,BrkFace,0.0,TA,TA,PConc,TA,TA,No,Unf,0.0,Unf,0.0,764.0,764.0,GasA,Ex,Y,FuseA,1060.0,764.0,0.0,1824.0,0.0,0.0,1.0,0.0,3.0,1.0,TA,8.0,Typ,1.0,Gd,Detchd,1940.0,Unf,2.0,520.0,TA,TA,N,0.0,0.0,126.0,0.0,0.0,0.0,Gd,GdPrv,Shed,0.0,7.0,2007.0,WD,Normal,180500.0,0.09421099060343982,3.0,高
1265.0,120.0,RH,34.0,4060.0,Pave,Grvl,Reg,Lvl,AllPub,Inside,Gtl,NAmes,Norm,Norm,TwnhsE,1Story,6.0,5.0,1998.0,1999.0,Gable,CompShg,MetalSd,MetalSd,BrkFace,0.0,Gd,TA,PConc,Gd,TA,No,GLQ,266.0,Unf,0.0,1139.0,1405.0,GasA,Ex,Y,SBrkr,1337.0,0.0,0.0,1337.0,1.0,0.0,2.0,0.0,2.0,1.0,Gd,5.0,Typ,0.0,Gd,Attchd,1998.0,Fin,2.0,511.0,TA,TA,Y,144.0,68.0,0.0,0.0,0.0,0.0,Gd,MnPrv,Shed,0.0,8.0,2008.0,COD,Abnorml,181000.0,0.1018638792569753,3.0,高
1266.0,160.0,FV,35.0,3735.0,Pave,Grvl,Reg,Lvl,AllPub,FR3,Gtl,Somerst,Norm,Norm,TwnhsE,2Story,7.0,5.0,1999.0,1999.0,Hip,CompShg,MetalSd,MetalSd,BrkFace,218.0,Gd,TA,PConc,Gd,TA,No,GLQ,450.0,Unf,0.0,241.0,691.0,GasA,Ex,Y,SBrkr,713.0,739.0,0.0,1452.0,1.0,0.0,2.0,1.0,3.0,1.0,Gd,6.0,Typ,0.0,Gd,Detchd,1999.0,Unf,2.0,506.0,TA,TA,Y,0.0,34.0,0.0,0.0,0.0,0.0,Gd,MnPrv,Shed,0.0,3.0,2006.0,WD,Normal,183900.0,0.14625063344748113,3.0,高
730.5,50.0,RM,70.0,9478.5,Pave,Grvl,IR1,Bnk,AllPub,Inside,Gtl,OldTown,Feedr,Norm,2fmCon,2.5Unf,6.0,5.0,1973.0,1994.0,Hip,CompShg,Wd Sdng,Wd Sdng,BrkFace,0.0,Fa,TA,CBlock,TA,TA,No,Unf,383.5,Unf,0.0,477.5,991.5,GasA,TA,N,FuseF,1087.0,0.0,0.0,1464.0,0.0,0.0,2.0,0.0,3.0,1.0,TA,6.0,Typ,1.0,Gd,Detchd,1978.0,Unf,2.0,480.0,TA,TA,N,0.0,25.0,0.0,0.0,0.0,0.0,Gd,MnPrv,Shed,0.0,6.0,2008.0,WD,Normal,163000.0,-0.1736401122703021,2.0,中
1268.0,20.0,RL,89.0,13214.0,Pave,Grvl,IR1,HLS,AllPub,Inside,Gtl,Timber,Norm,Norm,1Fam,1Story,9.0,5.0,2008.0,2009.0,Hip,CompShg,Stucco,CmentBd,BrkFace,0.0,Ex,TA,PConc,Ex,TA,Gd,Unf,0.0,Unf,0.0,2002.0,2002.0,GasA,Ex,Y,SBrkr,2018.0,0.0,0.0,2018.0,0.0,0.0,2.0,0.0,3.0,1.0,Ex,10.0,Typ,1.0,Gd,Attchd,2009.0,Fin,3.0,746.0,TA,TA,Y,144.0,76.0,0.0,0.0,0.0,0.0,Gd,MnPrv,Shed,0.0,5.0,2010.0,WD,Normal,378500.0,3.1247548974034913,4.0,极高
730.5,50.0,RL,70.0,9478.5,Pave,Grvl,IR1,Lvl,AllPub,Inside,Mod,Crawfor,Norm,Norm,1Fam,1.5Fin,6.0,5.0,1973.0,1994.0,Gable,CompShg,Stucco,Stucco,BrkFace,0.0,TA,Gd,CBlock,TA,TA,Mn,Rec,383.5,Unf,0.0,477.5,991.5,GasA,Ex,Y,SBrkr,1087.0,0.0,0.0,1464.0,0.0,0.0,2.0,0.0,3.0,1.0,Gd,6.0,Typ,1.0,Gd,BuiltIn,1978.0,Unf,2.0,480.0,TA,TA,Y,0.0,25.0,0.0,0.0,0.0,0.0,Gd,GdWo,Shed,0.0,6.0,2008.0,WD,Normal,163000.0,-0.1736401122703021,2.0,中
1270.0,50.0,RL,78.0,11344.0,Pave,Grvl,Reg,Lvl,AllPub,Inside,Gtl,NAmes,Feedr,Norm,1Fam,1.5Fin,5.0,5.0,1958.0,1958.0,Gable,CompShg,MetalSd,MetalSd,BrkFace,180.0,TA,TA,CBlock,TA,TA,No,BLQ,460.0,Unf,0.0,414.0,874.0,GasW,TA,Y,FuseA,874.0,650.0,0.0,1524.0,0.0,0.0,1.0,1.0,3.0,1.0,TA,7.0,Typ,0.0,Gd,Attchd,1958.0,Unf,1.0,315.0,TA,TA,Y,0.0,0.0,0.0,0.0,0.0,0.0,Gd,GdWo,Shed,0.0,7.0,2007.0,WD,Normal,144000.0,-0.46444988110465046,1.0,低
730.5,50.0,RL,70.0,9478.5,Pave,Grvl,Reg,Low,AllPub,Inside,Sev,ClearCr,Norm,Norm,1Fam,1Story,6.0,5.0,1973.0,1994.0,Shed,WdShake,Plywood,Plywood,BrkFace,0.0,Gd,TA,PConc,Gd,TA,Gd,GLQ,383.5,Unf,0.0,477.5,991.5,GasA,TA,Y,SBrkr,1087.0,0.0,0.0,1464.0,0.0,0.0,2.0,0.0,3.0,1.0,Gd,6.0,Typ,1.0,TA,Attchd,1978.0,Fin,2.0,480.0,TA,TA,Y,0.0,25.0,0.0,0.0,0.0,0.0,Gd,MnPrv,Shed,0.0,6.0,2008.0,WD,Normal,163000.0,-0.1736401122703021,2.0,中
1272.0,20.0,RL,76.4,9156.0,Pave,Grvl,IR1,Lvl,AllPub,Inside,Gtl,NWAmes,PosN,Norm,1Fam,1Story,6.0,7.0,1968.0,1968.0,Hip,CompShg,BrkFace,BrkFace,BrkFace,0.0,TA,TA,CBlock,TA,TA,No,Unf,0.0,Unf,0.0,1489.0,1489.0,GasA,Gd,Y,SBrkr,1489.0,0.0,0.0,1489.0,0.0,0.0,2.0,0.0,3.0,1.0,Gd,7.0,Typ,1.0,Gd,Attchd,1968.0,RFn,2.0,462.0,TA,TA,Y,0.0,0.0,0.0,0.0,0.0,0.0,Gd,MnPrv,Shed,0.0,8.0,2009.0,WD,Normal,185750.0,0.1745663214655624,3.0,高
1273.0,20.0,RL,85.2,13526.0,Pave,Grvl,IR1,Lvl,AllPub,CulDSac,Gtl,Sawyer,Norm,Norm,1Fam,1Story,5.0,6.0,1965.0,1965.0,Hip,CompShg,HdBoard,Plywood,BrkFace,114.0,TA,TA,CBlock,TA,TA,No,BLQ,560.0,LwQ,375.0,0.0,935.0,GasA,TA,Y,SBrkr,935.0,0.0,0.0,935.0,1.0,0.0,1.0,0.0,3.0,1.0,TA,5.0,Typ,0.0,Gd,Attchd,1965.0,Unf,1.0,288.0,TA,TA,Y,180.0,0.0,0.0,0.0,0.0,0.0,Gd,MnPrv,Shed,0.0,11.0,2006.0,WD,Normal,137000.0,-0.5715903222541473,1.0,低
1274.0,80.0,RL,124.0,11512.0,Pave,Grvl,IR1,Lvl,AllPub,Corner,Gtl,Edwards,Norm,Norm,1Fam,SLvl,6.0,7.0,1959.0,2006.0,Gable,CompShg,Plywood,Plywood,BrkFace,84.0,TA,TA,CBlock,TA,TA,Av,ALQ,719.0,Unf,0.0,300.0,1019.0,GasA,Gd,Y,SBrkr,1357.0,0.0,0.0,1357.0,1.0,0.0,1.0,0.0,2.0,1.0,Ex,5.0,Typ,1.0,Gd,Basment,1959.0,RFn,1.0,312.0,TA,TA,Y,0.0,0.0,0.0,0.0,163.0,0.0,Gd,GdPrv,Shed,0.0,5.0,2008.0,WD,Normal,177000.0,0.04064077002869144,3.0,高
1275.0,50.0,RL,53.0,5362.0,Pave,Grvl,Reg,Lvl,AllPub,Corner,Gtl,Crawfor,Norm,Norm,1Fam,1.5Fin,5.0,6.0,1910.0,2003.0,Gable,CompShg,Wd Sdng,Wd Shng,BrkFace,0.0,TA,TA,PConc,TA,TA,No,Unf,0.0,Unf,0.0,661.0,661.0,GasA,Ex,Y,SBrkr,661.0,589.0,0.0,1250.0,0.0,0.0,2.0,0.0,3.0,1.0,TA,8.0,Typ,1.0,Gd,Detchd,1985.0,Unf,2.0,552.0,TA,TA,Y,242.0,0.0,81.0,0.0,0.0,0.0,Gd,MnPrv,Shed,0.0,11.0,2007.0,WD,Normal,139000.0,-0.5409787676400053,1.0,低
1276.0,90.0,RL,95.0,11345.0,Pave,Grvl,Reg,Lvl,AllPub,Corner,Gtl,NAmes,Feedr,Norm,Duplex,2Story,5.0,5.0,1948.0,1950.0,Gable,Roll,AsbShng,AsbShng,Stone,567.0,TA,TA,CBlock,TA,TA,No,Rec,220.0,Unf,0.0,708.0,928.0,GasA,Gd,Y,FuseA,928.0,992.0,0.0,1920.0,0.0,0.0,2.0,0.0,4.0,2.0,TA,10.0,Typ,0.0,Gd,Detchd,1948.0,Unf,2.0,400.0,TA,Fa,Y,0.0,0.0,0.0,0.0,0.0,0.0,Gd,MnPrv,Shed,0.0,7.0,2007.0,WD,Normal,137000.0,-0.5715903222541473,1.0,低
1277.0,60.0,RL,90.4,12936.0,Pave,Grvl,IR1,Lvl,AllPub,CulDSac,Gtl,NWAmes,Norm,Norm,1Fam,2Story,6.0,6.0,1972.0,1972.0,Gable,CompShg,HdBoard,Plywood,BrkFace,0.0,TA,TA,CBlock,TA,Gd,No,BLQ,593.0,Unf,0.0,130.0,723.0,GasA,TA,Y,SBrkr,735.0,660.0,0.0,1395.0,0.0,1.0,1.0,1.0,3.0,1.0,TA,6.0,Typ,1.0,TA,Attchd,1972.0,Unf,2.0,497.0,TA,TA,Y,294.0,116.0,0.0,0.0,0.0,0.0,Gd,MnPrv,Shed,0.0,12.0,2009.0,WD,Normal,162000.0,-0.18894588957737307,2.0,中
1278.0,80.0,RL,101.0,17871.0,Pave,Grvl,IR1,Lvl,AllPub,CulDSac,Gtl,NWAmes,Norm,Norm,1Fam,SLvl,6.0,5.0,1967.0,1976.0,Gable,CompShg,HdBoard,HdBoard,BrkFace,359.0,TA,TA,CBlock,Gd,TA,Av,ALQ,528.0,Unf,0.0,1152.0,1680.0,GasA,Fa,Y,SBrkr,1724.0,0.0,0.0,1724.0,1.0,0.0,1.0,1.0,3.0,1.0,TA,7.0,Typ,1.0,Gd,Attchd,1967.0,RFn,2.0,480.0,TA,TA,Y,0.0,0.0,0.0,0.0,0.0,0.0,Gd,MnPrv,Shed,0.0,6.0,2009.0,WD,Normal,197900.0,0.3605315157464747,3.0,高
1279.0,60.0,RL,75.0,9473.0,Pave,Grvl,Reg,Lvl,AllPub,Inside,Gtl,CollgCr,Norm,Norm,1Fam,2Story,8.0,5.0,2002.0,2002.0,Gable,CompShg,VinylSd,VinylSd,BrkFace,142.6,Gd,TA,PConc,Gd,TA,No,GLQ,804.0,Unf,0.0,324.0,1128.0,GasA,Ex,Y,SBrkr,1128.0,903.0,0.0,2031.0,1.0,0.0,2.0,1.0,3.0,1.0,Gd,7.0,Typ,1.0,Gd,Attchd,2002.0,RFn,2.0,577.0,TA,TA,Y,0.0,211.0,0.0,0.0,0.0,0.0,Gd,MnPrv,Shed,0.0,3.0,2008.0,WD,Normal,237000.0,0.9589874084529495,4.0,极高
1280.0,50.0,C (all),60.0,7500.0,Pave,Grvl,Reg,Lvl,AllPub,Inside,Gtl,IDOTRR,Norm,Norm,1Fam,1.5Fin,4.0,4.0,1920.0,1950.0,Gable,CompShg,MetalSd,MetalSd,BrkFace,0.0,TA,Gd,CBlock,TA,TA,No,Unf,0.0,Unf,0.0,698.0,698.0,GasA,TA,Y,FuseA,698.0,430.0,0.0,1128.0,0.0,0.0,1.0,0.0,2.0,1.0,TA,6.0,Typ,0.0,Gd,Detchd,1980.0,RFn,2.0,528.0,TA,TA,Y,30.0,0.0,164.0,0.0,0.0,0.0,Gd,MnPrv,Shed,0.0,4.0,2010.0,COD,Abnorml,68400.0,-1.6215666455192157,0.0,极低
1281.0,20.0,RL,67.0,9808.0,Pave,Grvl,IR1,Lvl,AllPub,Inside,Gtl,CollgCr,Norm,Norm,1Fam,1Story,7.0,5.0,2002.0,2002.0,Gable,CompShg,VinylSd,VinylSd,BrkFace,110.0,Gd,TA,PConc,Gd,TA,No,GLQ,788.0,Unf,0.0,785.0,1573.0,GasA,Ex,Y,SBrkr,1573.0,0.0,0.0,1573.0,1.0,0.0,2.0,0.0,3.0,1.0,Gd,6.0,Typ,0.0,Gd,Attchd,2002.0,RFn,2.0,544.0,TA,TA,Y,0.0,72.0,0.0,0.0,0.0,0.0,Gd,MnPrv,Shed,0.0,3.0,2009.0,WD,Normal,227000.0,0.8059296353822398,4.0,极高
1282.0,20.0,RL,50.0,8049.0,Pave,Grvl,IR1,Lvl,AllPub,CulDSac,Gtl,Timber,Norm,Norm,1Fam,1Story,7.0,5.0,1990.0,1990.0,Hip,CompShg,HdBoard,HdBoard,BrkFace,54.0,TA,TA,CBlock,Gd,TA,No,ALQ,1053.0,Unf,0.0,256.0,1309.0,GasA,TA,Y,SBrkr,1339.0,0.0,0.0,1339.0,1.0,0.0,2.0,0.0,2.0,1.0,TA,6.0,Typ,1.0,TA,Attchd,1990.0,Fin,2.0,484.0,Gd,Gd,Y,0.0,58.0,0.0,0.0,90.0,0.0,Gd,MnPrv,Shed,0.0,7.0,2006.0,WD,Normal,180000.0,0.08655810194990435,3.0,高
1283.0,20.0,RL,61.0,8800.0,Pave,Grvl,IR1,Lvl,AllPub,Inside,Gtl,CollgCr,Norm,Norm,1Fam,1Story,5.0,7.0,1977.0,2008.0,Gable,CompShg,HdBoard,HdBoard,BrkFace,0.0,TA,TA,CBlock,Gd,TA,Mn,LwQ,532.0,Rec,144.0,364.0,1040.0,GasA,TA,Y,SBrkr,1040.0,0.0,0.0,1040.0,0.0,0.0,2.0,0.0,3.0,1.0,Gd,5.0,Typ,0.0,Gd,Detchd,1977.0,Unf,2.0,484.0,TA,TA,Y,0.0,0.0,0.0,0.0,288.0,0.0,Gd,MnPrv,Shed,0.0,9.0,2009.0,WD,Normal,150500.0,-0.3649623286086892,1.0,低
730.5,50.0,RL,70.0,9478.5,Pave,Grvl,Reg,Low,AllPub,Corner,Gtl,Mitchel,Norm,Norm,Duplex,2Story,6.0,5.0,1973.0,1994.0,Mansard,CompShg,MetalSd,Wd Shng,BrkFace,0.0,TA,TA,CBlock,TA,TA,Av,Unf,383.5,Unf,0.0,477.5,991.5,GasA,TA,Y,SBrkr,1087.0,0.0,0.0,1464.0,0.0,0.0,2.0,0.0,3.0,1.0,TA,6.0,Typ,1.0,Gd,Attchd,1978.0,Unf,2.0,480.0,TA,TA,Y,0.0,25.0,0.0,0.0,0.0,0.0,Gd,MnPrv,Shed,0.0,6.0,2008.0,WD,Normal,163000.0,-0.1736401122703021,2.0,中
1285.0,50.0,RL,50.0,9638.0,Pave,Grvl,Reg,Lvl,AllPub,Inside,Gtl,SWISU,Feedr,Norm,1Fam,1.5Fin,6.0,7.0,1919.0,1990.0,Gable,CompShg,Wd Sdng,Wd Shng,BrkFace,0.0,TA,TA,PConc,TA,TA,No,Unf,0.0,Unf,0.0,804.0,804.0,GasA,Ex,Y,SBrkr,1699.0,748.0,0.0,2447.0,0.0,0.0,2.0,0.0,4.0,1.0,Gd,10.0,Min2,1.0,Gd,Detchd,1969.0,Unf,1.0,336.0,TA,TA,Y,272.0,0.0,42.0,0.0,116.0,0.0,Gd,MnPrv,Shed,0.0,3.0,2010.0,WD,Normal,169000.0,-0.08180544842787629,2.0,中
1286.0,50.0,RM,50.0,6000.0,Pave,Grvl,Reg,Lvl,AllPub,Inside,Gtl,BrkSide,Norm,Norm,1Fam,1.5Fin,6.0,6.0,1939.0,1950.0,Gable,CompShg,MetalSd,MetalSd,BrkFace,0.0,TA,Fa,CBlock,TA,TA,No,Unf,0.0,Unf,0.0,780.0,780.0,GasA,Ex,Y,FuseF,825.0,587.0,0.0,1412.0,0.0,0.0,1.0,0.0,4.0,1.0,TA,6.0,Typ,1.0,Gd,Detchd,1939.0,Unf,1.0,280.0,TA,TA,Y,45.0,0.0,0.0,0.0,0.0,0.0,Gd,MnPrv,Shed,0.0,5.0,2009.0,WD,Normal,132500.0,-0.6404663201359666,1.0,低
1287.0,20.0,RL,76.2,9790.0,Pave,Grvl,Reg,Lvl,AllPub,Inside,Gtl,NWAmes,Feedr,Norm,1Fam,1Story,6.0,5.0,1963.0,1963.0,Hip,CompShg,HdBoard,HdBoard,BrkFace,451.0,TA,TA,CBlock,TA,TA,No,ALQ,569.0,Rec,81.0,678.0,1328.0,GasA,TA,Y,SBrkr,1328.0,0.0,0.0,1328.0,1.0,0.0,1.0,1.0,3.0,1.0,TA,6.0,Typ,2.0,Gd,Attchd,1963.0,Unf,2.0,528.0,TA,TA,Y,0.0,26.0,0.0,0.0,0.0,0.0,Gd,MnPrv,Shed,0.0,6.0,2010.0,WD,Normal,143000.0,-0.47975565841172146,1.0,低
1288.0,20.0,RL,88.6,36500.0,Pave,Grvl,IR1,Low,AllPub,Inside,Mod,ClearCr,Norm,Norm,1Fam,1Story,5.0,5.0,1964.0,1964.0,Gable,CompShg,Wd Sdng,Wd Sdng,BrkCmn,621.0,TA,Gd,CBlock,TA,TA,Av,Rec,812.0,Unf,0.0,812.0,1624.0,GasA,Fa,Y,SBrkr,1582.0,0.0,0.0,1582.0,0.0,1.0,2.0,0.0,4.0,1.0,TA,7.0,Typ,0.0,Gd,Attchd,1964.0,Unf,2.0,390.0,TA,TA,N,168.0,198.0,0.0,0.0,0.0,0.0,Gd,MnPrv,Shed,0.0,6.0,2006.0,WD,Normal,190000.0,0.23961587502061402,3.0,高
1289.0,120.0,RL,40.0,5664.0,Pave,Grvl,IR1,Lvl,AllPub,Inside,Gtl,StoneBr,Norm,Norm,TwnhsE,1Story,8.0,5.0,2000.0,2000.0,Gable,CompShg,CemntBd,CmentBd,BrkFace,0.0,Gd,TA,PConc,Gd,TA,No,GLQ,1158.0,Unf,0.0,343.0,1501.0,GasA,Ex,Y,SBrkr,1659.0,0.0,0.0,1659.0,1.0,0.0,2.0,0.0,2.0,1.0,Ex,5.0,Typ,1.0,Ex,Attchd,2000.0,Fin,2.0,499.0,TA,TA,Y,212.0,59.0,0.0,0.0,0.0,0.0,Gd,MnPrv,Shed,0.0,10.0,2009.0,WD,Normal,278000.0,1.5865242780428592,4.0,极高
1290.0,60.0,RL,86.0,11065.0,Pave,Grvl,IR1,Lvl,AllPub,Inside,Gtl,NridgHt,Norm,Norm,1Fam,2Story,8.0,5.0,2006.0,2006.0,Gable,CompShg,VinylSd,VinylSd,Stone,788.0,Gd,TA,PConc,Gd,TA,Mn,Unf,0.0,Unf,0.0,1085.0,1085.0,GasA,Ex,Y,SBrkr,1120.0,850.0,0.0,1970.0,0.0,0.0,2.0,1.0,3.0,1.0,Ex,8.0,Typ,1.0,Gd,BuiltIn,2006.0,Fin,3.0,753.0,TA,TA,Y,177.0,74.0,0.0,0.0,0.0,0.0,Gd,MnPrv,Shed,0.0,10.0,2006.0,New,Partial,281000.0,1.632441609964072,4.0,极高
1291.0,80.0,RL,87.6,14112.0,Pave,Grvl,IR1,Lvl,AllPub,Corner,Gtl,NAmes,Norm,Norm,1Fam,SLvl,5.0,7.0,1964.0,1964.0,Hip,CompShg,Wd Sdng,HdBoard,BrkFace,86.0,TA,TA,PConc,TA,TA,Av,GLQ,1014.0,Unf,0.0,138.0,1152.0,GasA,TA,Y,SBrkr,1152.0,0.0,0.0,1152.0,1.0,0.0,1.0,0.0,3.0,1.0,TA,6.0,Typ,1.0,Gd,Attchd,1964.0,RFn,2.0,484.0,TA,TA,Y,227.0,0.0,0.0,0.0,0.0,0.0,Gd,MnPrv,Shed,0.0,4.0,2010.0,WD,Normal,180500.0,0.09421099060343982,3.0,高
1292.0,160.0,RM,21.0,1680.0,Pave,Grvl,Reg,Lvl,AllPub,Inside,Gtl,BrDale,Norm,Norm,Twnhs,2Story,5.0,7.0,1972.0,1972.0,Gable,CompShg,CemntBd,CmentBd,BrkFace,268.0,TA,TA,CBlock,TA,TA,No,ALQ,231.0,Unf,0.0,399.0,630.0,GasA,TA,Y,SBrkr,630.0,672.0,0.0,1302.0,0.0,0.0,2.0,1.0,3.0,1.0,TA,6.0,Typ,0.0,Gd,Detchd,1972.0,Unf,1.0,264.0,TA,TA,Y,185.0,0.0,0.0,0.0,0.0,0.0,Gd,MnPrv,Shed,0.0,2.0,2009.0,WD,Normal,119500.0,-0.8394414251278892,0.0,极低
730.5,50.0,RM,70.0,9478.5,Pave,Grvl,Reg,Lvl,AllPub,Corner,Gtl,OldTown,Norm,Norm,1Fam,2Story,6.0,5.0,1973.0,1994.0,Gable,CompShg,Wd Sdng,Wd Sdng,BrkFace,0.0,TA,TA,Stone,TA,TA,No,Unf,383.5,Unf,0.0,477.5,991.5,GasA,TA,N,SBrkr,1087.0,0.0,0.0,1464.0,0.0,0.0,2.0,0.0,3.0,1.0,TA,6.0,Min2,1.0,Gd,Attchd,1978.0,RFn,2.0,480.0,TA,TA,Y,0.0,25.0,0.0,0.0,0.0,0.0,Gd,MnPrv,Shed,0.0,6.0,2008.0,WD,Normal,163000.0,-0.1736401122703021,2.0,中
1294.0,60.0,RL,78.0,10140.0,Pave,Grvl,Reg,Lvl,AllPub,Inside,Gtl,NWAmes,Norm,Norm,1Fam,2Story,7.0,5.0,1976.0,1976.0,Gable,CompShg,HdBoard,HdBoard,BrkFace,0.0,TA,TA,PConc,Gd,TA,No,GLQ,194.0,Unf,0.0,638.0,832.0,GasA,TA,Y,SBrkr,832.0,832.0,0.0,1664.0,0.0,0.0,2.0,1.0,4.0,1.0,TA,8.0,Typ,1.0,TA,Attchd,1976.0,RFn,2.0,528.0,TA,TA,Y,0.0,28.0,0.0,0.0,259.0,0.0,Gd,GdWo,Shed,0.0,3.0,2006.0,WD,Normal,162900.0,-0.1751706900010092,2.0,中
1295.0,20.0,RL,60.0,8172.0,Pave,Grvl,Reg,Lvl,AllPub,Inside,Gtl,Edwards,Norm,Norm,1Fam,1Story,5.0,7.0,1955.0,1990.0,Hip,CompShg,WdShing,Plywood,BrkFace,0.0,TA,TA,CBlock,TA,TA,No,Rec,167.0,Unf,0.0,697.0,864.0,GasA,TA,Y,SBrkr,864.0,0.0,0.0,864.0,1.0,0.0,1.0,0.0,2.0,1.0,TA,5.0,Typ,0.0,Gd,Detchd,1957.0,Unf,2.0,572.0,TA,TA,N,0.0,0.0,0.0,0.0,0.0,0.0,Gd,MnPrv,Shed,0.0,4.0,2006.0,WD,Normal,115000.0,-0.9083174230097085,0.0,极低
1296.0,20.0,RL,70.0,8400.0,Pave,Grvl,Reg,Lvl,AllPub,Inside,Gtl,NAmes,Feedr,Norm,1Fam,1Story,5.0,5.0,1968.0,1968.0,Hip,CompShg,HdBoard,HdBoard,BrkFace,168.0,TA,TA,CBlock,TA,TA,Av,BLQ,1016.0,Unf,0.0,36.0,1052.0,GasA,Gd,Y,SBrkr,1052.0,0.0,0.0,1052.0,1.0,0.0,1.0,1.0,3.0,1.0,TA,5.0,Typ,0.0,Gd,Attchd,1968.0,RFn,1.0,288.0,TA,TA,Y,356.0,0.0,0.0,0.0,0.0,0.0,Gd,GdWo,Shed,0.0,11.0,2006.0,WD,Normal,138500.0,-0.5486316562935408,1.0,低
1297.0,20.0,RL,80.0,8700.0,Pave,Grvl,Reg,Lvl,AllPub,Inside,Gtl,NAmes,Norm,Norm,1Fam,1Story,5.0,6.0,1963.0,1963.0,Hip,CompShg,MetalSd,MetalSd,BrkFace,148.0,TA,Gd,CBlock,TA,TA,Mn,ALQ,776.0,Unf,0.0,344.0,1120.0,GasA,Gd,Y,SBrkr,1128.0,0.0,0.0,1128.0,1.0,0.0,2.0,0.0,3.0,1.0,TA,6.0,Typ,0.0,Gd,Attchd,1963.0,RFn,2.0,525.0,TA,TA,Y,192.0,20.0,123.0,0.0,0.0,0.0,Gd,MnPrv,Shed,0.0,12.0,2008.0,WD,Normal,155000.0,-0.29608633072686985,2.0,中
1298.0,180.0,RM,35.0,3675.0,Pave,Grvl,Reg,Lvl,AllPub,Inside,Gtl,Edwards,Norm,Norm,TwnhsE,SFoyer,6.0,5.0,2005.0,2006.0,Gable,CompShg,VinylSd,VinylSd,BrkFace,82.0,TA,TA,PConc,Gd,TA,Gd,GLQ,547.0,Unf,0.0,0.0,547.0,GasA,Gd,Y,SBrkr,1072.0,0.0,0.0,1072.0,1.0,0.0,2.0,0.0,2.0,1.0,TA,5.0,Typ,0.0,Gd,Basment,2005.0,Fin,2.0,525.0,TA,TA,Y,0.0,44.0,0.0,0.0,0.0,0.0,Gd,MnPrv,Shed,0.0,6.0,2006.0,New,Partial,140000.0,-0.5256729903329344,1.0,低
730.5,50.0,RL,70.0,9478.5,Pave,Grvl,IR3,Bnk,AllPub,Corner,Gtl,Edwards,Feedr,Norm,1Fam,2Story,6.0,5.0,1973.0,1994.0,Hip,ClyTile,Stucco,Stucco,Stone,0.0,Ex,TA,PConc,Ex,TA,Gd,GLQ,383.5,Unf,0.0,477.5,991.5,GasA,Ex,Y,SBrkr,1087.0,0.0,0.0,1464.0,0.0,0.0,2.0,0.0,3.0,1.0,Ex,6.0,Typ,1.0,Gd,Attchd,1978.0,Fin,2.0,480.0,TA,TA,Y,0.0,25.0,0.0,0.0,0.0,0.0,Gd,MnPrv,Shed,0.0,6.0,2008.0,New,Partial,163000.0,-0.1736401122703021,2.0,中
1300.0,20.0,RL,75.0,7500.0,Pave,Grvl,Reg,Lvl,AllPub,Inside,Gtl,NAmes,Norm,Norm,1Fam,1Story,5.0,7.0,1959.0,1994.0,Hip,CompShg,BrkFace,BrkFace,BrkFace,0.0,TA,TA,CBlock,TA,TA,No,LwQ,340.0,Rec,906.0,0.0,1246.0,GasA,Ex,Y,SBrkr,1246.0,0.0,0.0,1246.0,1.0,0.0,1.0,1.0,3.0,1.0,Gd,6.0,Typ,0.0,Gd,Attchd,1959.0,RFn,1.0,305.0,TA,TA,Y,218.0,0.0,0.0,0.0,0.0,0.0,Gd,GdPrv,Shed,0.0,5.0,2010.0,WD,Normal,154000.0,-0.3113921080339408,2.0,中
1301.0,60.0,RL,67.8,10762.0,Pave,Grvl,IR1,Lvl,AllPub,CulDSac,Gtl,Gilbert,Norm,Norm,1Fam,2Story,7.0,5.0,1999.0,1999.0,Gable,CompShg,VinylSd,VinylSd,BrkFace,344.0,Gd,TA,PConc,Gd,TA,No,GLQ,694.0,Unf,0.0,284.0,978.0,GasA,Ex,Y,SBrkr,1005.0,978.0,0.0,1983.0,0.0,0.0,2.0,1.0,3.0,1.0,Gd,9.0,Typ,1.0,TA,Attchd,1999.0,Fin,2.0,490.0,TA,TA,Y,0.0,0.0,0.0,0.0,0.0,0.0,Gd,MnPrv,Shed,0.0,5.0,2009.0,WD,Normal,225000.0,0.7753180807680978,4.0,极高
1302.0,70.0,RL,61.2,7500.0,Pave,Grvl,IR1,Bnk,AllPub,Inside,Gtl,Crawfor,Norm,Norm,1Fam,2Story,6.0,7.0,1942.0,1950.0,Gable,CompShg,Wd Sdng,Wd Sdng,BrkFace,0.0,TA,TA,CBlock,TA,TA,No,BLQ,547.0,Unf,0.0,224.0,771.0,GasA,Fa,Y,SBrkr,753.0,741.0,0.0,1494.0,0.0,0.0,1.0,0.0,3.0,1.0,Gd,7.0,Typ,2.0,Gd,Attchd,1942.0,Unf,1.0,213.0,TA,TA,P,0.0,0.0,0.0,0.0,224.0,0.0,Gd,MnPrv,Shed,0.0,11.0,2009.0,WD,Normal,177500.0,0.048293658682226924,3.0,高
1303.0,60.0,RL,92.0,10120.0,Pave,Grvl,Reg,Lvl,AllPub,Inside,Gtl,NoRidge,Norm,Norm,1Fam,2Story,8.0,5.0,1994.0,1994.0,Hip,CompShg,VinylSd,VinylSd,BrkFace,391.0,Gd,TA,PConc,Gd,TA,No,GLQ,740.0,Unf,0.0,425.0,1165.0,GasA,Ex,Y,SBrkr,1203.0,1323.0,0.0,2526.0,1.0,0.0,2.0,1.0,4.0,1.0,Gd,8.0,Typ,1.0,TA,Attchd,1994.0,RFn,3.0,844.0,TA,TA,Y,309.0,78.0,0.0,0.0,0.0,0.0,Gd,MnPrv,Shed,0.0,12.0,2006.0,WD,Normal,290000.0,1.7701936057277108,4.0,极高
1304.0,20.0,RL,73.0,8688.0,Pave,Grvl,Reg,Lvl,AllPub,Inside,Gtl,Somerst,Norm,Norm,1Fam,1Story,7.0,5.0,2005.0,2005.0,Gable,CompShg,VinylSd,VinylSd,BrkFace,228.0,Gd,TA,PConc,Gd,TA,Av,Unf,0.0,Unf,0.0,1616.0,1616.0,GasA,Ex,Y,SBrkr,1616.0,0.0,0.0,1616.0,0.0,0.0,2.0,0.0,3.0,1.0,Gd,7.0,Typ,0.0,Gd,Attchd,2005.0,RFn,3.0,834.0,TA,TA,Y,208.0,59.0,0.0,0.0,0.0,0.0,Gd,MnPrv,Shed,0.0,4.0,2006.0,WD,Normal,232000.0,0.8824585219175947,4.0,极高
1305.0,160.0,RM,32.0,3363.0,Pave,Grvl,Reg,Lvl,AllPub,Inside,Gtl,Edwards,Norm,Norm,TwnhsE,2Story,7.0,5.0,2004.0,2004.0,Gable,CompShg,VinylSd,VinylSd,Stone,117.0,Gd,TA,PConc,Gd,TA,No,Unf,0.0,Unf,0.0,976.0,976.0,GasA,Ex,Y,SBrkr,976.0,732.0,0.0,1708.0,0.0,0.0,2.0,0.0,3.0,1.0,Gd,7.0,Maj1,0.0,Gd,Detchd,2004.0,Unf,2.0,380.0,TA,TA,Y,0.0,40.0,0.0,0.0,0.0,0.0,Gd,MnPrv,Shed,0.0,4.0,2006.0,WD,Normal,130000.0,-0.678730763403644,1.0,低
1306.0,20.0,RL,108.0,13173.0,Pave,Grvl,IR1,Lvl,AllPub,Corner,Gtl,NridgHt,Norm,Norm,1Fam,1Story,9.0,5.0,2006.0,2007.0,Hip,CompShg,VinylSd,VinylSd,Stone,300.0,Gd,TA,PConc,Ex,TA,No,GLQ,1572.0,Unf,0.0,80.0,1652.0,GasA,Ex,Y,SBrkr,1652.0,0.0,0.0,1652.0,1.0,0.0,2.0,0.0,2.0,1.0,Ex,6.0,Typ,2.0,Ex,Attchd,2006.0,Fin,2.0,840.0,TA,TA,Y,404.0,102.0,0.0,0.0,0.0,0.0,Gd,MnPrv,Shed,0.0,11.0,2009.0,WD,Normal,325000.0,2.3058958114751946,4.0,极高
1307.0,120.0,RL,48.0,6955.0,Pave,Grvl,IR1,Lvl,AllPub,Inside,Gtl,NridgHt,Norm,Norm,TwnhsE,1Story,7.0,5.0,2005.0,2006.0,Gable,CompShg,VinylSd,VinylSd,Stone,94.0,Gd,TA,PConc,Gd,TA,No,Unf,0.0,Unf,0.0,1368.0,1368.0,GasA,Ex,Y,SBrkr,1368.0,0.0,0.0,1368.0,0.0,0.0,2.0,0.0,2.0,1.0,Gd,6.0,Typ,1.0,Gd,Attchd,2005.0,RFn,2.0,474.0,TA,TA,Y,132.0,35.0,0.0,0.0,0.0,0.0,Gd,MnPrv,Shed,0.0,9.0,2006.0,New,Partial,202500.0,0.43093809135900113,3.0,高
1308.0,20.0,RL,60.0,8072.0,Pave,Grvl,Reg,Lvl,AllPub,Inside,Gtl,CollgCr,Norm,Norm,1Fam,1Story,5.0,5.0,1994.0,1995.0,Gable,CompShg,VinylSd,VinylSd,BrkFace,0.0,TA,Gd,PConc,Gd,Gd,No,ALQ,746.0,Unf,0.0,244.0,990.0,GasA,Ex,Y,SBrkr,990.0,0.0,0.0,990.0,1.0,0.0,1.0,0.0,3.0,1.0,TA,5.0,Typ,0.0,Gd,Detchd,2000.0,Unf,2.0,480.0,TA,TA,Y,0.0,64.0,0.0,0.0,0.0,0.0,Gd,MnPrv,Shed,0.0,5.0,2009.0,WD,Normal,138000.0,-0.5562845449470762,1.0,低
1309.0,20.0,RM,100.0,12000.0,Pave,Grvl,Reg,Lvl,AllPub,Inside,Gtl,OldTown,Norm,Norm,1Fam,1Story,5.0,7.0,1948.0,2005.0,Gable,CompShg,MetalSd,MetalSd,BrkFace,0.0,TA,TA,CBlock,TA,TA,No,GLQ,144.0,ALQ,608.0,172.0,924.0,GasA,Ex,Y,SBrkr,1122.0,0.0,0.0,1122.0,1.0,0.0,1.0,0.0,2.0,1.0,Gd,6.0,Typ,0.0,Gd,Attchd,1948.0,Unf,2.0,528.0,TA,TA,Y,0.0,36.0,0.0,0.0,0.0,0.0,Gd,GdWo,Shed,0.0,5.0,2008.0,WD,Normal,147000.0,-0.4185325491834376,1.0,低
1310.0,20.0,RL,52.6,7153.0,Pave,Grvl,Reg,Lvl,AllPub,Inside,Gtl,SawyerW,Norm,Norm,1Fam,1Story,6.0,5.0,1991.0,1991.0,Gable,CompShg,HdBoard,HdBoard,BrkFace,88.0,TA,TA,CBlock,Gd,TA,No,GLQ,1200.0,Unf,0.0,78.0,1278.0,GasA,Gd,Y,SBrkr,1294.0,0.0,0.0,1294.0,1.0,0.0,2.0,0.0,3.0,1.0,Gd,6.0,Typ,0.0,Gd,Attchd,1991.0,RFn,2.0,496.0,TA,TA,Y,112.0,51.0,0.0,0.0,0.0,0.0,Gd,GdWo,Shed,0.0,6.0,2008.0,WD,Normal,179200.0,0.07431348010424757,3.0,高
1311.0,20.0,RL,100.0,17500.0,Pave,Grvl,Reg,Lvl,AllPub,Inside,Gtl,Crawfor,PosA,Norm,1Fam,1Story,7.0,8.0,1959.0,2002.0,Gable,CompShg,BrkFace,HdBoard,BrkFace,0.0,Gd,Gd,PConc,Gd,TA,Av,GLQ,1406.0,Unf,0.0,496.0,1902.0,GasA,TA,Y,SBrkr,1902.0,0.0,0.0,1902.0,1.0,0.0,2.0,0.0,3.0,1.0,Ex,7.0,Typ,2.0,TA,Attchd,1959.0,Fin,2.0,567.0,TA,TA,Y,0.0,207.0,162.0,0.0,0.0,0.0,Gd,MnPrv,Shed,0.0,5.0,2010.0,WD,Normal,335000.0,2.4589535845459043,4.0,极高
1312.0,20.0,RL,68.0,8814.0,Pave,Grvl,Reg,Lvl,AllPub,Inside,Gtl,CollgCr,Norm,Norm,1Fam,1Story,7.0,5.0,2005.0,2007.0,Gable,CompShg,VinylSd,VinylSd,BrkFace,80.0,Gd,TA,PConc,Gd,TA,No,GLQ,925.0,Unf,0.0,349.0,1274.0,GasA,Ex,Y,SBrkr,1274.0,0.0,0.0,1274.0,1.0,0.0,2.0,0.0,3.0,1.0,Gd,6.0,Typ,0.0,Gd,Attchd,2005.0,RFn,2.0,508.0,TA,TA,Y,264.0,98.0,0.0,0.0,0.0,0.0,Gd,MnPrv,Shed,0.0,1.0,2007.0,New,Partial,203000.0,0.4385909800125366,3.0,高
1313.0,60.0,RL,84.8,9572.0,Pave,Grvl,IR1,Lvl,AllPub,Inside,Gtl,NoRidge,Norm,Norm,1Fam,2Story,8.0,5.0,1990.0,1990.0,Gable,CompShg,Wd Sdng,Wd Sdng,BrkFace,336.0,Gd,TA,PConc,Ex,TA,No,GLQ,482.0,Unf,0.0,971.0,1453.0,GasA,Ex,Y,SBrkr,1453.0,1357.0,0.0,2810.0,0.0,0.0,2.0,1.0,4.0,1.0,Gd,9.0,Typ,1.0,Ex,Attchd,1990.0,RFn,2.0,750.0,Gd,Gd,Y,500.0,0.0,0.0,0.0,0.0,0.0,Gd,MnPrv,Shed,0.0,6.0,2007.0,WD,Normal,302000.0,1.9538629334125623,4.0,极高
1314.0,60.0,RL,108.0,14774.0,Pave,Grvl,IR1,Lvl,AllPub,Corner,Gtl,NoRidge,Norm,Norm,1Fam,2Story,9.0,5.0,1999.0,1999.0,Gable,CompShg,VinylSd,VinylSd,BrkFace,165.0,Gd,TA,PConc,Gd,TA,No,Unf,0.0,Unf,0.0,1393.0,1393.0,GasA,Ex,Y,SBrkr,1422.0,1177.0,0.0,2599.0,0.0,0.0,2.0,1.0,4.0,1.0,Gd,10.0,Typ,1.0,TA,BuiltIn,1999.0,Fin,3.0,779.0,TA,TA,Y,668.0,30.0,0.0,0.0,0.0,0.0,Gd,MnPrv,Shed,0.0,5.0,2010.0,WD,Normal,333168.0,2.4309134005193505,4.0,极高
1315.0,20.0,RL,60.0,8190.0,Pave,Grvl,Reg,Lvl,AllPub,Inside,Gtl,Edwards,Norm,Norm,1Fam,1Story,4.0,6.0,1954.0,1954.0,Hip,CompShg,Wd Sdng,Wd Sdng,BrkFace,0.0,TA,TA,CBlock,TA,TA,No,Rec,732.0,Unf,0.0,216.0,948.0,GasA,Ex,Y,SBrkr,948.0,0.0,0.0,948.0,1.0,0.0,1.0,0.0,3.0,1.0,TA,5.0,Typ,1.0,TA,Detchd,1956.0,Unf,1.0,280.0,TA,TA,Y,0.0,36.0,0.0,0.0,0.0,0.0,Gd,MnPrv,Shed,0.0,10.0,2007.0,WD,Normal,119000.0,-0.8470943137814246,0.0,极低
1316.0,60.0,RL,85.0,11075.0,Pave,Grvl,Reg,Lvl,AllPub,Inside,Gtl,NAmes,Norm,Norm,1Fam,2Story,6.0,5.0,1969.0,1969.0,Gable,CompShg,HdBoard,HdBoard,BrkFace,0.0,TA,TA,CBlock,Fa,TA,Mn,ALQ,500.0,LwQ,276.0,176.0,952.0,GasA,TA,Y,SBrkr,1092.0,1020.0,0.0,2112.0,0.0,0.0,2.0,1.0,4.0,1.0,TA,9.0,Typ,2.0,Gd,Attchd,1969.0,Unf,2.0,576.0,TA,TA,Y,280.0,0.0,0.0,0.0,0.0,0.0,Gd,MnPrv,Shed,0.0,6.0,2008.0,WD,Normal,206900.0,0.49828351151011335,3.0,高
1317.0,20.0,RL,61.0,10226.0,Pave,Grvl,IR1,Lvl,AllPub,Inside,Gtl,CollgCr,Norm,Norm,1Fam,1Story,8.0,5.0,2008.0,2008.0,Gable,CompShg,VinylSd,VinylSd,Stone,270.0,Gd,TA,PConc,Ex,TA,Gd,Unf,0.0,Unf,0.0,1622.0,1622.0,GasA,Ex,Y,SBrkr,1630.0,0.0,0.0,1630.0,1.0,0.0,2.0,0.0,3.0,1.0,Ex,8.0,Typ,1.0,Gd,Attchd,2008.0,RFn,3.0,860.0,TA,TA,Y,172.0,42.0,0.0,0.0,0.0,0.0,Gd,MnPrv,Shed,0.0,1.0,2009.0,WD,Normal,295493.0,1.8542682404754516,4.0,极高
1318.0,120.0,FV,47.0,4230.0,Pave,Pave,Reg,Lvl,AllPub,Corner,Gtl,Somerst,Norm,Norm,TwnhsE,1Story,7.0,5.0,2006.0,2007.0,Gable,CompShg,VinylSd,VinylSd,BrkFace,0.0,Gd,TA,PConc,Ex,Gd,No,Unf,0.0,Unf,0.0,1352.0,1352.0,GasA,Ex,Y,SBrkr,1352.0,0.0,0.0,1352.0,0.0,0.0,2.0,0.0,2.0,1.0,Gd,5.0,Typ,1.0,Gd,Attchd,2006.0,RFn,2.0,466.0,TA,TA,Y,0.0,241.0,0.0,0.0,0.0,0.0,Gd,MnPrv,Shed,0.0,4.0,2007.0,New,Partial,208900.0,0.5288950661242553,3.0,高
1319.0,20.0,RL,78.2,14781.0,Pave,Grvl,IR2,Lvl,AllPub,CulDSac,Gtl,CollgCr,Norm,Norm,1Fam,1Story,8.0,5.0,2001.0,2002.0,Hip,CompShg,VinylSd,VinylSd,BrkFace,178.0,Gd,TA,PConc,Gd,TA,Gd,Unf,0.0,Unf,0.0,1753.0,1753.0,GasA,Ex,Y,SBrkr,1787.0,0.0,0.0,1787.0,0.0,0.0,2.0,0.0,3.0,1.0,Gd,7.0,Typ,1.0,TA,Attchd,2001.0,RFn,3.0,748.0,TA,TA,Y,198.0,150.0,0.0,0.0,0.0,0.0,Gd,MnPrv,Shed,0.0,8.0,2006.0,WD,Normal,275000.0,1.5406069461216463,4.0,极高
1320.0,20.0,RL,75.0,10215.0,Pave,Grvl,Reg,Bnk,AllPub,Inside,Gtl,Edwards,Norm,Norm,1Fam,1Story,4.0,5.0,1954.0,1954.0,Hip,CompShg,Wd Sdng,Wd Sdng,BrkFace,132.0,TA,TA,PConc,TA,TA,No,ALQ,492.0,Unf,0.0,372.0,864.0,GasA,Ex,Y,SBrkr,948.0,0.0,0.0,948.0,0.0,0.0,1.0,0.0,3.0,1.0,TA,5.0,Typ,0.0,Gd,Attchd,1954.0,Unf,1.0,248.0,TA,TA,Y,0.0,0.0,0.0,0.0,0.0,0.0,Gd,MnPrv,Shed,0.0,2.0,2007.0,WD,Normal,111000.0,-0.9695405322379924,0.0,极低
730.5,50.0,RL,70.0,9478.5,Pave,Grvl,Reg,Lvl,AllPub,Inside,Gtl,NAmes,Norm,Norm,1Fam,1Story,6.0,5.0,1973.0,1994.0,Hip,CompShg,BrkFace,BrkFace,BrkFace,0.0,TA,TA,CBlock,TA,TA,No,ALQ,383.5,Rec,0.0,477.5,991.5,GasA,Gd,Y,SBrkr,1087.0,0.0,0.0,1464.0,0.0,0.0,2.0,0.0,3.0,1.0,TA,6.0,Typ,1.0,Gd,Attchd,1978.0,RFn,2.0,480.0,TA,TA,Y,0.0,25.0,0.0,0.0,0.0,0.0,Gd,MnPrv,Shed,0.0,6.0,2008.0,WD,Normal,163000.0,-0.1736401122703021,2.0,中
1322.0,20.0,RL,53.0,6627.0,Pave,Grvl,IR1,Lvl,AllPub,Corner,Gtl,BrkSide,Feedr,Norm,1Fam,1Story,3.0,6.0,1949.0,1950.0,Hip,CompShg,VinylSd,VinylSd,BrkFace,0.0,TA,TA,CBlock,TA,TA,No,Unf,0.0,Unf,0.0,0.0,0.0,Floor,TA,N,SBrkr,720.0,0.0,0.0,720.0,0.0,0.0,1.0,0.0,2.0,1.0,TA,4.0,Typ,0.0,Gd,Detchd,1955.0,Unf,1.0,287.0,TA,Fa,Y,0.0,0.0,0.0,0.0,0.0,0.0,Gd,MnPrv,Shed,0.0,7.0,2008.0,WD,Normal,72500.0,-1.5588129585602246,0.0,极低
1323.0,60.0,RL,107.0,10186.0,Pave,Grvl,IR1,Lvl,AllPub,Inside,Gtl,NoRidge,Norm,Norm,1Fam,2Story,7.0,5.0,1992.0,1992.0,Gable,CompShg,HdBoard,HdBoard,BrkFace,0.0,Gd,TA,PConc,Gd,TA,No,GLQ,674.0,Unf,0.0,76.0,750.0,GasA,Ex,Y,SBrkr,1061.0,862.0,0.0,1923.0,1.0,0.0,2.0,1.0,3.0,1.0,Gd,8.0,Typ,1.0,TA,Attchd,1992.0,RFn,2.0,564.0,TA,TA,Y,240.0,39.0,0.0,0.0,0.0,0.0,Gd,MnPrv,Shed,0.0,6.0,2010.0,WD,Normal,190000.0,0.23961587502061402,3.0,高
1324.0,30.0,RL,50.0,5330.0,Pave,Grvl,Reg,HLS,AllPub,Inside,Gtl,BrkSide,Norm,Norm,1Fam,1Story,4.0,7.0,1940.0,1950.0,Hip,CompShg,VinylSd,VinylSd,BrkFace,0.0,Fa,TA,CBlock,TA,TA,No,LwQ,280.0,Unf,0.0,140.0,420.0,GasA,Gd,Y,SBrkr,708.0,0.0,0.0,708.0,0.0,0.0,1.0,0.0,2.0,1.0,Fa,5.0,Typ,0.0,Gd,Attchd,1955.4,Unf,0.0,0.0,TA,TA,Y,164.0,0.0,0.0,0.0,0.0,0.0,Gd,MnPrv,Shed,0.0,12.0,2009.0,WD,Normal,82500.0,-1.405755185489515,0.0,极低
1325.0,20.0,RL,75.0,9986.0,Pave,Grvl,Reg,Lvl,AllPub,Inside,Gtl,Somerst,Norm,Norm,1Fam,1Story,8.0,5.0,2006.0,2007.0,Gable,CompShg,VinylSd,VinylSd,BrkFace,428.0,Gd,TA,PConc,Ex,TA,Av,Unf,0.0,Unf,0.0,1795.0,1795.0,GasA,Ex,Y,SBrkr,1795.0,0.0,0.0,1795.0,0.0,0.0,2.0,0.0,2.0,1.0,Gd,7.0,Typ,1.0,Gd,Attchd,2007.0,RFn,3.0,895.0,TA,TA,Y,0.0,49.0,0.0,0.0,0.0,0.0,Gd,MnPrv,Shed,0.0,2.0,2007.0,New,Partial,147000.0,-0.4185325491834376,1.0,低
1326.0,30.0,RM,40.0,3636.0,Pave,Grvl,Reg,Lvl,AllPub,Inside,Gtl,IDOTRR,Norm,Norm,1Fam,1Story,4.0,4.0,1922.0,1950.0,Gable,CompShg,AsbShng,AsbShng,BrkFace,0.0,TA,TA,BrkTil,TA,Fa,No,Unf,0.0,Unf,0.0,796.0,796.0,GasA,Fa,N,SBrkr,796.0,0.0,0.0,796.0,0.0,0.0,1.0,0.0,2.0,1.0,TA,5.0,Typ,0.0,Gd,Attchd,1948.6,Unf,0.0,0.0,TA,TA,N,0.0,0.0,100.0,0.0,0.0,0.0,Gd,MnPrv,Shed,0.0,1.0,2008.0,WD,Normal,55000.0,-1.8266640614339666,0.0,极低
1327.0,30.0,RH,70.0,4270.0,Pave,Grvl,Reg,Bnk,AllPub,Inside,Mod,Edwards,Norm,Norm,1Fam,1Story,3.0,6.0,1931.0,2006.0,Gable,CompShg,MetalSd,MetalSd,BrkFace,0.0,TA,TA,BrkTil,TA,TA,No,Rec,544.0,Unf,0.0,0.0,544.0,GasA,Ex,Y,SBrkr,774.0,0.0,0.0,774.0,0.0,0.0,1.0,0.0,3.0,1.0,Gd,6.0,Typ,0.0,Gd,Attchd,1945.6,Unf,0.0,0.0,TA,TA,Y,0.0,0.0,286.0,0.0,0.0,0.0,Gd,MnPrv,Shed,0.0,5.0,2007.0,WD,Normal,79000.0,-1.4593254060642633,0.0,极低
730.5,50.0,RL,70.0,9478.5,Pave,Grvl,Reg,Lvl,AllPub,Inside,Gtl,Mitchel,Norm,Norm,1Fam,1Story,6.0,5.0,1973.0,1994.0,Gable,CompShg,VinylSd,VinylSd,BrkFace,0.0,Gd,Gd,CBlock,TA,TA,No,ALQ,383.5,Unf,0.0,477.5,991.5,GasA,Ex,Y,SBrkr,1087.0,0.0,0.0,1464.0,0.0,0.0,2.0,0.0,3.0,1.0,Gd,6.0,Typ,1.0,Ex,Attchd,1978.0,Unf,2.0,480.0,TA,TA,Y,0.0,25.0,0.0,0.0,0.0,0.0,Gd,MnPrv,Shed,0.0,6.0,2008.0,WD,Normal,163000.0,-0.1736401122703021,2.0,中
730.5,50.0,RM,70.0,9478.5,Pave,Grvl,Reg,Lvl,AllPub,Corner,Gtl,OldTown,Norm,Norm,1Fam,1.5Fin,6.0,5.0,1973.0,1994.0,Gable,CompShg,BrkFace,Wd Sdng,BrkFace,0.0,Gd,Gd,BrkTil,Gd,TA,No,LwQ,383.5,Unf,0.0,477.5,991.5,GasW,Ex,Y,SBrkr,1087.0,0.0,0.0,1464.0,0.0,0.0,2.0,0.0,3.0,1.0,TA,6.0,Mod,1.0,TA,Detchd,1978.0,Unf,2.0,480.0,Fa,TA,Y,0.0,25.0,0.0,0.0,0.0,0.0,Gd,MnPrv,Shed,0.0,6.0,2008.0,WD,Normal,163000.0,-0.1736401122703021,2.0,中
1330.0,60.0,RL,63.0,9084.0,Pave,Grvl,IR1,Lvl,AllPub,Inside,Gtl,Gilbert,Norm,Norm,1Fam,2Story,7.0,5.0,1998.0,1998.0,Hip,CompShg,VinylSd,VinylSd,BrkFace,0.0,TA,TA,PConc,Gd,TA,No,Unf,0.0,Unf,0.0,935.0,935.0,GasA,Gd,Y,SBrkr,955.0,677.0,0.0,1632.0,0.0,0.0,2.0,1.0,3.0,1.0,TA,8.0,Typ,1.0,TA,Attchd,1998.0,Fin,2.0,462.0,TA,TA,Y,0.0,28.0,0.0,0.0,0.0,0.0,Gd,MnPrv,Shed,0.0,6.0,2006.0,WD,Normal,176500.0,0.03298788137515596,3.0,高
1331.0,20.0,RL,85.0,10000.0,Pave,Grvl,Reg,Lvl,AllPub,Inside,Gtl,Somerst,Norm,Norm,1Fam,1Story,8.0,5.0,2006.0,2006.0,Hip,CompShg,VinylSd,VinylSd,Stone,410.0,Gd,TA,PConc,Gd,Gd,Av,Unf,0.0,Unf,0.0,1588.0,1588.0,GasA,Ex,Y,SBrkr,1588.0,0.0,0.0,1588.0,0.0,0.0,2.0,0.0,3.0,1.0,Gd,7.0,Typ,1.0,Gd,Attchd,2006.0,RFn,3.0,825.0,TA,TA,Y,144.0,45.0,0.0,0.0,0.0,0.0,Gd,MnPrv,Shed,0.0,12.0,2007.0,WD,Normal,227000.0,0.8059296353822398,4.0,极高
1332.0,80.0,RL,55.0,10780.0,Pave,Grvl,IR1,Lvl,AllPub,Inside,Gtl,CollgCr,Norm,Norm,1Fam,SLvl,5.0,5.0,1976.0,1976.0,Gable,CompShg,MetalSd,MetalSd,BrkFace,0.0,TA,TA,CBlock,TA,TA,Av,ALQ,483.0,Unf,0.0,428.0,911.0,GasA,Gd,Y,SBrkr,954.0,0.0,0.0,954.0,0.0,0.0,1.0,0.0,3.0,1.0,TA,6.0,Typ,0.0,Gd,Detchd,1976.0,Unf,2.0,576.0,TA,TA,Y,0.0,0.0,0.0,0.0,0.0,0.0,Gd,MnPrv,Shed,0.0,7.0,2006.0,WD,Normal,132500.0,-0.6404663201359666,1.0,低
1333.0,20.0,RL,67.0,8877.0,Pave,Grvl,Reg,Lvl,AllPub,Inside,Mod,Edwards,Norm,Norm,1Fam,1Story,4.0,6.0,1938.0,1958.0,Gable,CompShg,MetalSd,MetalSd,BrkFace,0.0,TA,TA,CBlock,TA,TA,Mn,ALQ,690.0,Unf,0.0,126.0,816.0,GasA,Ex,Y,SBrkr,816.0,0.0,0.0,816.0,1.0,0.0,1.0,0.0,2.0,1.0,TA,3.0,Typ,1.0,Gd,Detchd,1958.0,Unf,1.0,288.0,Fa,Fa,Y,0.0,0.0,0.0,0.0,0.0,0.0,Gd,MnPrv,Shed,0.0,5.0,2009.0,WD,Normal,100000.0,-1.1379040826157731,0.0,极低
1334.0,50.0,RM,60.0,7200.0,Pave,Grvl,Reg,Lvl,AllPub,Corner,Gtl,IDOTRR,Norm,Norm,1Fam,1.5Fin,5.0,6.0,1938.0,1995.0,Gable,CompShg,Wd Sdng,Wd Sdng,BrkFace,0.0,TA,TA,CBlock,TA,TA,No,Unf,0.0,Unf,0.0,803.0,803.0,GasA,Ex,Y,SBrkr,803.0,557.0,0.0,1360.0,0.0,0.0,1.0,1.0,2.0,1.0,Gd,6.0,Typ,0.0,Gd,Detchd,1951.0,Unf,1.0,297.0,TA,TA,Y,0.0,65.0,190.0,0.0,0.0,0.0,Gd,MnPrv,Shed,0.0,7.0,2006.0,WD,Normal,125500.0,-0.7476067612854633,0.0,极低
1335.0,160.0,RM,24.0,2368.0,Pave,Grvl,Reg,Lvl,AllPub,Inside,Gtl,BrDale,Norm,Norm,TwnhsE,2Story,5.0,6.0,1970.0,1970.0,Gable,CompShg,HdBoard,HdBoard,BrkFace,312.0,TA,TA,CBlock,TA,TA,No,LwQ,765.0,Unf,0.0,0.0,765.0,GasA,TA,Y,SBrkr,765.0,600.0,0.0,1365.0,0.0,0.0,1.0,1.0,3.0,1.0,TA,7.0,Min1,0.0,Gd,Attchd,1970.0,Unf,2.0,440.0,TA,TA,Y,0.0,36.0,0.0,0.0,0.0,0.0,Gd,MnPrv,Shed,0.0,5.0,2009.0,WD,Normal,125000.0,-0.7552596499389989,0.0,极低
1336.0,20.0,RL,80.0,9650.0,Pave,Grvl,Reg,Lvl,AllPub,Inside,Gtl,NWAmes,Norm,Norm,1Fam,1Story,6.0,5.0,1977.0,1977.0,Gable,CompShg,Plywood,Plywood,BrkFace,360.0,TA,TA,CBlock,Gd,TA,No,ALQ,686.0,Unf,0.0,664.0,1350.0,GasA,TA,Y,SBrkr,1334.0,0.0,0.0,1334.0,0.0,1.0,2.0,0.0,2.0,1.0,TA,6.0,Typ,1.0,TA,Attchd,1977.0,RFn,2.0,630.0,TA,TA,Y,0.0,16.0,0.0,0.0,0.0,0.0,Gd,MnPrv,Shed,0.0,4.0,2009.0,WD,Normal,167900.0,-0.09864180346565436,2.0,中
1337.0,90.0,RL,87.0,9246.0,Pave,Grvl,IR1,Lvl,AllPub,Inside,Gtl,NWAmes,Feedr,Norm,Duplex,1Story,5.0,5.0,1973.0,1973.0,Gable,CompShg,Plywood,Plywood,BrkFace,564.0,TA,TA,CBlock,TA,TA,No,Unf,0.0,Unf,0.0,1656.0,1656.0,GasA,TA,Y,SBrkr,1656.0,0.0,0.0,1656.0,0.0,0.0,2.0,0.0,4.0,2.0,TA,8.0,Typ,0.0,Gd,Detchd,1973.0,Unf,2.0,506.0,TA,TA,Y,0.0,211.0,0.0,0.0,0.0,0.0,Gd,MnPrv,Shed,0.0,11.0,2008.0,WD,Normal,135000.0,-0.6022018768682892,1.0,低
1338.0,30.0,RM,153.0,4118.0,Pave,Grvl,IR1,Bnk,AllPub,Corner,Mod,OldTown,Feedr,Norm,1Fam,1Story,4.0,4.0,1941.0,1950.0,Gable,CompShg,Wd Sdng,Wd Sdng,BrkFace,0.0,TA,TA,CBlock,TA,TA,No,Unf,0.0,Unf,0.0,693.0,693.0,Grav,Fa,N,FuseA,693.0,0.0,0.0,693.0,0.0,0.0,1.0,0.0,2.0,1.0,Fa,4.0,Typ,0.0,Gd,Attchd,1948.6,Unf,0.0,0.0,TA,TA,N,0.0,20.0,0.0,0.0,0.0,0.0,Gd,MnPrv,Shed,0.0,3.0,2006.0,WD,Normal,52500.0,-1.864928504701644,0.0,极低
1339.0,60.0,RL,95.0,13450.0,Pave,Grvl,IR1,Lvl,AllPub,Corner,Gtl,CollgCr,Norm,Norm,1Fam,2Story,7.0,5.0,2002.0,2002.0,Gable,CompShg,VinylSd,VinylSd,BrkFace,0.0,Gd,TA,PConc,Gd,TA,No,GLQ,700.0,Unf,0.0,216.0,916.0,GasA,Ex,Y,SBrkr,920.0,941.0,0.0,1861.0,1.0,0.0,2.0,1.0,3.0,1.0,Gd,8.0,Typ,0.0,Gd,BuiltIn,2002.0,RFn,2.0,492.0,TA,TA,Y,146.0,91.0,0.0,0.0,0.0,0.0,Gd,MnPrv,Shed,0.0,6.0,2006.0,WD,Normal,200000.0,0.3926736480913237,3.0,高
1340.0,20.0,RL,120.0,9560.0,Pave,Grvl,IR1,Lvl,AllPub,Corner,Gtl,CollgCr,Norm,Norm,1Fam,1Story,5.0,7.0,1972.0,1972.0,Hip,CompShg,MetalSd,MetalSd,BrkFace,0.0,TA,Gd,CBlock,TA,TA,Mn,Rec,360.0,Unf,0.0,504.0,864.0,GasA,Ex,Y,SBrkr,864.0,0.0,0.0,864.0,0.0,0.0,1.0,0.0,3.0,1.0,TA,5.0,Typ,0.0,Gd,Attchd,1972.0,RFn,1.0,288.0,TA,TA,Y,0.0,0.0,0.0,0.0,0.0,0.0,Gd,MnPrv,Shed,0.0,6.0,2006.0,WD,Normal,128500.0,-0.7016894293642505,1.0,低
1341.0,20.0,RL,70.0,8294.0,Pave,Grvl,Reg,Lvl,AllPub,Inside,Gtl,NAmes,Norm,Norm,1Fam,1Story,4.0,5.0,1971.0,1971.0,Gable,CompShg,MetalSd,MetalSd,BrkFace,0.0,TA,TA,CBlock,TA,TA,No,Unf,0.0,Unf,0.0,858.0,858.0,GasA,TA,Y,SBrkr,872.0,0.0,0.0,872.0,0.0,0.0,1.0,0.0,3.0,1.0,TA,5.0,Typ,0.0,Gd,Detchd,1974.0,Unf,4.0,480.0,TA,TA,Y,0.0,0.0,0.0,0.0,0.0,0.0,Gd,GdWo,Shed,0.0,6.0,2007.0,WD,Normal,123000.0,-0.7858712045531407,0.0,极低
1342.0,20.0,RL,66.0,13695.0,Pave,Grvl,Reg,Lvl,AllPub,Inside,Gtl,SawyerW,RRAe,Norm,1Fam,1Story,6.0,5.0,2003.0,2004.0,Gable,CompShg,VinylSd,VinylSd,BrkFace,0.0,TA,TA,PConc,Gd,TA,No,GLQ,814.0,Unf,0.0,300.0,1114.0,GasA,Ex,Y,SBrkr,1114.0,0.0,0.0,1114.0,1.0,0.0,1.0,0.0,3.0,1.0,Gd,6.0,Typ,0.0,Gd,Detchd,2004.0,Unf,2.0,576.0,TA,TA,Y,0.0,78.0,0.0,0.0,0.0,0.0,Gd,MnPrv,Shed,0.0,7.0,2008.0,WD,Normal,155000.0,-0.29608633072686985,2.0,中
1343.0,60.0,RL,74.8,9375.0,Pave,Grvl,Reg,Lvl,AllPub,Inside,Gtl,CollgCr,Norm,Norm,1Fam,2Story,8.0,5.0,2002.0,2002.0,Gable,CompShg,VinylSd,VinylSd,BrkFace,149.0,Gd,TA,PConc,Gd,TA,No,Unf,0.0,Unf,0.0,1284.0,1284.0,GasA,Ex,Y,SBrkr,1284.0,885.0,0.0,2169.0,0.0,0.0,2.0,1.0,3.0,1.0,Gd,7.0,Typ,1.0,Gd,Attchd,2002.0,RFn,2.0,647.0,TA,TA,Y,192.0,87.0,0.0,0.0,0.0,0.0,Gd,MnPrv,Shed,0.0,8.0,2007.0,WD,Normal,228500.0,0.8288883013428463,4.0,极高
1344.0,50.0,RL,57.0,7558.0,Pave,Grvl,Reg,Bnk,AllPub,Inside,Gtl,Crawfor,Norm,Norm,1Fam,1.5Fin,6.0,6.0,1928.0,1950.0,Gable,CompShg,BrkFace,Stone,BrkFace,0.0,TA,TA,BrkTil,TA,TA,No,Unf,0.0,Unf,0.0,896.0,896.0,GasA,Gd,Y,SBrkr,1172.0,741.0,0.0,1913.0,0.0,0.0,1.0,1.0,3.0,1.0,TA,9.0,Typ,1.0,TA,Detchd,1929.0,Unf,2.0,342.0,Fa,Fa,Y,0.0,0.0,0.0,0.0,0.0,0.0,Gd,MnPrv,Shed,0.0,3.0,2009.0,WD,Normal,177000.0,0.04064077002869144,3.0,高
1345.0,60.0,RL,85.0,11103.0,Pave,Grvl,IR1,Lvl,AllPub,Corner,Gtl,CollgCr,Norm,Norm,1Fam,2Story,7.0,5.0,2006.0,2006.0,Gable,CompShg,VinylSd,VinylSd,BrkFace,0.0,Gd,TA,PConc,Gd,TA,No,Unf,0.0,Unf,0.0,728.0,728.0,GasA,Ex,Y,SBrkr,728.0,728.0,0.0,1456.0,0.0,0.0,2.0,1.0,3.0,1.0,Gd,8.0,Typ,1.0,TA,Attchd,2006.0,Fin,2.0,440.0,TA,TA,Y,0.0,0.0,0.0,0.0,0.0,0.0,Gd,MnPrv,Shed,0.0,7.0,2007.0,New,Partial,155835.0,-0.28330600667546557,2.0,中
1346.0,30.0,RM,50.0,6000.0,Pave,Grvl,Reg,Lvl,AllPub,Inside,Gtl,OldTown,Norm,Norm,1Fam,1Story,4.0,4.0,1920.0,1950.0,Hip,CompShg,MetalSd,MetalSd,BrkFace,0.0,TA,TA,PConc,TA,TA,No,ALQ,250.0,Unf,0.0,710.0,960.0,GasA,Gd,Y,FuseA,960.0,0.0,0.0,960.0,0.0,0.0,1.0,0.0,2.0,1.0,Fa,5.0,Typ,0.0,Gd,Detchd,1997.0,Unf,1.0,308.0,TA,TA,Y,0.0,0.0,168.0,0.0,0.0,0.0,Gd,MnPrv,Shed,0.0,7.0,2007.0,WD,Normal,108500.0,-1.0078049755056697,0.0,极低
1347.0,20.0,RL,113.6,20781.0,Pave,Grvl,IR2,Lvl,AllPub,CulDSac,Gtl,NWAmes,PosN,Norm,1Fam,1Story,7.0,7.0,1968.0,2003.0,Hip,CompShg,BrkFace,HdBoard,BrkFace,0.0,TA,TA,CBlock,TA,TA,No,BLQ,297.0,Rec,68.0,1203.0,1568.0,GasA,TA,Y,SBrkr,2156.0,0.0,0.0,2156.0,0.0,0.0,2.0,0.0,3.0,1.0,TA,9.0,Typ,1.0,Gd,Attchd,1968.0,RFn,2.0,508.0,Gd,TA,Y,0.0,80.0,0.0,290.0,0.0,0.0,Gd,MnPrv,Shed,0.0,6.0,2006.0,WD,Normal,262500.0,1.349284729783259,4.0,极高
1348.0,20.0,RL,93.0,15306.0,Pave,Grvl,IR1,HLS,AllPub,Corner,Gtl,Timber,Norm,Norm,1Fam,1Story,8.0,5.0,2006.0,2007.0,Gable,CompShg,VinylSd,VinylSd,Stone,100.0,Gd,TA,PConc,Ex,TA,Gd,GLQ,80.0,Unf,0.0,1652.0,1732.0,GasA,Ex,Y,SBrkr,1776.0,0.0,0.0,1776.0,1.0,0.0,2.0,0.0,3.0,1.0,Gd,7.0,Typ,1.0,Gd,Attchd,2006.0,Fin,3.0,712.0,TA,TA,Y,0.0,0.0,0.0,0.0,0.0,0.0,Gd,MnPrv,Shed,0.0,5.0,2007.0,New,Partial,283463.0,1.670139739471388,4.0,极高
1349.0,20.0,RL,68.4,16196.0,Pave,Grvl,IR3,Low,AllPub,Inside,Gtl,SawyerW,Norm,Norm,1Fam,1Story,7.0,5.0,1998.0,1998.0,Gable,CompShg,VinylSd,VinylSd,BrkFace,0.0,Gd,TA,PConc,Gd,TA,Gd,GLQ,1443.0,Unf,0.0,39.0,1482.0,GasA,Ex,Y,SBrkr,1494.0,0.0,0.0,1494.0,1.0,0.0,2.0,0.0,3.0,1.0,Gd,5.0,Typ,1.0,Fa,Attchd,1998.0,RFn,2.0,514.0,TA,TA,Y,402.0,25.0,0.0,0.0,0.0,0.0,Gd,MnPrv,Shed,0.0,8.0,2007.0,WD,Normal,215000.0,0.6222603076973882,3.0,高
730.5,50.0,RM,70.0,9478.5,Pave,Pave,Reg,Lvl,AllPub,Inside,Gtl,OldTown,Norm,Norm,1Fam,2Story,6.0,5.0,1973.0,1994.0,Gable,CompShg,MetalSd,MetalSd,BrkFace,0.0,TA,Gd,BrkTil,TA,Fa,No,LwQ,383.5,Unf,0.0,477.5,991.5,OthW,Fa,N,SBrkr,1087.0,0.0,0.0,1464.0,0.0,0.0,2.0,0.0,3.0,1.0,TA,6.0,Typ,1.0,Gd,Attchd,1978.0,Unf,2.0,480.0,TA,TA,Y,0.0,25.0,0.0,0.0,0.0,0.0,Gd,MnPrv,Shed,0.0,6.0,2008.0,WD,Normal,163000.0,-0.1736401122703021,2.0,中
730.5,50.0,RL,70.0,9478.5,Pave,Grvl,Reg,Lvl,AllPub,Inside,Gtl,NAmes,Artery,Norm,Duplex,2Story,6.0,5.0,1973.0,1994.0,Gable,CompShg,MetalSd,MetalSd,BrkFace,0.0,TA,TA,CBlock,TA,TA,No,LwQ,383.5,Unf,0.0,477.5,991.5,GasA,TA,Y,SBrkr,1087.0,0.0,0.0,1464.0,0.0,0.0,2.0,0.0,3.0,1.0,TA,6.0,Typ,1.0,Gd,Detchd,1978.0,Unf,2.0,480.0,TA,TA,Y,0.0,25.0,0.0,0.0,0.0,0.0,Gd,MnPrv,Shed,0.0,6.0,2008.0,WD,Normal,163000.0,-0.1736401122703021,2.0,中
1352.0,60.0,RL,70.0,9247.0,Pave,Grvl,IR1,Lvl,AllPub,Inside,Gtl,NAmes,Norm,Norm,1Fam,2Story,6.0,6.0,1962.0,1962.0,Gable,CompShg,HdBoard,HdBoard,BrkFace,318.0,TA,TA,CBlock,TA,TA,No,Rec,319.0,Unf,0.0,539.0,858.0,GasA,Ex,Y,SBrkr,858.0,858.0,0.0,1716.0,0.0,0.0,1.0,1.0,4.0,1.0,TA,8.0,Typ,1.0,Gd,Attchd,1962.0,Fin,2.0,490.0,TA,TA,Y,0.0,84.0,0.0,0.0,120.0,0.0,Gd,MnPrv,Shed,0.0,3.0,2008.0,WD,Normal,171000.0,-0.05119389381373436,2.0,中
1353.0,50.0,RM,50.0,6000.0,Pave,Grvl,Reg,Lvl,AllPub,Inside,Gtl,BrkSide,Norm,Norm,1Fam,1.5Fin,6.0,9.0,1937.0,2000.0,Gable,CompShg,MetalSd,MetalSd,BrkFace,0.0,Gd,TA,BrkTil,TA,TA,No,Unf,0.0,Unf,0.0,698.0,698.0,GasA,TA,Y,SBrkr,786.0,390.0,0.0,1176.0,0.0,0.0,1.0,0.0,2.0,1.0,TA,4.0,Typ,0.0,Gd,Detchd,1999.0,Unf,2.0,624.0,TA,TA,N,210.0,0.0,0.0,0.0,0.0,0.0,Gd,MnPrv,Shed,0.0,7.0,2009.0,WD,Normal,134900.0,-0.6037324545989963,1.0,低
1354.0,50.0,RL,56.0,14720.0,Pave,Grvl,IR1,Lvl,AllPub,CulDSac,Gtl,NoRidge,Norm,Norm,1Fam,1.5Fin,8.0,5.0,1995.0,1996.0,Hip,CompShg,VinylSd,VinylSd,BrkFace,579.0,Gd,TA,PConc,Gd,TA,Av,GLQ,816.0,Unf,0.0,1217.0,2033.0,GasA,Ex,Y,SBrkr,2053.0,1185.0,0.0,3238.0,1.0,0.0,2.0,1.0,4.0,1.0,Gd,9.0,Typ,1.0,Ex,Attchd,1996.0,Fin,3.0,666.0,TA,TA,Y,283.0,86.0,0.0,0.0,0.0,0.0,Gd,MnPrv,Shed,0.0,3.0,2010.0,WD,Normal,410000.0,3.606886882576227,4.0,极高
1355.0,60.0,RL,70.8,10316.0,Pave,Grvl,IR1,Lvl,AllPub,Inside,Gtl,CollgCr,Norm,Norm,1Fam,2Story,7.0,5.0,2000.0,2000.0,Gable,CompShg,VinylSd,VinylSd,BrkFace,0.0,Gd,TA,PConc,Gd,TA,No,GLQ,735.0,Unf,0.0,257.0,992.0,GasA,Ex,Y,SBrkr,992.0,873.0,0.0,1865.0,1.0,0.0,2.0,1.0,3.0,1.0,Gd,7.0,Typ,1.0,TA,Attchd,2000.0,RFn,3.0,839.0,TA,TA,Y,0.0,184.0,0.0,0.0,0.0,0.0,Gd,MnPrv,Shed,0.0,6.0,2008.0,WD,Normal,235000.0,0.9283758538388075,4.0,极高
1356.0,80.0,RL,102.0,10192.0,Pave,Grvl,IR1,Lvl,AllPub,Inside,Gtl,NWAmes,Norm,Norm,1Fam,SLvl,7.0,6.0,1968.0,1992.0,Gable,CompShg,MetalSd,MetalSd,BrkFace,143.0,TA,TA,CBlock,TA,TA,No,Unf,0.0,Unf,0.0,570.0,570.0,GasA,Gd,Y,SBrkr,1222.0,698.0,0.0,1920.0,0.0,0.0,3.0,0.0,4.0,1.0,Gd,8.0,Typ,1.0,TA,Attchd,1968.0,RFn,2.0,487.0,TA,TA,Y,0.0,98.0,0.0,0.0,0.0,0.0,Gd,GdPrv,Shed,0.0,9.0,2006.0,WD,Normal,170000.0,-0.06649967112080533,2.0,中
1357.0,20.0,RL,66.4,9477.0,Pave,Grvl,Reg,Lvl,AllPub,Corner,Gtl,NAmes,Norm,Norm,1Fam,1Story,5.0,5.0,1966.0,1966.0,Gable,CompShg,HdBoard,HdBoard,BrkFace,65.0,TA,TA,CBlock,TA,TA,No,Rec,340.0,Unf,0.0,524.0,864.0,GasA,TA,Y,SBrkr,892.0,0.0,0.0,892.0,0.0,0.0,1.0,0.0,3.0,1.0,TA,5.0,Typ,0.0,Gd,Attchd,1966.0,RFn,1.0,264.0,TA,TA,Y,0.0,0.0,0.0,0.0,0.0,0.0,Gd,GdWo,Shed,0.0,10.0,2008.0,WD,Normal,110000.0,-0.9848463095450634,0.0,极低
1358.0,20.0,RL,88.6,12537.0,Pave,Grvl,IR1,Lvl,AllPub,CulDSac,Gtl,NAmes,Norm,Norm,1Fam,1Story,5.0,6.0,1971.0,2008.0,Gable,CompShg,VinylSd,VinylSd,BrkFace,0.0,TA,TA,CBlock,TA,TA,No,GLQ,734.0,Unf,0.0,344.0,1078.0,GasA,Ex,Y,SBrkr,1078.0,0.0,0.0,1078.0,1.0,0.0,1.0,1.0,3.0,1.0,TA,6.0,Typ,1.0,Fa,Attchd,1971.0,Fin,2.0,500.0,TA,TA,Y,0.0,0.0,0.0,0.0,0.0,0.0,Gd,MnPrv,Shed,0.0,4.0,2010.0,WD,Normal,149900.0,-0.37414579499293177,1.0,低
1359.0,160.0,FV,33.8,2117.0,Pave,Grvl,Reg,Lvl,AllPub,Inside,Gtl,Somerst,Norm,Norm,Twnhs,2Story,6.0,5.0,2000.0,2000.0,Gable,CompShg,MetalSd,MetalSd,BrkFace,216.0,Gd,TA,PConc,Gd,TA,No,GLQ,378.0,Unf,0.0,378.0,756.0,GasA,Ex,Y,SBrkr,769.0,804.0,0.0,1573.0,0.0,0.0,2.0,1.0,3.0,1.0,Gd,5.0,Typ,0.0,Gd,Detchd,2000.0,Unf,2.0,440.0,TA,TA,Y,0.0,32.0,0.0,0.0,0.0,0.0,Gd,MnPrv,Shed,0.0,6.0,2010.0,WD,Normal,177500.0,0.048293658682226924,3.0,高
1360.0,20.0,RL,129.0,16737.0,Pave,Grvl,Reg,Lvl,AllPub,FR3,Gtl,NridgHt,Norm,Norm,1Fam,1Story,9.0,5.0,2004.0,2005.0,Hip,CompShg,VinylSd,VinylSd,BrkFace,66.0,Gd,TA,PConc,Ex,TA,Av,GLQ,1447.0,Unf,0.0,533.0,1980.0,GasA,Ex,Y,SBrkr,1980.0,0.0,0.0,1980.0,1.0,0.0,2.0,0.0,3.0,1.0,Ex,8.0,Typ,1.0,Gd,Attchd,2004.0,Fin,3.0,770.0,TA,TA,Y,194.0,45.0,0.0,0.0,0.0,0.0,Gd,MnPrv,Shed,0.0,9.0,2006.0,WD,Normal,315000.0,2.152838038404485,4.0,极高
1361.0,70.0,RL,51.0,9842.0,Pave,Grvl,Reg,Lvl,AllPub,Inside,Gtl,SWISU,Feedr,Norm,1Fam,2Story,5.0,6.0,1921.0,1998.0,Gable,CompShg,MetalSd,Wd Sdng,BrkFace,0.0,TA,TA,BrkTil,TA,Fa,No,Unf,0.0,Unf,0.0,612.0,612.0,GasA,Ex,Y,SBrkr,990.0,1611.0,0.0,2601.0,0.0,0.0,3.0,1.0,4.0,1.0,TA,8.0,Typ,0.0,Gd,BuiltIn,1998.0,RFn,2.0,621.0,TA,TA,Y,183.0,0.0,301.0,0.0,0.0,0.0,Gd,MnPrv,Shed,0.0,5.0,2008.0,WD,Normal,189000.0,0.22431009771354304,3.0,高
1362.0,20.0,RL,124.0,16158.0,Pave,Grvl,IR1,Low,AllPub,Inside,Mod,StoneBr,Norm,Norm,1Fam,1Story,7.0,5.0,2005.0,2005.0,Hip,CompShg,VinylSd,VinylSd,Stone,16.0,Gd,TA,PConc,Ex,TA,Av,ALQ,1274.0,Unf,0.0,256.0,1530.0,GasA,Ex,Y,SBrkr,1530.0,0.0,0.0,1530.0,1.0,0.0,2.0,0.0,3.0,1.0,Gd,7.0,Typ,1.0,Gd,Attchd,2005.0,Fin,2.0,430.0,TA,TA,Y,168.0,36.0,0.0,0.0,0.0,0.0,Gd,MnPrv,Shed,0.0,6.0,2009.0,WD,Normal,260000.0,1.3110202865155818,4.0,极高
1363.0,50.0,RL,63.8,12513.0,Pave,Grvl,IR1,Lvl,AllPub,FR2,Gtl,NAmes,Feedr,Norm,1Fam,1.5Fin,4.0,4.0,1920.0,2007.0,Gable,CompShg,VinylSd,VinylSd,BrkFace,0.0,TA,Gd,BrkTil,TA,Fa,No,Unf,0.0,Unf,0.0,715.0,715.0,GasA,Gd,Y,SBrkr,1281.0,457.0,0.0,1738.0,0.0,0.0,2.0,0.0,4.0,1.0,TA,7.0,Typ,1.0,Gd,Attchd,1920.0,Unf,1.0,368.0,TA,TA,Y,55.0,0.0,0.0,0.0,0.0,0.0,Gd,MnPrv,Shed,0.0,6.0,2009.0,WD,Normal,104900.0,-1.0629057738111254,0.0,极低
1364.0,60.0,RL,73.0,8499.0,Pave,Grvl,IR1,Lvl,AllPub,Inside,Gtl,Gilbert,Norm,Norm,1Fam,2Story,6.0,5.0,2006.0,2007.0,Gable,CompShg,VinylSd,VinylSd,BrkFace,0.0,TA,TA,PConc,Gd,TA,No,Unf,0.0,Unf,0.0,616.0,616.0,GasA,Ex,Y,SBrkr,616.0,796.0,0.0,1412.0,0.0,0.0,2.0,1.0,3.0,1.0,Gd,6.0,Typ,1.0,Gd,BuiltIn,2007.0,Fin,2.0,432.0,TA,TA,Y,0.0,36.0,0.0,0.0,0.0,0.0,Gd,MnPrv,Shed,0.0,3.0,2007.0,New,Partial,156932.0,-0.2665155689696087,2.0,中
1365.0,160.0,FV,30.0,3180.0,Pave,Pave,Reg,Lvl,AllPub,Inside,Gtl,Somerst,Norm,Norm,TwnhsE,2Story,7.0,5.0,2005.0,2005.0,Gable,CompShg,MetalSd,MetalSd,BrkFace,0.0,Gd,TA,PConc,Gd,TA,No,Unf,0.0,Unf,0.0,600.0,600.0,GasA,Ex,Y,SBrkr,520.0,600.0,80.0,1200.0,0.0,0.0,2.0,1.0,2.0,1.0,Gd,4.0,Typ,0.0,Gd,Detchd,2005.0,RFn,2.0,480.0,TA,TA,Y,0.0,166.0,0.0,0.0,0.0,0.0,Gd,MnPrv,Shed,0.0,4.0,2006.0,WD,Abnorml,144152.0,-0.4621234029539757,1.0,低
1366.0,60.0,FV,74.2,7500.0,Pave,Grvl,Reg,Lvl,AllPub,Inside,Gtl,Somerst,Norm,Norm,1Fam,2Story,7.0,5.0,2000.0,2000.0,Gable,CompShg,VinylSd,VinylSd,BrkFace,0.0,Gd,TA,PConc,Gd,TA,No,GLQ,533.0,Unf,0.0,281.0,814.0,GasA,Ex,Y,SBrkr,814.0,860.0,0.0,1674.0,1.0,0.0,2.0,1.0,3.0,1.0,Gd,7.0,Typ,0.0,Gd,Attchd,2000.0,RFn,2.0,663.0,TA,TA,Y,0.0,96.0,0.0,0.0,0.0,0.0,Gd,MnPrv,Shed,0.0,1.0,2010.0,WD,Normal,216000.0,0.6375660850044592,3.0,高
1367.0,60.0,RL,68.0,9179.0,Pave,Grvl,IR1,Lvl,AllPub,Inside,Gtl,CollgCr,Norm,Norm,1Fam,2Story,7.0,5.0,1999.0,1999.0,Gable,CompShg,VinylSd,VinylSd,BrkFace,158.0,Gd,TA,PConc,Gd,TA,No,GLQ,633.0,Unf,0.0,240.0,873.0,GasA,Ex,Y,SBrkr,882.0,908.0,0.0,1790.0,1.0,0.0,2.0,1.0,3.0,1.0,Gd,7.0,Typ,0.0,Gd,Attchd,1999.0,RFn,2.0,588.0,TA,TA,Y,0.0,88.0,0.0,0.0,0.0,0.0,Gd,MnPrv,Shed,0.0,6.0,2008.0,WD,Abnorml,193000.0,0.28553320694182693,3.0,高
1368.0,160.0,RM,41.0,2665.0,Pave,Grvl,Reg,Lvl,AllPub,Inside,Gtl,MeadowV,Norm,Norm,TwnhsE,2Story,5.0,6.0,1977.0,1977.0,Gable,CompShg,CemntBd,CmentBd,BrkFace,0.0,TA,TA,PConc,TA,TA,No,ALQ,548.0,Rec,173.0,36.0,757.0,GasA,Ex,Y,SBrkr,925.0,550.0,0.0,1475.0,0.0,0.0,2.0,0.0,4.0,1.0,TA,6.0,Typ,1.0,TA,Attchd,1977.0,RFn,1.0,336.0,TA,TA,Y,104.0,26.0,0.0,0.0,0.0,0.0,Gd,MnPrv,Shed,0.0,7.0,2006.0,WD,Normal,127000.0,-0.724648095324857,1.0,低
1369.0,120.0,RM,46.6,4435.0,Pave,Grvl,Reg,Lvl,AllPub,Inside,Gtl,CollgCr,Norm,Norm,TwnhsE,1Story,6.0,5.0,2003.0,2004.0,Gable,CompShg,VinylSd,VinylSd,BrkFace,170.0,Gd,TA,PConc,Gd,TA,Av,GLQ,685.0,Unf,0.0,163.0,848.0,GasA,Ex,Y,SBrkr,848.0,0.0,0.0,848.0,1.0,0.0,1.0,0.0,1.0,1.0,Gd,4.0,Typ,0.0,Gd,Attchd,2003.0,Fin,2.0,420.0,TA,TA,Y,140.0,0.0,0.0,0.0,0.0,0.0,Gd,MnPrv,Shed,0.0,6.0,2009.0,WD,Normal,144000.0,-0.46444988110465046,1.0,低
730.5,50.0,RL,70.0,9478.5,Pave,Grvl,IR2,Lvl,AllPub,FR2,Gtl,CollgCr,Norm,Norm,1Fam,1Story,6.0,5.0,1973.0,1994.0,Hip,CompShg,VinylSd,VinylSd,BrkFace,0.0,Gd,TA,PConc,Gd,TA,Av,BLQ,383.5,GLQ,0.0,477.5,991.5,GasA,Ex,Y,SBrkr,1087.0,0.0,0.0,1464.0,0.0,0.0,2.0,0.0,3.0,1.0,Gd,6.0,Typ,1.0,TA,Attchd,1978.0,Fin,2.0,480.0,TA,TA,Y,0.0,25.0,0.0,0.0,0.0,0.0,Gd,MnPrv,Shed,0.0,6.0,2008.0,WD,Normal,163000.0,-0.1736401122703021,2.0,中
1371.0,50.0,RL,90.0,5400.0,Pave,Grvl,Reg,Lvl,AllPub,Corner,Gtl,OldTown,Artery,Norm,1Fam,1.5Fin,4.0,6.0,1920.0,1950.0,Gable,CompShg,CBlock,CBlock,BrkFace,0.0,Fa,TA,PConc,TA,TA,No,ALQ,315.0,Rec,105.0,420.0,840.0,GasA,Ex,Y,SBrkr,840.0,534.0,0.0,1374.0,0.0,0.0,1.0,0.0,2.0,1.0,TA,6.0,Typ,0.0,Gd,Detchd,1967.0,Fin,1.0,338.0,TA,TA,Y,0.0,0.0,198.0,0.0,0.0,0.0,Gd,MnPrv,Shed,0.0,10.0,2009.0,WD,Normal,105000.0,-1.0613751960804183,0.0,极低
1372.0,80.0,RL,80.0,9600.0,Pave,Grvl,Reg,Lvl,AllPub,Inside,Gtl,NAmes,Norm,Norm,1Fam,SLvl,6.0,6.0,1955.0,1996.0,Hip,CompShg,AsbShng,AsbShng,BrkFace,0.0,TA,TA,CBlock,TA,TA,Av,BLQ,831.0,Unf,0.0,161.0,992.0,GasA,Gd,Y,SBrkr,1661.0,0.0,0.0,1661.0,1.0,0.0,1.0,0.0,3.0,1.0,Gd,8.0,Typ,1.0,TA,BuiltIn,1955.0,RFn,1.0,377.0,TA,TA,Y,0.0,28.0,0.0,0.0,178.0,0.0,Gd,MnPrv,Shed,0.0,10.0,2008.0,WD,Normal,165500.0,-0.13537566900262468,2.0,中
1373.0,60.0,RL,75.0,9750.0,Pave,Grvl,Reg,Lvl,AllPub,Corner,Gtl,CollgCr,Norm,Norm,1Fam,2Story,7.0,6.0,1998.0,1998.0,Gable,CompShg,VinylSd,VinylSd,BrkFace,0.0,TA,TA,PConc,Gd,TA,Av,GLQ,975.0,Unf,0.0,133.0,1108.0,GasA,Ex,Y,SBrkr,1108.0,989.0,0.0,2097.0,1.0,0.0,2.0,1.0,3.0,1.0,Gd,8.0,Typ,1.0,TA,Detchd,1998.0,RFn,2.0,583.0,TA,TA,Y,253.0,170.0,0.0,0.0,0.0,0.0,Gd,MnPrv,Shed,0.0,6.0,2006.0,WD,Normal,274300.0,1.5298929020066965,4.0,极高
730.5,50.0,RL,70.0,9478.5,Pave,Grvl,Reg,Lvl,AllPub,Inside,Gtl,NoRidge,Norm,Norm,1Fam,1Story,6.0,5.0,1973.0,1994.0,Hip,CompShg,VinylSd,VinylSd,BrkFace,0.0,Ex,TA,PConc,Ex,TA,Gd,GLQ,383.5,Unf,0.0,477.5,991.5,GasA,Ex,Y,SBrkr,1087.0,0.0,0.0,1464.0,0.0,0.0,2.0,0.0,3.0,1.0,Ex,6.0,Typ,1.0,Gd,Attchd,1978.0,RFn,2.0,480.0,TA,TA,Y,0.0,25.0,0.0,0.0,0.0,0.0,Gd,MnPrv,Shed,0.0,6.0,2008.0,WD,Normal,163000.0,-0.1736401122703021,2.0,中
1375.0,60.0,FV,85.0,10625.0,Pave,Grvl,Reg,Lvl,AllPub,Inside,Gtl,Somerst,Norm,Norm,1Fam,2Story,7.0,5.0,2005.0,2005.0,Gable,CompShg,CemntBd,CmentBd,BrkFace,0.0,Gd,TA,PConc,Gd,TA,No,Unf,0.0,Unf,0.0,1026.0,1026.0,GasA,Ex,Y,SBrkr,1026.0,932.0,0.0,1958.0,0.0,0.0,2.0,1.0,3.0,1.0,Gd,9.0,Typ,1.0,Gd,Attchd,2005.0,Fin,3.0,936.0,TA,TA,Y,154.0,210.0,0.0,0.0,0.0,0.0,Gd,MnPrv,Shed,0.0,7.0,2008.0,WD,Normal,250000.0,1.157962513444872,4.0,极高
1376.0,20.0,RL,89.0,10991.0,Pave,Grvl,IR1,HLS,AllPub,Inside,Gtl,Timber,Norm,Norm,1Fam,1Story,8.0,5.0,2007.0,2007.0,Gable,CompShg,VinylSd,VinylSd,BrkFace,80.0,Gd,TA,PConc,Gd,TA,Gd,Unf,0.0,Unf,0.0,1571.0,1571.0,GasA,Ex,Y,SBrkr,1571.0,0.0,0.0,1571.0,0.0,0.0,2.0,0.0,3.0,1.0,Gd,7.0,Typ,1.0,Gd,Attchd,2007.0,Fin,3.0,722.0,TA,TA,Y,100.0,36.0,0.0,0.0,0.0,0.0,Gd,MnPrv,Shed,0.0,12.0,2007.0,New,Partial,239000.0,0.9895989630670914,4.0,极高
1377.0,30.0,RL,52.0,6292.0,Pave,Grvl,Reg,Bnk,AllPub,Inside,Gtl,SWISU,Norm,Norm,1Fam,1Story,6.0,5.0,1930.0,1950.0,Gable,CompShg,Wd Sdng,Wd Sdng,BrkFace,0.0,TA,TA,BrkTil,Gd,TA,Mn,Rec,384.0,Unf,0.0,384.0,768.0,GasA,TA,N,SBrkr,790.0,0.0,0.0,790.0,0.0,0.0,1.0,0.0,2.0,1.0,TA,4.0,Typ,0.0,Gd,Detchd,1925.0,Unf,1.0,160.0,Fa,TA,Y,0.0,141.0,0.0,0.0,0.0,0.0,Gd,MnPrv,Shed,0.0,4.0,2008.0,WD,Normal,91000.0,-1.2756560783794118,0.0,极低
1378.0,50.0,RL,60.0,10998.0,Pave,Grvl,Reg,Lvl,AllPub,Inside,Gtl,Edwards,Norm,Norm,1Fam,1.5Fin,5.0,5.0,1941.0,1960.0,Gable,CompShg,Wd Sdng,Wd Sdng,BrkFace,0.0,TA,TA,CBlock,TA,TA,No,LwQ,408.0,BLQ,420.0,156.0,984.0,GasA,Ex,Y,SBrkr,984.0,620.0,0.0,1604.0,0.0,0.0,2.0,0.0,3.0,1.0,TA,6.0,Min2,0.0,Gd,Detchd,1977.0,Unf,2.0,660.0,TA,TA,Y,0.0,68.0,0.0,0.0,0.0,0.0,Gd,MnPrv,Shed,0.0,7.0,2009.0,WD,Normal,117000.0,-0.8777058683955666,0.0,极低
1379.0,160.0,RM,21.0,1953.0,Pave,Grvl,Reg,Lvl,AllPub,Inside,Gtl,BrDale,Norm,Norm,Twnhs,2Story,6.0,5.0,1973.0,1973.0,Gable,CompShg,HdBoard,HdBoard,BrkFace,408.0,TA,TA,CBlock,TA,Fa,No,BLQ,309.0,Unf,0.0,174.0,483.0,GasA,TA,Y,SBrkr,483.0,504.0,0.0,987.0,0.0,0.0,1.0,1.0,2.0,1.0,TA,5.0,Typ,0.0,Gd,Detchd,1973.0,Unf,1.0,264.0,TA,TA,Y,72.0,0.0,0.0,0.0,0.0,0.0,Gd,MnPrv,Shed,0.0,6.0,2006.0,WD,Normal,83000.0,-1.3981022968359795,0.0,极低
1380.0,80.0,RL,73.0,9735.0,Pave,Grvl,Reg,Lvl,AllPub,Inside,Gtl,Timber,Norm,Norm,1Fam,SLvl,5.0,5.0,2006.0,2007.0,Gable,CompShg,VinylSd,VinylSd,BrkFace,0.0,TA,TA,PConc,Gd,TA,No,Unf,0.0,Unf,0.0,384.0,384.0,GasA,Gd,Y,SBrkr,754.0,640.0,0.0,1394.0,0.0,0.0,2.0,1.0,3.0,1.0,Gd,7.0,Typ,0.0,Gd,BuiltIn,2007.0,Fin,2.0,400.0,TA,TA,Y,100.0,0.0,0.0,0.0,0.0,0.0,Gd,MnPrv,Shed,0.0,5.0,2008.0,WD,Normal,167500.0,-0.10476411438848275,2.0,中
1381.0,30.0,RL,45.0,8212.0,Pave,Grvl,Reg,Lvl,AllPub,Inside,Gtl,Edwards,Norm,Norm,1Fam,1Story,3.0,3.0,1914.0,1950.0,Gable,CompShg,Stucco,Stucco,BrkFace,0.0,TA,Fa,BrkTil,TA,Fa,No,Rec,203.0,Unf,0.0,661.0,864.0,GasA,TA,N,FuseF,864.0,0.0,0.0,864.0,1.0,0.0,1.0,0.0,2.0,1.0,TA,5.0,Typ,0.0,Gd,Detchd,1938.0,Unf,1.0,200.0,TA,Fa,Y,0.0,0.0,96.0,0.0,0.0,0.0,Gd,MnPrv,Shed,0.0,6.0,2010.0,WD,Normal,58500.0,-1.7730938408592183,0.0,极低
1382.0,20.0,RL,96.4,12925.0,Pave,Grvl,IR1,Lvl,AllPub,Corner,Gtl,NAmes,Norm,Norm,1Fam,1Story,6.0,7.0,1970.0,1970.0,Gable,CompShg,BrkFace,Plywood,BrkFace,0.0,TA,TA,CBlock,TA,TA,Mn,BLQ,865.0,Unf,0.0,340.0,1205.0,GasA,Ex,Y,SBrkr,2117.0,0.0,0.0,2117.0,0.0,0.0,2.0,1.0,4.0,1.0,TA,7.0,Typ,2.0,Gd,Attchd,1970.0,Fin,2.0,550.0,TA,TA,Y,0.0,42.0,0.0,0.0,0.0,0.0,Gd,MnPrv,Shed,0.0,5.0,2008.0,WD,Normal,237500.0,0.9666402971064849,4.0,极高
1383.0,70.0,RM,60.0,7200.0,Pave,Grvl,Reg,Lvl,AllPub,Corner,Gtl,OldTown,Norm,Norm,1Fam,2Story,7.0,7.0,1920.0,1950.0,Hip,CompShg,Wd Sdng,Wd Sdng,BrkFace,0.0,TA,TA,BrkTil,Fa,TA,No,Unf,0.0,Unf,0.0,596.0,596.0,GasA,Ex,Y,SBrkr,998.0,764.0,0.0,1762.0,1.0,0.0,1.0,1.0,4.0,1.0,Gd,8.0,Typ,0.0,Gd,Detchd,1989.0,Unf,2.0,576.0,TA,TA,N,36.0,0.0,221.0,0.0,0.0,0.0,Gd,MnPrv,Shed,0.0,10.0,2006.0,WD,Normal,157000.0,-0.2654747761127279,2.0,中
1384.0,30.0,RL,88.6,25339.0,Pave,Grvl,Reg,Lvl,AllPub,Inside,Gtl,Sawyer,Norm,Norm,1Fam,1Story,5.0,7.0,1918.0,2007.0,Gable,CompShg,Wd Sdng,Wd Sdng,BrkFace,0.0,TA,Gd,BrkTil,TA,TA,No,Unf,0.0,Unf,0.0,816.0,816.0,GasA,Ex,Y,SBrkr,1416.0,0.0,0.0,1416.0,0.0,0.0,2.0,0.0,3.0,1.0,Gd,7.0,Typ,0.0,Gd,Attchd,2007.0,Unf,2.0,576.0,TA,TA,N,0.0,0.0,112.0,0.0,0.0,0.0,Gd,MnPrv,Shed,0.0,8.0,2007.0,WD,Normal,112000.0,-0.9542347549309215,0.0,极低
1385.0,50.0,RL,60.0,9060.0,Pave,Grvl,Reg,Lvl,AllPub,Inside,Gtl,Edwards,Norm,Norm,1Fam,1.5Fin,6.0,5.0,1939.0,1950.0,Gable,CompShg,WdShing,Wd Shng,BrkFace,0.0,TA,TA,BrkTil,TA,TA,Mn,Rec,204.0,Unf,0.0,356.0,560.0,GasA,TA,Y,SBrkr,698.0,560.0,0.0,1258.0,0.0,0.0,1.0,0.0,2.0,1.0,TA,6.0,Typ,0.0,Gd,Detchd,1939.0,Unf,1.0,280.0,TA,TA,P,0.0,0.0,0.0,0.0,0.0,0.0,Gd,MnPrv,Shed,0.0,10.0,2009.0,WD,Normal,105000.0,-1.0613751960804183,0.0,极低
1386.0,50.0,RM,40.0,5436.0,Pave,Grvl,Reg,Lvl,AllPub,Inside,Gtl,IDOTRR,Norm,Norm,1Fam,1.5Fin,4.0,8.0,1922.0,2007.0,Gable,CompShg,VinylSd,VinylSd,BrkFace,0.0,TA,Gd,BrkTil,TA,TA,No,BLQ,735.0,Unf,0.0,61.0,796.0,GasA,Gd,Y,SBrkr,796.0,358.0,0.0,1154.0,1.0,0.0,1.0,0.0,3.0,1.0,Gd,7.0,Typ,0.0,Gd,Detchd,1922.0,Unf,1.0,240.0,TA,TA,N,0.0,96.0,0.0,0.0,0.0,0.0,Gd,MnPrv,Shed,0.0,5.0,2010.0,WD,Normal,125500.0,-0.7476067612854633,0.0,极低
730.5,50.0,RL,70.0,9478.5,Pave,Grvl,IR1,Lvl,AllPub,Inside,Gtl,NWAmes,RRAn,Norm,1Fam,2Story,6.0,5.0,1973.0,1994.0,Gable,CompShg,Plywood,Plywood,BrkFace,0.0,TA,TA,CBlock,Gd,TA,No,BLQ,383.5,LwQ,0.0,477.5,991.5,GasA,TA,Y,SBrkr,1087.0,0.0,0.0,1464.0,0.0,0.0,2.0,0.0,3.0,1.0,Gd,6.0,Typ,1.0,TA,Attchd,1978.0,RFn,2.0,480.0,TA,TA,Y,0.0,25.0,0.0,0.0,0.0,0.0,Fa,MnPrv,TenC,0.0,6.0,2008.0,WD,Normal,163000.0,-0.1736401122703021,2.0,中
1388.0,50.0,RM,60.0,8520.0,Pave,Grvl,Reg,Lvl,AllPub,Inside,Gtl,OldTown,Artery,Norm,1Fam,1.5Fin,6.0,7.0,1916.0,1950.0,Gable,CompShg,Stucco,Stucco,BrkFace,0.0,TA,Gd,BrkTil,TA,TA,No,Rec,168.0,LwQ,546.0,0.0,714.0,GasW,TA,N,SBrkr,1664.0,862.0,0.0,2526.0,0.0,0.0,2.0,0.0,5.0,1.0,Gd,10.0,Typ,1.0,Gd,Detchd,1916.0,Unf,1.0,216.0,TA,TA,Y,88.0,15.0,0.0,0.0,0.0,0.0,Gd,GdWo,Shed,0.0,8.0,2007.0,CWD,Family,136000.0,-0.5868960995612182,1.0,低
1389.0,20.0,RL,42.0,14892.0,Pave,Grvl,IR1,HLS,AllPub,CulDSac,Gtl,Gilbert,Norm,Norm,1Fam,1Story,9.0,5.0,2006.0,2007.0,Gable,CompShg,VinylSd,VinylSd,Stone,160.0,Ex,TA,PConc,Ex,TA,Gd,GLQ,1320.0,Unf,0.0,426.0,1746.0,GasA,Ex,Y,SBrkr,1746.0,0.0,0.0,1746.0,1.0,0.0,2.0,0.0,3.0,1.0,Ex,7.0,Typ,2.0,Gd,Attchd,2006.0,Fin,3.0,758.0,TA,TA,Y,201.0,39.0,0.0,0.0,0.0,0.0,Gd,MnPrv,Shed,0.0,10.0,2009.0,WD,Normal,377500.0,3.1094491200964205,4.0,极高
1390.0,50.0,RM,60.0,6000.0,Pave,Grvl,Reg,Lvl,AllPub,Inside,Gtl,BrkSide,Norm,Norm,1Fam,1.5Fin,6.0,6.0,1941.0,1950.0,Gable,CompShg,Wd Sdng,Wd Sdng,BrkFace,0.0,TA,Gd,BrkTil,TA,Gd,No,ALQ,375.0,Unf,0.0,360.0,735.0,GasA,Ex,Y,SBrkr,869.0,349.0,0.0,1218.0,0.0,1.0,1.0,0.0,3.0,1.0,TA,6.0,Typ,1.0,Gd,Detchd,2003.0,Unf,2.0,440.0,TA,TA,Y,0.0,0.0,0.0,0.0,0.0,0.0,Gd,MnPrv,Shed,0.0,3.0,2007.0,WD,Normal,131000.0,-0.6634249860965731,1.0,低
1391.0,20.0,RL,70.0,9100.0,Pave,Grvl,Reg,Lvl,AllPub,Inside,Gtl,CollgCr,Norm,Norm,1Fam,1Story,7.0,5.0,2000.0,2000.0,Gable,CompShg,VinylSd,VinylSd,BrkFace,244.0,Gd,TA,PConc,Gd,TA,Av,GLQ,1400.0,Unf,0.0,125.0,1525.0,GasA,Ex,Y,SBrkr,1525.0,0.0,0.0,1525.0,1.0,0.0,2.0,0.0,3.0,1.0,Gd,6.0,Typ,0.0,Gd,Attchd,2000.0,RFn,2.0,541.0,TA,TA,Y,219.0,36.0,0.0,0.0,0.0,0.0,Gd,MnPrv,Shed,0.0,9.0,2006.0,WD,Normal,235000.0,0.9283758538388075,4.0,极高
1392.0,90.0,RL,65.0,8944.0,Pave,Grvl,Reg,Lvl,AllPub,Inside,Gtl,NAmes,Norm,Norm,Duplex,1Story,5.0,5.0,1967.0,1967.0,Gable,CompShg,Plywood,Plywood,BrkFace,0.0,TA,TA,CBlock,TA,TA,No,Unf,0.0,Unf,0.0,1584.0,1584.0,GasA,TA,Y,SBrkr,1584.0,0.0,0.0,1584.0,0.0,0.0,2.0,0.0,4.0,2.0,TA,8.0,Mod,0.0,Gd,Detchd,1967.0,Unf,3.0,792.0,TA,TA,Y,0.0,152.0,0.0,0.0,0.0,0.0,Gd,MnPrv,Shed,0.0,4.0,2009.0,WD,Normal,124000.0,-0.7705654272460698,0.0,极低
1393.0,85.0,RL,68.0,7838.0,Pave,Grvl,Reg,Lvl,AllPub,Inside,Gtl,NAmes,Norm,Norm,1Fam,SFoyer,5.0,5.0,1967.0,1967.0,Gable,CompShg,HdBoard,HdBoard,BrkFace,0.0,TA,TA,CBlock,TA,TA,Av,ALQ,769.0,Unf,0.0,95.0,864.0,GasA,TA,Y,SBrkr,900.0,0.0,0.0,900.0,1.0,0.0,1.0,0.0,3.0,1.0,TA,6.0,Typ,1.0,Po,Attchd,1967.0,RFn,1.0,288.0,TA,TA,Y,175.0,144.0,0.0,0.0,0.0,0.0,Gd,MnWw,Shed,0.0,12.0,2006.0,WD,Normal,123000.0,-0.7858712045531407,0.0,极低
730.5,50.0,RM,70.0,9478.5,Pave,Pave,Reg,Lvl,AllPub,Inside,Gtl,OldTown,Norm,Norm,2fmCon,1.5Fin,6.0,5.0,1973.0,1994.0,Gable,CompShg,Wd Sdng,Wd Sdng,BrkFace,0.0,TA,TA,BrkTil,Fa,TA,No,Unf,383.5,Unf,0.0,477.5,991.5,GasA,Ex,N,SBrkr,1087.0,0.0,0.0,1464.0,0.0,0.0,2.0,0.0,3.0,1.0,TA,6.0,Typ,1.0,TA,Detchd,1978.0,Unf,2.0,480.0,Gd,TA,Y,0.0,25.0,0.0,0.0,0.0,0.0,Gd,MnPrv,Shed,0.0,6.0,2008.0,WD,Normal,163000.0,-0.1736401122703021,2.0,中
1395.0,120.0,RL,53.0,4045.0,Pave,Grvl,Reg,Lvl,AllPub,Inside,Gtl,Blmngtn,Norm,Norm,TwnhsE,1Story,7.0,5.0,2006.0,2006.0,Hip,CompShg,VinylSd,VinylSd,BrkFace,45.0,Gd,TA,PConc,Gd,TA,Av,GLQ,1070.0,Unf,0.0,286.0,1356.0,GasA,Ex,Y,SBrkr,1500.0,0.0,0.0,1500.0,1.0,0.0,2.0,0.0,2.0,1.0,Gd,6.0,Typ,1.0,Gd,Attchd,2006.0,Fin,3.0,648.0,TA,TA,Y,161.0,20.0,0.0,0.0,0.0,0.0,Gd,MnPrv,Shed,0.0,10.0,2006.0,New,Partial,246578.0,1.1055861435000751,4.0,极高
1396.0,60.0,RL,88.0,12665.0,Pave,Grvl,IR1,Lvl,AllPub,Inside,Gtl,Timber,Norm,Norm,1Fam,2Story,8.0,5.0,2005.0,2006.0,Hip,CompShg,VinylSd,VinylSd,BrkFace,245.0,Gd,TA,PConc,Gd,Gd,Gd,Unf,0.0,Unf,0.0,1094.0,1094.0,GasA,Ex,Y,SBrkr,1133.0,1349.0,0.0,2482.0,0.0,0.0,2.0,1.0,4.0,1.0,Gd,9.0,Typ,1.0,Gd,BuiltIn,2005.0,Fin,3.0,642.0,TA,TA,Y,144.0,39.0,0.0,0.0,0.0,0.0,Gd,MnPrv,Shed,0.0,2.0,2007.0,WD,Normal,281213.0,1.6357017405304781,4.0,极高
1397.0,20.0,RL,131.6,57200.0,Pave,Grvl,IR1,Bnk,AllPub,Inside,Sev,Timber,Norm,Norm,1Fam,1Story,5.0,5.0,1948.0,1950.0,Gable,CompShg,Wd Sdng,Wd Sdng,BrkFace,0.0,TA,TA,CBlock,TA,TA,Av,BLQ,353.0,Rec,334.0,60.0,747.0,GasA,TA,Y,SBrkr,1687.0,0.0,0.0,1687.0,1.0,0.0,1.0,0.0,3.0,1.0,TA,7.0,Min1,2.0,TA,Detchd,1966.0,Unf,2.0,572.0,TA,TA,N,0.0,0.0,50.0,0.0,0.0,0.0,Gd,MnPrv,Shed,0.0,6.0,2010.0,WD,Normal,160000.0,-0.21955744419151502,2.0,中
1398.0,70.0,RM,51.0,6120.0,Pave,Grvl,Reg,Lvl,AllPub,Inside,Gtl,BrkSide,Norm,Norm,1Fam,2Story,5.0,8.0,1920.0,2004.0,Gable,CompShg,MetalSd,MetalSd,BrkFace,0.0,TA,TA,BrkTil,TA,TA,Mn,Unf,0.0,Unf,0.0,939.0,939.0,GasA,Ex,Y,SBrkr,939.0,574.0,0.0,1513.0,0.0,0.0,1.0,1.0,4.0,1.0,TA,8.0,Typ,0.0,Gd,Detchd,1933.0,Unf,1.0,180.0,Fa,Fa,N,24.0,0.0,150.0,0.0,0.0,0.0,Gd,MnPrv,Shed,0.0,5.0,2007.0,WD,Normal,137500.0,-0.5639374336006118,1.0,低
1399.0,50.0,RL,60.0,7200.0,Pave,Grvl,Reg,Lvl,AllPub,Inside,Gtl,NAmes,Norm,Norm,1Fam,1.5Fin,5.0,4.0,1950.0,1982.0,Gable,CompShg,VinylSd,Wd Sdng,BrkFace,0.0,TA,TA,CBlock,TA,TA,No,Rec,180.0,BLQ,352.0,676.0,1208.0,GasA,Gd,Y,FuseA,1136.0,768.0,0.0,1904.0,1.0,0.0,1.0,1.0,3.0,1.0,TA,7.0,Min1,0.0,Gd,Attchd,1950.0,Unf,1.0,240.0,TA,TA,Y,0.0,0.0,168.0,0.0,0.0,0.0,Gd,GdPrv,Shed,0.0,5.0,2009.0,WD,Normal,138000.0,-0.5562845449470762,1.0,低
1400.0,50.0,RL,51.0,6171.0,Pave,Grvl,Reg,Lvl,AllPub,Inside,Gtl,SWISU,Norm,Norm,1Fam,1.5Fin,6.0,6.0,1925.0,1990.0,Gable,CompShg,WdShing,Wd Shng,BrkFace,0.0,TA,TA,BrkTil,TA,TA,No,BLQ,264.0,Unf,0.0,712.0,976.0,GasA,Ex,Y,SBrkr,1160.0,448.0,0.0,1608.0,0.0,0.0,2.0,1.0,3.0,1.0,Gd,7.0,Typ,1.0,Gd,Detchd,1925.0,Unf,1.0,216.0,Fa,TA,Y,147.0,16.0,0.0,0.0,0.0,0.0,Gd,MnPrv,Shed,0.0,10.0,2009.0,WD,Normal,137450.0,-0.5647027224659653,1.0,低
1401.0,50.0,RM,50.0,6000.0,Pave,Grvl,Reg,Lvl,AllPub,Corner,Gtl,BrkSide,Norm,Norm,1Fam,1.5Fin,6.0,7.0,1929.0,1950.0,Gable,CompShg,WdShing,Wd Shng,BrkFace,0.0,TA,TA,BrkTil,TA,TA,No,Unf,0.0,Unf,0.0,862.0,862.0,GasA,TA,Y,SBrkr,950.0,208.0,0.0,1158.0,0.0,0.0,1.0,0.0,3.0,1.0,TA,5.0,Typ,1.0,Gd,BuiltIn,1929.0,RFn,1.0,208.0,TA,TA,Y,0.0,0.0,112.0,0.0,0.0,0.0,Gd,MnPrv,Shed,0.0,7.0,2008.0,WD,Normal,120000.0,-0.8317885364743537,0.0,极低
1402.0,60.0,RL,62.0,7415.0,Pave,Grvl,IR1,Lvl,AllPub,Inside,Gtl,Gilbert,Norm,Norm,1Fam,2Story,6.0,5.0,2004.0,2004.0,Gable,CompShg,VinylSd,VinylSd,BrkFace,0.0,TA,TA,PConc,TA,TA,No,GLQ,759.0,Unf,0.0,80.0,839.0,GasA,Ex,Y,SBrkr,864.0,729.0,0.0,1593.0,1.0,0.0,2.0,1.0,3.0,1.0,TA,8.0,Typ,1.0,TA,Attchd,2004.0,Fin,2.0,398.0,TA,TA,Y,100.0,75.0,0.0,0.0,0.0,0.0,Gd,MnPrv,Shed,0.0,4.0,2008.0,WD,Normal,193000.0,0.28553320694182693,3.0,高
1403.0,20.0,RL,64.0,6762.0,Pave,Grvl,Reg,Lvl,AllPub,Inside,Gtl,CollgCr,Norm,Norm,1Fam,1Story,7.0,5.0,2006.0,2006.0,Gable,CompShg,VinylSd,VinylSd,BrkFace,0.0,Gd,TA,PConc,Gd,Gd,Av,Unf,0.0,Unf,0.0,1286.0,1286.0,GasA,Ex,Y,SBrkr,1294.0,0.0,0.0,1294.0,0.0,0.0,2.0,0.0,2.0,1.0,Gd,6.0,Typ,1.0,Gd,Attchd,2006.0,RFn,2.0,662.0,TA,TA,Y,168.0,55.0,0.0,0.0,0.0,0.0,Gd,MnPrv,Shed,0.0,7.0,2006.0,New,Partial,193879.0,0.2989869851947423,3.0,高
1404.0,20.0,RL,49.0,15256.0,Pave,Grvl,IR1,Lvl,AllPub,CulDSac,Gtl,Somerst,RRAn,Norm,1Fam,1Story,8.0,5.0,2007.0,2007.0,Gable,CompShg,VinylSd,VinylSd,Stone,84.0,Gd,TA,PConc,Gd,TA,Gd,GLQ,929.0,Unf,0.0,556.0,1485.0,GasA,Ex,Y,SBrkr,1464.0,0.0,0.0,1464.0,1.0,0.0,2.0,0.0,3.0,1.0,Gd,6.0,Typ,0.0,Gd,Attchd,2007.0,Unf,3.0,754.0,TA,TA,Y,168.0,160.0,0.0,0.0,0.0,0.0,Gd,MnPrv,Shed,0.0,8.0,2007.0,WD,Normal,282922.0,1.6618593139482625,4.0,极高
1405.0,50.0,RL,60.0,10410.0,Pave,Grvl,Reg,Lvl,AllPub,Corner,Gtl,OldTown,Artery,Norm,1Fam,1.5Fin,3.0,4.0,1915.0,1950.0,Gable,CompShg,Wd Sdng,Wd Sdng,BrkFace,0.0,TA,TA,PConc,TA,TA,No,Unf,0.0,Unf,0.0,672.0,672.0,GasA,TA,Y,SBrkr,694.0,520.0,0.0,1214.0,0.0,0.0,1.0,0.0,3.0,1.0,TA,6.0,Typ,0.0,Gd,Detchd,1998.0,Unf,3.0,936.0,TA,TA,Y,216.0,0.0,160.0,0.0,0.0,0.0,Gd,MnPrv,Shed,0.0,1.0,2006.0,WD,Family,105000.0,-1.0613751960804183,0.0,极低
1406.0,120.0,RM,44.0,3842.0,Pave,Grvl,IR1,HLS,AllPub,Inside,Mod,Crawfor,Norm,Norm,TwnhsE,1Story,8.0,5.0,2004.0,2005.0,Hip,CompShg,CemntBd,CmentBd,Stone,174.0,Gd,TA,PConc,Ex,TA,Gd,GLQ,1373.0,Unf,0.0,221.0,1594.0,GasA,Ex,Y,SBrkr,1646.0,0.0,0.0,1646.0,1.0,1.0,2.0,0.0,2.0,1.0,Gd,5.0,Typ,1.0,Gd,Attchd,2004.0,Fin,2.0,482.0,TA,TA,Y,128.0,53.0,0.0,0.0,155.0,0.0,Gd,MnPrv,Shed,0.0,1.0,2008.0,WD,Normal,275000.0,1.5406069461216463,4.0,极高
1407.0,85.0,RL,70.0,8445.0,Pave,Grvl,Reg,Lvl,AllPub,Corner,Gtl,CollgCr,Norm,Norm,1Fam,SFoyer,5.0,7.0,1972.0,2007.0,Gable,CompShg,HdBoard,Wd Shng,BrkFace,0.0,TA,TA,CBlock,Gd,TA,Av,GLQ,656.0,Unf,0.0,112.0,768.0,GasA,TA,Y,SBrkr,768.0,0.0,0.0,768.0,1.0,0.0,1.0,0.0,2.0,1.0,TA,5.0,Typ,0.0,Gd,Detchd,1988.0,Unf,2.0,396.0,TA,TA,Y,58.0,0.0,0.0,0.0,0.0,0.0,Gd,MnPrv,Shed,0.0,3.0,2009.0,WD,Normal,133000.0,-0.6328134314824311,1.0,低
1408.0,20.0,RL,63.0,8780.0,Pave,Grvl,IR1,Lvl,AllPub,Corner,Gtl,Mitchel,Norm,Norm,1Fam,1Story,5.0,5.0,1985.0,1985.0,Gable,CompShg,HdBoard,Plywood,BrkFace,0.0,TA,TA,CBlock,TA,TA,No,ALQ,625.0,Unf,0.0,208.0,833.0,GasA,Ex,Y,SBrkr,833.0,0.0,0.0,833.0,1.0,0.0,1.0,0.0,3.0,1.0,TA,5.0,Typ,0.0,Gd,Attchd,1961.8,Unf,0.0,0.0,TA,TA,Y,0.0,0.0,0.0,0.0,0.0,0.0,Gd,MnPrv,Shed,0.0,3.0,2009.0,WD,Normal,112000.0,-0.9542347549309215,0.0,极低
1409.0,70.0,RM,60.0,7740.0,Pave,Grvl,Reg,Lvl,AllPub,Inside,Gtl,OldTown,Norm,Norm,1Fam,2Story,4.0,7.0,1910.0,1950.0,Gable,CompShg,VinylSd,VinylSd,BrkFace,0.0,TA,TA,CBlock,Fa,TA,No,Unf,0.0,Unf,0.0,622.0,622.0,GasA,Gd,Y,SBrkr,741.0,622.0,0.0,1363.0,0.0,0.0,1.0,0.0,3.0,1.0,TA,6.0,Typ,0.0,Gd,Detchd,1966.0,Unf,2.0,528.0,TA,TA,Y,0.0,0.0,0.0,0.0,168.0,0.0,Gd,MnPrv,Shed,0.0,6.0,2010.0,WD,Normal,125500.0,-0.7476067612854633,0.0,极低
1410.0,60.0,RL,46.0,20544.0,Pave,Grvl,IR1,Lvl,AllPub,CulDSac,Gtl,NWAmes,Norm,Norm,1Fam,2Story,7.0,6.0,1986.0,1991.0,Gable,CompShg,Plywood,Plywood,BrkFace,123.0,TA,Gd,CBlock,Gd,TA,No,Unf,0.0,Unf,0.0,791.0,791.0,GasA,Gd,Y,SBrkr,1236.0,857.0,0.0,2093.0,0.0,0.0,2.0,1.0,3.0,1.0,TA,7.0,Typ,1.0,TA,Attchd,1986.0,Fin,2.0,542.0,TA,TA,Y,364.0,63.0,0.0,0.0,0.0,0.0,Gd,MnPrv,Shed,0.0,11.0,2008.0,WD,Normal,215000.0,0.6222603076973882,3.0,高
1411.0,60.0,RL,79.0,12420.0,Pave,Grvl,Reg,Lvl,AllPub,Inside,Gtl,CollgCr,Norm,Norm,1Fam,2Story,7.0,5.0,2001.0,2001.0,Gable,CompShg,VinylSd,VinylSd,BrkFace,0.0,Gd,TA,PConc,Gd,TA,No,GLQ,666.0,Unf,0.0,278.0,944.0,GasA,Ex,Y,SBrkr,944.0,896.0,0.0,1840.0,1.0,0.0,2.0,1.0,3.0,1.0,Gd,6.0,Typ,0.0,Gd,Attchd,2001.0,RFn,2.0,622.0,TA,TA,Y,0.0,45.0,0.0,0.0,0.0,0.0,Gd,MnPrv,Shed,0.0,6.0,2009.0,WD,Normal,230000.0,0.8518469673034527,4.0,极高
1412.0,50.0,RL,80.0,9600.0,Pave,Grvl,Reg,Lvl,AllPub,Inside,Gtl,NAmes,Norm,Norm,1Fam,1.5Fin,6.0,8.0,1950.0,2005.0,Gable,CompShg,VinylSd,VinylSd,BrkFace,0.0,TA,Gd,CBlock,TA,TA,No,BLQ,120.0,Unf,0.0,736.0,856.0,GasA,Ex,Y,SBrkr,1112.0,556.0,0.0,1668.0,0.0,0.0,1.0,1.0,3.0,1.0,TA,6.0,Min2,0.0,Gd,Attchd,1950.0,Unf,1.0,271.0,TA,TA,Y,0.0,0.0,0.0,0.0,0.0,0.0,Gd,MnPrv,Shed,0.0,9.0,2009.0,WD,Normal,140000.0,-0.5256729903329344,1.0,低
1413.0,90.0,RL,60.0,7200.0,Pave,Grvl,Reg,Lvl,AllPub,Inside,Gtl,NAmes,Norm,Norm,Duplex,1Story,4.0,5.0,1949.0,1950.0,Gable,CompShg,BrkFace,Stone,BrkFace,0.0,TA,TA,Slab,TA,TA,No,Unf,0.0,Unf,0.0,0.0,0.0,Wall,Fa,N,FuseF,1040.0,0.0,0.0,1040.0,0.0,0.0,2.0,0.0,2.0,2.0,TA,6.0,Typ,0.0,Gd,Detchd,1956.0,Unf,2.0,420.0,TA,TA,Y,0.0,0.0,0.0,0.0,0.0,0.0,Gd,MnPrv,Shed,0.0,6.0,2009.0,WD,Normal,90000.0,-1.2909618556864828,0.0,极低
1414.0,20.0,RL,88.0,10994.0,Pave,Grvl,IR1,Lvl,AllPub,Corner,Gtl,SawyerW,Norm,Norm,1Fam,1Story,8.0,5.0,2005.0,2006.0,Gable,CompShg,VinylSd,VinylSd,Stone,366.0,Gd,TA,PConc,Gd,Gd,No,GLQ,976.0,Unf,0.0,868.0,1844.0,GasA,Ex,Y,SBrkr,1844.0,0.0,0.0,1844.0,1.0,0.0,2.0,0.0,2.0,1.0,Gd,7.0,Typ,1.0,Gd,Attchd,2005.0,Fin,2.0,620.0,TA,TA,Y,165.0,44.0,0.0,0.0,0.0,0.0,Gd,MnPrv,Shed,0.0,9.0,2009.0,COD,Abnorml,257000.0,1.2651029545943688,4.0,极高
1415.0,50.0,RL,64.0,13053.0,Pave,Pave,Reg,Bnk,AllPub,Inside,Gtl,BrkSide,Norm,Norm,1Fam,1.5Fin,6.0,7.0,1923.0,2000.0,Gambrel,CompShg,Wd Sdng,Wd Sdng,BrkFace,0.0,TA,TA,BrkTil,TA,TA,No,Unf,0.0,Unf,0.0,833.0,833.0,GasA,Gd,Y,SBrkr,1053.0,795.0,0.0,1848.0,0.0,0.0,1.0,1.0,4.0,1.0,Gd,8.0,Typ,1.0,Gd,Detchd,1922.0,Unf,2.0,370.0,TA,TA,N,0.0,0.0,0.0,0.0,220.0,0.0,Gd,MnPrv,Shed,0.0,6.0,2008.0,WD,Normal,207000.0,0.49981408924082044,3.0,高
1416.0,120.0,RL,51.0,3635.0,Pave,Grvl,Reg,Lvl,AllPub,Inside,Gtl,Blmngtn,Norm,Norm,TwnhsE,1Story,7.0,5.0,2007.0,2007.0,Hip,CompShg,VinylSd,VinylSd,BrkFace,130.0,Gd,TA,PConc,Gd,TA,No,ALQ,988.0,Unf,0.0,398.0,1386.0,GasA,Ex,Y,SBrkr,1569.0,0.0,0.0,1569.0,0.0,1.0,2.0,0.0,1.0,1.0,Gd,7.0,Typ,1.0,TA,Attchd,2007.0,RFn,3.0,660.0,TA,TA,Y,143.0,20.0,0.0,0.0,0.0,0.0,Gd,MnPrv,Shed,0.0,5.0,2009.0,WD,Normal,175900.0,0.023804414990913375,3.0,高
730.5,50.0,RM,70.0,9478.5,Pave,Grvl,Reg,Lvl,AllPub,Inside,Gtl,OldTown,Norm,Norm,2fmCon,2Story,6.0,5.0,1973.0,1994.0,Gable,CompShg,VinylSd,AsbShng,BrkFace,0.0,TA,TA,PConc,TA,TA,No,Unf,383.5,Unf,0.0,477.5,991.5,GasA,Gd,Y,SBrkr,1087.0,0.0,0.0,1464.0,0.0,0.0,2.0,0.0,3.0,1.0,TA,6.0,Typ,1.0,Gd,Detchd,1978.0,Unf,2.0,480.0,TA,TA,N,0.0,25.0,0.0,0.0,0.0,0.0,Gd,MnPrv,Shed,0.0,6.0,2008.0,WD,Normal,163000.0,-0.1736401122703021,2.0,中
1418.0,60.0,RL,98.8,16545.0,Pave,Grvl,IR1,Lvl,AllPub,Inside,Gtl,NoRidge,Norm,Norm,1Fam,2Story,8.0,5.0,1998.0,1998.0,Gable,CompShg,VinylSd,VinylSd,BrkFace,731.0,Gd,TA,PConc,Gd,TA,Mn,GLQ,781.0,Unf,0.0,503.0,1284.0,GasA,Ex,Y,SBrkr,1310.0,1140.0,0.0,2450.0,1.0,0.0,2.0,1.0,3.0,1.0,Gd,7.0,Typ,1.0,TA,Attchd,1998.0,Fin,3.0,1069.0,TA,TA,Y,0.0,126.0,0.0,0.0,0.0,0.0,Gd,MnPrv,Shed,0.0,5.0,2009.0,WD,Normal,340000.0,2.535482471081259,4.0,极高
1419.0,20.0,RL,71.0,9204.0,Pave,Grvl,Reg,Lvl,AllPub,Inside,Gtl,NAmes,Norm,Norm,1Fam,1Story,5.0,5.0,1963.0,1963.0,Gable,CompShg,HdBoard,HdBoard,BrkFace,0.0,TA,TA,CBlock,TA,TA,No,BLQ,25.0,Rec,872.0,247.0,1144.0,GasA,TA,Y,SBrkr,1144.0,0.0,0.0,1144.0,1.0,0.0,1.0,1.0,3.0,1.0,TA,6.0,Typ,0.0,Gd,Detchd,1962.0,Unf,1.0,336.0,TA,TA,Y,0.0,88.0,0.0,0.0,0.0,0.0,Gd,MnPrv,Shed,0.0,8.0,2008.0,COD,Normal,124000.0,-0.7705654272460698,0.0,极低
1420.0,20.0,RL,85.2,16381.0,Pave,Grvl,IR1,Lvl,AllPub,Inside,Gtl,Crawfor,Norm,Norm,1Fam,1Story,6.0,5.0,1969.0,1969.0,Gable,CompShg,Plywood,Plywood,BrkFace,312.0,Gd,Gd,CBlock,TA,TA,Av,Rec,1110.0,Unf,0.0,734.0,1844.0,GasA,Gd,Y,SBrkr,1844.0,0.0,0.0,1844.0,1.0,0.0,2.0,0.0,3.0,1.0,Gd,7.0,Typ,1.0,TA,Attchd,1969.0,RFn,2.0,540.0,TA,TA,Y,0.0,73.0,216.0,0.0,0.0,0.0,Gd,MnPrv,Shed,0.0,12.0,2006.0,WD,Normal,223000.0,0.7447065261539559,4.0,极高
1421.0,60.0,RL,90.0,11700.0,Pave,Grvl,Reg,Lvl,AllPub,Corner,Gtl,NWAmes,Norm,Norm,1Fam,2Story,6.0,6.0,1968.0,1968.0,Gable,CompShg,HdBoard,HdBoard,BrkFace,420.0,TA,TA,CBlock,TA,TA,No,ALQ,404.0,Unf,0.0,304.0,708.0,GasA,Gd,Y,SBrkr,708.0,708.0,0.0,1416.0,0.0,0.0,2.0,1.0,3.0,1.0,TA,7.0,Typ,1.0,TA,Attchd,1968.0,RFn,2.0,776.0,TA,TA,Y,0.0,169.0,0.0,0.0,119.0,0.0,Gd,MnPrv,Shed,0.0,5.0,2006.0,WD,Normal,179900.0,0.08502752421919725,3.0,高
1422.0,120.0,RL,53.0,4043.0,Pave,Grvl,Reg,Lvl,AllPub,Inside,Gtl,NPkVill,Norm,Norm,TwnhsE,1Story,6.0,5.0,1977.0,1977.0,Gable,CompShg,Plywood,Plywood,BrkFace,0.0,TA,TA,CBlock,Gd,TA,No,ALQ,360.0,Unf,0.0,709.0,1069.0,GasA,TA,Y,SBrkr,1069.0,0.0,0.0,1069.0,0.0,0.0,2.0,0.0,2.0,1.0,TA,4.0,Typ,1.0,Fa,Attchd,1977.0,RFn,2.0,440.0,TA,TA,Y,0.0,55.0,0.0,0.0,165.0,0.0,Gd,MnPrv,Shed,0.0,7.0,2010.0,WD,Normal,127500.0,-0.7169952066713214,1.0,低
1423.0,120.0,RM,37.0,4435.0,Pave,Grvl,Reg,Lvl,AllPub,Inside,Gtl,CollgCr,Norm,Norm,TwnhsE,1Story,6.0,5.0,2003.0,2003.0,Gable,CompShg,VinylSd,VinylSd,BrkFace,170.0,Gd,TA,PConc,Gd,TA,Av,GLQ,686.0,Unf,0.0,162.0,848.0,GasA,Ex,Y,SBrkr,848.0,0.0,0.0,848.0,1.0,0.0,1.0,0.0,1.0,1.0,Gd,3.0,Typ,0.0,Gd,Attchd,2003.0,Fin,2.0,420.0,TA,TA,Y,140.0,0.0,0.0,0.0,0.0,0.0,Gd,MnPrv,Shed,0.0,3.0,2008.0,WD,Normal,136500.0,-0.5792432109076827,1.0,低
730.5,50.0,RL,70.0,9478.5,Pave,Grvl,IR1,Lvl,AllPub,CulDSac,Gtl,Edwards,Norm,Norm,1Fam,SLvl,6.0,5.0,1973.0,1994.0,Flat,Tar&Grv,Plywood,Plywood,BrkFace,0.0,Gd,Gd,CBlock,Gd,TA,Av,Unf,383.5,Unf,0.0,477.5,991.5,GasA,TA,Y,SBrkr,1087.0,0.0,0.0,1464.0,0.0,0.0,2.0,0.0,3.0,1.0,Gd,6.0,Typ,1.0,Gd,Attchd,1978.0,Unf,2.0,480.0,Gd,Gd,Y,0.0,25.0,0.0,0.0,0.0,0.0,Gd,GdPrv,Shed,0.0,6.0,2008.0,WD,Alloca,163000.0,-0.1736401122703021,2.0,中
1425.0,20.0,RL,72.6,9503.0,Pave,Grvl,Reg,Lvl,AllPub,Inside,Gtl,NAmes,Norm,Norm,1Fam,1Story,5.0,5.0,1958.0,1983.0,Hip,CompShg,HdBoard,HdBoard,BrkFace,0.0,TA,TA,CBlock,TA,TA,No,ALQ,457.0,Rec,374.0,193.0,1024.0,GasA,TA,Y,SBrkr,1344.0,0.0,0.0,1344.0,1.0,0.0,1.0,0.0,2.0,1.0,TA,6.0,Min1,1.0,TA,Detchd,1970.0,Unf,1.0,484.0,TA,TA,Y,316.0,28.0,0.0,0.0,0.0,0.0,Gd,GdWo,Shed,0.0,6.0,2007.0,WD,Normal,144000.0,-0.46444988110465046,1.0,低
1426.0,20.0,RL,80.0,10721.0,Pave,Grvl,IR1,Lvl,AllPub,Inside,Gtl,NAmes,Norm,Norm,1Fam,1Story,6.0,6.0,1959.0,1959.0,Hip,CompShg,HdBoard,HdBoard,Stone,243.0,Gd,TA,CBlock,TA,TA,No,Unf,0.0,Unf,0.0,1252.0,1252.0,GasA,Ex,Y,SBrkr,1252.0,0.0,0.0,1252.0,0.0,0.0,1.0,0.0,3.0,1.0,Gd,7.0,Typ,0.0,Gd,Detchd,1960.0,Unf,2.0,528.0,TA,TA,Y,0.0,39.0,0.0,0.0,0.0,0.0,Gd,MnPrv,Shed,0.0,10.0,2008.0,WD,Normal,142000.0,-0.4950614357187924,1.0,低
1427.0,60.0,RL,81.0,10944.0,Pave,Grvl,IR1,Lvl,AllPub,Inside,Gtl,NoRidge,Norm,Norm,1Fam,2Story,7.0,5.0,1994.0,1994.0,Gable,CompShg,VinylSd,VinylSd,BrkFace,448.0,Gd,TA,PConc,Gd,TA,No,GLQ,1000.0,Unf,0.0,223.0,1223.0,GasA,Ex,Y,SBrkr,1223.0,904.0,0.0,2127.0,1.0,0.0,2.0,1.0,3.0,1.0,Gd,5.0,Typ,2.0,TA,Attchd,1994.0,RFn,2.0,525.0,TA,TA,Y,171.0,132.0,0.0,0.0,0.0,0.0,Gd,MnPrv,Shed,0.0,8.0,2008.0,WD,Normal,271000.0,1.4793838368933623,4.0,极高
1428.0,50.0,RL,60.0,10930.0,Pave,Grvl,Reg,Bnk,AllPub,Inside,Gtl,NAmes,Artery,Norm,1Fam,1.5Fin,5.0,6.0,1945.0,1950.0,Gable,CompShg,MetalSd,MetalSd,BrkFace,0.0,TA,TA,CBlock,TA,TA,No,BLQ,580.0,Unf,0.0,333.0,913.0,GasA,TA,Y,FuseA,1048.0,510.0,0.0,1558.0,1.0,0.0,1.0,1.0,3.0,1.0,TA,6.0,Typ,1.0,TA,Attchd,1962.0,Unf,1.0,288.0,TA,TA,Y,0.0,0.0,0.0,0.0,0.0,0.0,Gd,MnPrv,Shed,0.0,4.0,2008.0,WD,Normal,140000.0,-0.5256729903329344,1.0,低
1429.0,30.0,RM,60.0,7200.0,Pave,Grvl,Reg,Lvl,AllPub,Corner,Gtl,OldTown,Norm,Norm,1Fam,1Story,5.0,7.0,1940.0,1992.0,Gable,CompShg,MetalSd,MetalSd,Stone,294.0,TA,Gd,CBlock,TA,TA,No,BLQ,510.0,Unf,0.0,278.0,788.0,GasA,TA,Y,SBrkr,804.0,0.0,0.0,804.0,1.0,0.0,1.0,0.0,2.0,1.0,Gd,4.0,Typ,2.0,Gd,Attchd,1940.0,Unf,1.0,240.0,TA,TA,Y,0.0,0.0,154.0,0.0,0.0,0.0,Gd,MnPrv,Shed,0.0,2.0,2010.0,WD,Abnorml,119000.0,-0.8470943137814246,0.0,极低
1430.0,20.0,RL,80.2,12546.0,Pave,Grvl,IR1,Lvl,AllPub,Corner,Gtl,NWAmes,Norm,Norm,1Fam,1Story,6.0,7.0,1981.0,1981.0,Gable,CompShg,MetalSd,MetalSd,BrkFace,310.0,Gd,Gd,CBlock,Gd,TA,No,BLQ,678.0,Unf,0.0,762.0,1440.0,GasA,Ex,Y,SBrkr,1440.0,0.0,0.0,1440.0,0.0,0.0,2.0,0.0,3.0,1.0,Gd,7.0,Typ,1.0,TA,Attchd,1981.0,Fin,2.0,467.0,TA,TA,Y,0.0,0.0,99.0,0.0,0.0,0.0,Gd,MnPrv,Shed,0.0,4.0,2007.0,WD,Normal,182900.0,0.13094485614041015,3.0,高
1431.0,60.0,RL,60.0,21930.0,Pave,Grvl,IR3,Lvl,AllPub,Inside,Gtl,Gilbert,RRAn,Norm,1Fam,2Story,5.0,5.0,2005.0,2005.0,Gable,CompShg,VinylSd,VinylSd,BrkFace,0.0,Gd,TA,PConc,Gd,Gd,Av,Unf,0.0,Unf,0.0,732.0,732.0,GasA,Ex,Y,SBrkr,734.0,1104.0,0.0,1838.0,0.0,0.0,2.0,1.0,4.0,1.0,TA,7.0,Typ,1.0,Gd,BuiltIn,2005.0,Fin,2.0,372.0,TA,TA,Y,100.0,40.0,0.0,0.0,0.0,0.0,Gd,MnPrv,Shed,0.0,7.0,2006.0,WD,Normal,192140.0,0.2723702384577459,3.0,高
1432.0,120.0,RL,52.6,4928.0,Pave,Grvl,IR1,Lvl,AllPub,Inside,Gtl,NPkVill,Norm,Norm,TwnhsE,1Story,6.0,6.0,1976.0,1976.0,Gable,CompShg,Plywood,Plywood,BrkFace,0.0,TA,TA,CBlock,Gd,TA,No,LwQ,958.0,Unf,0.0,0.0,958.0,GasA,TA,Y,SBrkr,958.0,0.0,0.0,958.0,0.0,0.0,2.0,0.0,2.0,1.0,TA,5.0,Typ,0.0,Gd,Attchd,1976.0,RFn,2.0,440.0,TA,TA,Y,0.0,60.0,0.0,0.0,0.0,0.0,Gd,MnPrv,Shed,0.0,10.0,2009.0,WD,Normal,143750.0,-0.4682763254314182,1.0,低
1433.0,30.0,RL,60.0,10800.0,Pave,Grvl,Reg,Lvl,AllPub,Inside,Gtl,OldTown,Norm,Norm,1Fam,1Story,4.0,6.0,1927.0,2007.0,Gable,CompShg,Wd Sdng,Wd Sdng,BrkFace,0.0,TA,TA,BrkTil,TA,TA,No,Unf,0.0,Unf,0.0,656.0,656.0,GasA,TA,Y,SBrkr,968.0,0.0,0.0,968.0,0.0,0.0,2.0,0.0,4.0,1.0,TA,5.0,Typ,0.0,Gd,Detchd,1928.0,Unf,1.0,216.0,Fa,Fa,Y,0.0,0.0,0.0,0.0,0.0,0.0,Gd,MnPrv,Shed,0.0,8.0,2007.0,WD,Normal,64500.0,-1.6812591770167924,0.0,极低
1434.0,60.0,RL,93.0,10261.0,Pave,Grvl,IR1,Lvl,AllPub,Inside,Gtl,Gilbert,Norm,Norm,1Fam,2Story,6.0,5.0,2000.0,2000.0,Gable,CompShg,VinylSd,VinylSd,BrkFace,318.0,TA,TA,PConc,Gd,TA,No,Unf,0.0,Unf,0.0,936.0,936.0,GasA,Ex,Y,SBrkr,962.0,830.0,0.0,1792.0,1.0,0.0,2.0,1.0,3.0,1.0,TA,8.0,Typ,1.0,TA,Attchd,2000.0,Fin,2.0,451.0,TA,TA,Y,0.0,0.0,0.0,0.0,0.0,0.0,Gd,MnPrv,Shed,0.0,5.0,2008.0,WD,Normal,186500.0,0.18604565444586563,3.0,高
1435.0,20.0,RL,80.0,17400.0,Pave,Grvl,Reg,Low,AllPub,Inside,Mod,Mitchel,Norm,Norm,1Fam,1Story,5.0,5.0,1977.0,1977.0,Gable,CompShg,BrkFace,BrkFace,BrkFace,0.0,TA,TA,CBlock,TA,TA,No,ALQ,936.0,Unf,0.0,190.0,1126.0,GasA,Fa,Y,SBrkr,1126.0,0.0,0.0,1126.0,1.0,0.0,2.0,0.0,3.0,1.0,TA,5.0,Typ,1.0,Gd,Attchd,1977.0,RFn,2.0,484.0,TA,TA,P,295.0,41.0,0.0,0.0,0.0,0.0,Gd,MnPrv,Shed,0.0,5.0,2006.0,WD,Normal,160000.0,-0.21955744419151502,2.0,中
1436.0,20.0,RL,80.0,8400.0,Pave,Grvl,Reg,Lvl,AllPub,Inside,Gtl,NAmes,Norm,Norm,1Fam,1Story,6.0,9.0,1962.0,2005.0,Gable,CompShg,Wd Sdng,Wd Sdng,BrkFace,237.0,Gd,Gd,CBlock,TA,TA,No,Unf,0.0,Unf,0.0,1319.0,1319.0,GasA,TA,Y,SBrkr,1537.0,0.0,0.0,1537.0,1.0,0.0,1.0,1.0,3.0,1.0,Gd,7.0,Typ,1.0,Gd,Attchd,1962.0,RFn,2.0,462.0,TA,TA,Y,0.0,36.0,0.0,0.0,0.0,0.0,Gd,GdPrv,Shed,0.0,7.0,2008.0,COD,Abnorml,174000.0,-0.005276561892521462,3.0,高
1437.0,20.0,RL,60.0,9000.0,Pave,Grvl,Reg,Lvl,AllPub,FR2,Gtl,NAmes,Norm,Norm,1Fam,1Story,4.0,6.0,1971.0,1971.0,Gable,CompShg,HdBoard,HdBoard,BrkFace,0.0,TA,TA,PConc,TA,TA,No,ALQ,616.0,Unf,0.0,248.0,864.0,GasA,TA,Y,SBrkr,864.0,0.0,0.0,864.0,0.0,0.0,1.0,0.0,3.0,1.0,TA,5.0,Typ,0.0,Gd,Detchd,1974.0,Unf,2.0,528.0,TA,TA,Y,0.0,0.0,0.0,0.0,0.0,0.0,Gd,GdWo,Shed,0.0,5.0,2007.0,WD,Normal,120500.0,-0.8241356478208182,0.0,极低
1438.0,20.0,RL,96.0,12444.0,Pave,Grvl,Reg,Lvl,AllPub,FR2,Gtl,NridgHt,Norm,Norm,1Fam,1Story,8.0,5.0,2008.0,2008.0,Hip,CompShg,VinylSd,VinylSd,Stone,426.0,Ex,TA,PConc,Ex,TA,Av,GLQ,1336.0,Unf,0.0,596.0,1932.0,GasA,Ex,Y,SBrkr,1932.0,0.0,0.0,1932.0,1.0,0.0,2.0,0.0,2.0,1.0,Ex,7.0,Typ,1.0,Gd,Attchd,2008.0,Fin,3.0,774.0,TA,TA,Y,0.0,66.0,0.0,304.0,0.0,0.0,Gd,MnPrv,Shed,0.0,11.0,2008.0,New,Partial,394617.0,3.371438110261554,4.0,极高
1439.0,20.0,RM,90.0,7407.0,Pave,Grvl,Reg,Lvl,AllPub,Inside,Gtl,OldTown,Artery,Norm,1Fam,1Story,6.0,7.0,1957.0,1996.0,Gable,CompShg,MetalSd,MetalSd,BrkFace,0.0,TA,TA,CBlock,TA,TA,No,GLQ,600.0,Unf,0.0,312.0,912.0,GasA,TA,Y,FuseA,1236.0,0.0,0.0,1236.0,1.0,0.0,1.0,0.0,2.0,1.0,TA,6.0,Typ,0.0,Gd,Attchd,1957.0,Unf,2.0,923.0,TA,TA,Y,0.0,158.0,158.0,0.0,0.0,0.0,Gd,MnPrv,Shed,0.0,4.0,2010.0,WD,Normal,149700.0,-0.377206950454346,1.0,低
1440.0,60.0,RL,80.0,11584.0,Pave,Grvl,Reg,Lvl,AllPub,Inside,Gtl,NWAmes,Norm,Norm,1Fam,SLvl,7.0,6.0,1979.0,1979.0,Hip,CompShg,HdBoard,HdBoard,BrkFace,96.0,TA,TA,CBlock,TA,TA,No,GLQ,315.0,Rec,110.0,114.0,539.0,GasA,TA,Y,SBrkr,1040.0,685.0,0.0,1725.0,0.0,0.0,2.0,1.0,3.0,1.0,TA,6.0,Typ,1.0,TA,Attchd,1979.0,RFn,2.0,550.0,TA,TA,Y,0.0,88.0,216.0,0.0,0.0,0.0,Gd,MnPrv,Shed,0.0,11.0,2007.0,WD,Normal,197000.0,0.34675631617011077,3.0,高
1441.0,70.0,RL,79.0,11526.0,Pave,Grvl,IR1,Bnk,AllPub,Inside,Mod,Crawfor,Norm,Norm,1Fam,2.5Fin,6.0,7.0,1922.0,1994.0,Gable,CompShg,MetalSd,MetalSd,BrkFace,0.0,TA,TA,BrkTil,Ex,TA,No,Unf,0.0,Unf,0.0,588.0,588.0,GasA,Fa,Y,SBrkr,1423.0,748.0,384.0,2555.0,0.0,0.0,2.0,0.0,3.0,1.0,TA,11.0,Min1,1.0,Gd,Detchd,1993.0,Fin,2.0,672.0,TA,TA,Y,431.0,0.0,0.0,0.0,0.0,0.0,Gd,MnPrv,Shed,0.0,9.0,2008.0,WD,Normal,191000.0,0.254921652327685,3.0,高
1442.0,120.0,RM,34.2,4426.0,Pave,Grvl,Reg,Lvl,AllPub,Inside,Gtl,CollgCr,Norm,Norm,TwnhsE,1Story,6.0,5.0,2004.0,2004.0,Gable,CompShg,VinylSd,VinylSd,BrkFace,147.0,Gd,TA,PConc,Gd,TA,Av,GLQ,697.0,Unf,0.0,151.0,848.0,GasA,Ex,Y,SBrkr,848.0,0.0,0.0,848.0,1.0,0.0,1.0,0.0,1.0,1.0,Gd,3.0,Typ,1.0,TA,Attchd,2004.0,RFn,2.0,420.0,TA,TA,Y,149.0,0.0,0.0,0.0,0.0,0.0,Gd,MnPrv,Shed,0.0,5.0,2008.0,WD,Normal,149300.0,-0.3833292613771744,1.0,低
1443.0,60.0,FV,85.0,11003.0,Pave,Grvl,Reg,Lvl,AllPub,Inside,Gtl,Somerst,Norm,Norm,1Fam,2Story,10.0,5.0,2008.0,2008.0,Gable,CompShg,VinylSd,VinylSd,Stone,160.0,Ex,TA,PConc,Ex,TA,Av,GLQ,765.0,Unf,0.0,252.0,1017.0,GasA,Ex,Y,SBrkr,1026.0,981.0,0.0,2007.0,1.0,0.0,2.0,1.0,3.0,1.0,Ex,10.0,Typ,1.0,Ex,Attchd,2008.0,Fin,3.0,812.0,TA,TA,Y,168.0,52.0,0.0,0.0,0.0,0.0,Gd,MnPrv,Shed,0.0,4.0,2009.0,WD,Normal,310000.0,2.07630915186913,4.0,极高
1444.0,30.0,RL,60.2,8854.0,Pave,Grvl,Reg,Lvl,AllPub,Inside,Gtl,BrkSide,Norm,Norm,1Fam,1.5Unf,6.0,6.0,1916.0,1950.0,Gable,CompShg,Wd Sdng,Wd Sdng,BrkFace,0.0,TA,TA,BrkTil,TA,TA,No,Unf,0.0,Unf,0.0,952.0,952.0,Grav,Fa,N,FuseF,952.0,0.0,0.0,952.0,0.0,0.0,1.0,0.0,2.0,1.0,Fa,4.0,Typ,1.0,Gd,Detchd,1916.0,Unf,1.0,192.0,Fa,Po,P,0.0,98.0,0.0,0.0,40.0,0.0,Gd,MnPrv,Shed,0.0,5.0,2009.0,WD,Normal,121000.0,-0.8164827591672827,0.0,极低
1445.0,20.0,RL,63.0,8500.0,Pave,Grvl,Reg,Lvl,AllPub,FR2,Gtl,CollgCr,Norm,Norm,1Fam,1Story,7.0,5.0,2004.0,2004.0,Gable,CompShg,VinylSd,VinylSd,BrkFace,106.0,Gd,TA,PConc,Gd,TA,Av,Unf,0.0,Unf,0.0,1422.0,1422.0,GasA,Ex,Y,SBrkr,1422.0,0.0,0.0,1422.0,0.0,0.0,2.0,0.0,3.0,1.0,Gd,7.0,Typ,0.0,Gd,Attchd,2004.0,RFn,2.0,626.0,TA,TA,Y,192.0,60.0,0.0,0.0,0.0,0.0,Gd,MnPrv,Shed,0.0,11.0,2007.0,WD,Normal,179600.0,0.08043579102707596,3.0,高
730.5,50.0,RL,70.0,9478.5,Pave,Grvl,Reg,Lvl,AllPub,Inside,Gtl,Sawyer,Norm,Norm,1Fam,SFoyer,6.0,5.0,1973.0,1994.0,Gable,CompShg,VinylSd,VinylSd,BrkFace,0.0,TA,TA,CBlock,TA,TA,Gd,LwQ,383.5,Rec,0.0,477.5,991.5,GasA,Gd,Y,SBrkr,1087.0,0.0,0.0,1464.0,0.0,0.0,2.0,0.0,3.0,1.0,TA,6.0,Typ,1.0,Gd,Detchd,1978.0,Unf,2.0,480.0,TA,TA,Y,0.0,25.0,0.0,0.0,0.0,0.0,Gd,MnPrv,Shed,0.0,6.0,2008.0,WD,Normal,163000.0,-0.1736401122703021,2.0,中
1447.0,20.0,RL,90.0,26142.0,Pave,Grvl,IR1,Lvl,AllPub,CulDSac,Gtl,Mitchel,Norm,Norm,1Fam,1Story,5.0,7.0,1962.0,1962.0,Gable,CompShg,HdBoard,HdBoard,BrkFace,189.0,TA,TA,CBlock,TA,TA,No,Rec,593.0,Unf,0.0,595.0,1188.0,GasA,TA,Y,SBrkr,1188.0,0.0,0.0,1188.0,0.0,0.0,1.0,0.0,3.0,1.0,TA,6.0,Typ,0.0,Gd,Attchd,1962.0,Unf,1.0,312.0,TA,TA,P,261.0,39.0,0.0,0.0,0.0,0.0,Gd,MnPrv,Shed,0.0,4.0,2010.0,WD,Normal,157900.0,-0.25169957653636404,2.0,中
1448.0,60.0,RL,80.0,10000.0,Pave,Grvl,Reg,Lvl,AllPub,Inside,Gtl,CollgCr,Norm,Norm,1Fam,2Story,8.0,5.0,1995.0,1996.0,Gable,CompShg,VinylSd,VinylSd,BrkFace,438.0,Gd,TA,PConc,Gd,TA,No,GLQ,1079.0,Unf,0.0,141.0,1220.0,GasA,Ex,Y,SBrkr,1220.0,870.0,0.0,2090.0,1.0,0.0,2.0,1.0,3.0,1.0,Gd,8.0,Typ,1.0,TA,Attchd,1995.0,RFn,2.0,556.0,TA,TA,Y,0.0,65.0,0.0,0.0,0.0,0.0,Gd,MnPrv,Shed,0.0,12.0,2007.0,WD,Normal,240000.0,1.0049047403741624,4.0,极高
1449.0,50.0,RL,70.0,11767.0,Pave,Grvl,Reg,Lvl,AllPub,Inside,Gtl,Edwards,Norm,Norm,1Fam,2Story,4.0,7.0,1910.0,2000.0,Gable,CompShg,MetalSd,HdBoard,BrkFace,0.0,TA,TA,CBlock,Fa,TA,No,Unf,0.0,Unf,0.0,560.0,560.0,GasA,Gd,N,SBrkr,796.0,550.0,0.0,1346.0,0.0,0.0,1.0,1.0,2.0,1.0,TA,6.0,Min2,0.0,Gd,Detchd,1950.0,Unf,1.0,384.0,Fa,TA,Y,168.0,24.0,0.0,0.0,0.0,0.0,Gd,GdWo,Shed,0.0,5.0,2007.0,WD,Normal,112000.0,-0.9542347549309215,0.0,极低
1450.0,180.0,RM,21.0,1533.0,Pave,Grvl,Reg,Lvl,AllPub,Inside,Gtl,MeadowV,Norm,Norm,Twnhs,SFoyer,5.0,7.0,1970.0,1970.0,Gable,CompShg,CemntBd,CmentBd,BrkFace,0.0,TA,TA,CBlock,Gd,TA,Av,GLQ,553.0,Unf,0.0,77.0,630.0,GasA,Ex,Y,SBrkr,630.0,0.0,0.0,630.0,1.0,0.0,1.0,0.0,1.0,1.0,Ex,3.0,Typ,0.0,Gd,Attchd,1975.2,Unf,0.0,0.0,TA,TA,Y,0.0,0.0,0.0,0.0,0.0,0.0,Gd,MnPrv,Shed,0.0,8.0,2006.0,WD,Abnorml,92000.0,-1.2603503010723407,0.0,极低
730.5,50.0,RL,70.0,9478.5,Pave,Grvl,Reg,Lvl,AllPub,FR2,Gtl,NAmes,Norm,Norm,Duplex,2Story,6.0,5.0,1973.0,1994.0,Gable,CompShg,VinylSd,VinylSd,BrkFace,0.0,TA,TA,CBlock,Gd,TA,No,Unf,383.5,Unf,0.0,477.5,991.5,GasA,TA,Y,SBrkr,1087.0,0.0,0.0,1464.0,0.0,0.0,2.0,0.0,3.0,1.0,TA,6.0,Typ,1.0,Gd,Attchd,1978.0,Unf,2.0,480.0,TA,TA,Y,0.0,25.0,0.0,0.0,0.0,0.0,Gd,MnPrv,Shed,0.0,6.0,2008.0,WD,Normal,163000.0,-0.1736401122703021,2.0,中
1452.0,20.0,RL,78.0,9262.0,Pave,Grvl,Reg,Lvl,AllPub,Inside,Gtl,Somerst,Norm,Norm,1Fam,1Story,8.0,5.0,2008.0,2009.0,Gable,CompShg,CemntBd,CmentBd,Stone,194.0,Gd,TA,PConc,Gd,TA,No,Unf,0.0,Unf,0.0,1573.0,1573.0,GasA,Ex,Y,SBrkr,1578.0,0.0,0.0,1578.0,0.0,0.0,2.0,0.0,3.0,1.0,Ex,7.0,Typ,1.0,Gd,Attchd,2008.0,Fin,3.0,840.0,TA,TA,Y,0.0,36.0,0.0,0.0,0.0,0.0,Gd,MnPrv,Shed,0.0,5.0,2009.0,New,Partial,287090.0,1.7256537937641343,4.0,极高
1453.0,180.0,RM,35.0,3675.0,Pave,Grvl,Reg,Lvl,AllPub,Inside,Gtl,Edwards,Norm,Norm,TwnhsE,SLvl,5.0,5.0,2005.0,2005.0,Gable,CompShg,VinylSd,VinylSd,BrkFace,80.0,TA,TA,PConc,Gd,TA,Gd,GLQ,547.0,Unf,0.0,0.0,547.0,GasA,Gd,Y,SBrkr,1072.0,0.0,0.0,1072.0,1.0,0.0,1.0,0.0,2.0,1.0,TA,5.0,Typ,0.0,Gd,Basment,2005.0,Fin,2.0,525.0,TA,TA,Y,0.0,28.0,0.0,0.0,0.0,0.0,Gd,MnPrv,Shed,0.0,5.0,2006.0,WD,Normal,145000.0,-0.4491441037975795,1.0,低
1454.0,20.0,RL,90.0,17217.0,Pave,Grvl,Reg,Lvl,AllPub,Inside,Gtl,Mitchel,Norm,Norm,1Fam,1Story,5.0,5.0,2006.0,2006.0,Gable,CompShg,VinylSd,VinylSd,BrkFace,0.0,TA,TA,PConc,Gd,TA,No,Unf,0.0,Unf,0.0,1140.0,1140.0,GasA,Ex,Y,SBrkr,1140.0,0.0,0.0,1140.0,0.0,0.0,1.0,0.0,3.0,1.0,TA,6.0,Typ,0.0,Gd,Attchd,1967.0,Unf,0.0,0.0,TA,TA,Y,36.0,56.0,0.0,0.0,0.0,0.0,Gd,MnPrv,Shed,0.0,7.0,2006.0,WD,Abnorml,84500.0,-1.375143630875373,0.0,极低
1455.0,20.0,FV,62.0,7500.0,Pave,Pave,Reg,Lvl,AllPub,Inside,Gtl,Somerst,Norm,Norm,1Fam,1Story,7.0,5.0,2004.0,2005.0,Gable,CompShg,VinylSd,VinylSd,BrkFace,0.0,Gd,TA,PConc,Gd,TA,No,GLQ,410.0,Unf,0.0,811.0,1221.0,GasA,Ex,Y,SBrkr,1221.0,0.0,0.0,1221.0,1.0,0.0,2.0,0.0,2.0,1.0,Gd,6.0,Typ,0.0,Gd,Attchd,2004.0,RFn,2.0,400.0,TA,TA,Y,0.0,113.0,0.0,0.0,0.0,0.0,Gd,MnPrv,Shed,0.0,10.0,2009.0,WD,Normal,185000.0,0.16308698848525918,3.0,高
1456.0,60.0,RL,62.0,7917.0,Pave,Grvl,Reg,Lvl,AllPub,Inside,Gtl,Gilbert,Norm,Norm,1Fam,2Story,6.0,5.0,1999.0,2000.0,Gable,CompShg,VinylSd,VinylSd,BrkFace,0.0,TA,TA,PConc,Gd,TA,No,Unf,0.0,Unf,0.0,953.0,953.0,GasA,Ex,Y,SBrkr,953.0,694.0,0.0,1647.0,0.0,0.0,2.0,1.0,3.0,1.0,TA,7.0,Typ,1.0,TA,Attchd,1999.0,RFn,2.0,460.0,TA,TA,Y,0.0,40.0,0.0,0.0,0.0,0.0,Gd,MnPrv,Shed,0.0,8.0,2007.0,WD,Normal,175000.0,0.010029215414549505,3.0,高
1457.0,20.0,RL,85.0,13175.0,Pave,Grvl,Reg,Lvl,AllPub,Inside,Gtl,NWAmes,Norm,Norm,1Fam,1Story,6.0,6.0,1978.0,1988.0,Gable,CompShg,Plywood,Plywood,Stone,119.0,TA,TA,CBlock,Gd,TA,No,ALQ,790.0,Rec,163.0,589.0,1542.0,GasA,TA,Y,SBrkr,2073.0,0.0,0.0,2073.0,1.0,0.0,2.0,0.0,3.0,1.0,TA,7.0,Min1,2.0,TA,Attchd,1978.0,Unf,2.0,500.0,TA,TA,Y,349.0,0.0,0.0,0.0,0.0,0.0,Gd,MnPrv,Shed,0.0,2.0,2010.0,WD,Normal,210000.0,0.5457314211620333,3.0,高
730.5,50.0,RL,70.0,9478.5,Pave,Grvl,Reg,Lvl,AllPub,Inside,Gtl,Crawfor,Norm,Norm,1Fam,2Story,6.0,5.0,1973.0,1994.0,Gable,CompShg,CemntBd,CmentBd,BrkFace,0.0,Ex,Gd,Stone,TA,Gd,No,GLQ,383.5,Unf,0.0,477.5,991.5,GasA,Ex,Y,SBrkr,1087.0,0.0,0.0,1464.0,0.0,0.0,2.0,0.0,3.0,1.0,Gd,6.0,Typ,1.0,Gd,Attchd,1978.0,RFn,2.0,480.0,TA,TA,Y,0.0,25.0,0.0,0.0,0.0,0.0,Gd,GdPrv,Shed,0.0,6.0,2008.0,WD,Normal,163000.0,-0.1736401122703021,2.0,中
1459.0,20.0,RL,68.0,9717.0,Pave,Grvl,Reg,Lvl,AllPub,Inside,Gtl,NAmes,Norm,Norm,1Fam,1Story,5.0,6.0,1950.0,1996.0,Hip,CompShg,MetalSd,MetalSd,BrkFace,0.0,TA,TA,CBlock,TA,TA,Mn,GLQ,49.0,Rec,1029.0,0.0,1078.0,GasA,Gd,Y,FuseA,1078.0,0.0,0.0,1078.0,1.0,0.0,1.0,0.0,2.0,1.0,Gd,5.0,Typ,0.0,Gd,Attchd,1950.0,Unf,1.0,240.0,TA,TA,Y,366.0,0.0,112.0,0.0,0.0,0.0,Gd,MnPrv,Shed,0.0,4.0,2010.0,WD,Normal,142125.0,-0.49314821355540855,1.0,低
1460.0,20.0,RL,75.0,9937.0,Pave,Grvl,Reg,Lvl,AllPub,Inside,Gtl,Edwards,Norm,Norm,1Fam,1Story,5.0,6.0,1965.0,1965.0,Gable,CompShg,HdBoard,HdBoard,BrkFace,0.0,Gd,TA,CBlock,TA,TA,No,BLQ,830.0,LwQ,290.0,136.0,1256.0,GasA,Gd,Y,SBrkr,1256.0,0.0,0.0,1256.0,1.0,0.0,1.0,1.0,3.0,1.0,TA,6.0,Typ,0.0,Gd,Attchd,1965.0,Fin,1.0,276.0,TA,TA,Y,736.0,68.0,0.0,0.0,0.0,0.0,Gd,MnPrv,Shed,0.0,6.0,2008.0,WD,Normal,147500.0,-0.4108796605299021,1.0,低
